post_id	title	url	bpm	scope	source	kind	selector_or_api	property	value	literal	milliseconds	ticks	quantized_milliseconds	replacement	recommendation
140	Light Will Win (Shubh Diwali)	https://kieransimkin.co.uk/light-will-win/	120	page-inline	inline:style:global-styles-inline-css	css	.wpforms-container .wpforms-image-choices-modern label:not(.wpforms-error)	transition	all 0.5s	0.5s	500	16	500	var(--dance-moves-16t)	Replace each fixed duration with the listed --dance-moves-Nt property; when a class/state change must wait for a boundary, trigger it through deferStart/onNextInterval.
140	Light Will Win (Shubh Diwali)	https://kieransimkin.co.uk/light-will-win/	120	page-inline	inline:style:global-styles-inline-css	css	.wpforms-container .wpforms-image-choices-modern .wpforms-image-choices-image:after	transition	all 0.5s	0.5s	500	16	500	var(--dance-moves-16t)	Replace each fixed duration with the listed --dance-moves-Nt property; when a class/state change must wait for a boundary, trigger it through deferStart/onNextInterval.
140	Light Will Win (Shubh Diwali)	https://kieransimkin.co.uk/light-will-win/	120	page-inline	inline:style:global-styles-inline-css	css	div.wpforms-container-full input[type=date],div.wpforms-container-full input[type=datetime],div.wpforms-container-full input[type=datetime-local],div.wpforms-container-full input[…	transition	border 0.15s, box-shadow 0.15s	0.15s	150	5	156.25	var(--dance-moves-5t)	Replace each fixed duration with the listed --dance-moves-Nt property; when a class/state change must wait for a boundary, trigger it through deferStart/onNextInterval.
140	Light Will Win (Shubh Diwali)	https://kieransimkin.co.uk/light-will-win/	120	page-inline	inline:style:global-styles-inline-css	css	div.wpforms-container-full input[type=date],div.wpforms-container-full input[type=datetime],div.wpforms-container-full input[type=datetime-local],div.wpforms-container-full input[…	transition	border 0.15s, box-shadow 0.15s	0.15s	150	5	156.25	var(--dance-moves-5t)	Replace each fixed duration with the listed --dance-moves-Nt property; when a class/state change must wait for a boundary, trigger it through deferStart/onNextInterval.
140	Light Will Win (Shubh Diwali)	https://kieransimkin.co.uk/light-will-win/	120	page-inline	inline:style:global-styles-inline-css	css	div.wpforms-container-full input[type=submit],div.wpforms-container-full button[type=submit],div.wpforms-container-full .wpforms-page-button	transition	all 0.15s ease-in-out	0.15s	150	5	156.25	var(--dance-moves-5t)	Replace each fixed duration with the listed --dance-moves-Nt property; when a class/state change must wait for a boundary, trigger it through deferStart/onNextInterval.
140	Light Will Win (Shubh Diwali)	https://kieransimkin.co.uk/light-will-win/	120	page-inline	inline:style:light-will-win-epk-style	css	.lww-hero::after	animation	lww-hero-beam 7.5s ease-in-out infinite	7.5s	7500	240	7500	var(--dance-moves-240t)	Replace each fixed duration with the listed --dance-moves-Nt property, register the page animation scope, and use a 16- or 64-tick deferred start for beat/bar alignment when audio-driven.
140	Light Will Win (Shubh Diwali)	https://kieransimkin.co.uk/light-will-win/	120	page-inline	inline:style:light-will-win-epk-style	css	.lww-button	transition	transform .2s ease, border-color .2s ease, background .2s ease	.2s	200	6	187.5	var(--dance-moves-6t)	Replace each fixed duration with the listed --dance-moves-Nt property; when a class/state change must wait for a boundary, trigger it through deferStart/onNextInterval.
140	Light Will Win (Shubh Diwali)	https://kieransimkin.co.uk/light-will-win/	120	page-inline	inline:style:light-will-win-epk-style	css	.lww-button	transition	transform .2s ease, border-color .2s ease, background .2s ease	.2s	200	6	187.5	var(--dance-moves-6t)	Replace each fixed duration with the listed --dance-moves-Nt property; when a class/state change must wait for a boundary, trigger it through deferStart/onNextInterval.
140	Light Will Win (Shubh Diwali)	https://kieransimkin.co.uk/light-will-win/	120	page-inline	inline:style:light-will-win-epk-style	css	.lww-button	transition	transform .2s ease, border-color .2s ease, background .2s ease	.2s	200	6	187.5	var(--dance-moves-6t)	Replace each fixed duration with the listed --dance-moves-Nt property; when a class/state change must wait for a boundary, trigger it through deferStart/onNextInterval.
140	Light Will Win (Shubh Diwali)	https://kieransimkin.co.uk/light-will-win/	120	page-inline	inline:style:light-will-win-epk-style	css	.lww-rangoli-band::before	animation	lww-band-spin 72s linear infinite, lww-band-bloom 14s ease-in-out infinite alternate	72s	72000	2304	72000	var(--dance-moves-2304t)	Replace each fixed duration with the listed --dance-moves-Nt property, register the page animation scope, and use a 16- or 64-tick deferred start for beat/bar alignment when audio-driven.
140	Light Will Win (Shubh Diwali)	https://kieransimkin.co.uk/light-will-win/	120	page-inline	inline:style:light-will-win-epk-style	css	.lww-rangoli-band::before	animation	lww-band-spin 72s linear infinite, lww-band-bloom 14s ease-in-out infinite alternate	14s	14000	448	14000	var(--dance-moves-448t)	Replace each fixed duration with the listed --dance-moves-Nt property, register the page animation scope, and use a 16- or 64-tick deferred start for beat/bar alignment when audio-driven.
140	Light Will Win (Shubh Diwali)	https://kieransimkin.co.uk/light-will-win/	120	page-inline	inline:style:light-will-win-epk-style	css	.lww-rangoli-band::after	animation	lww-band-orbit 18s ease-in-out infinite	18s	18000	576	18000	var(--dance-moves-576t)	Replace each fixed duration with the listed --dance-moves-Nt property, register the page animation scope, and use a 16- or 64-tick deferred start for beat/bar alignment when audio-driven.
140	Light Will Win (Shubh Diwali)	https://kieransimkin.co.uk/light-will-win/	120	page-inline	inline:style:light-will-win-epk-style	css	.lww-cover-ring--outer	animation	lww-cover-spin 132s linear infinite	132s	132000	4224	132000	var(--dance-moves-4224t)	Replace each fixed duration with the listed --dance-moves-Nt property, register the page animation scope, and use a 16- or 64-tick deferred start for beat/bar alignment when audio-driven.
140	Light Will Win (Shubh Diwali)	https://kieransimkin.co.uk/light-will-win/	120	page-inline	inline:style:light-will-win-epk-style	css	.lww-cover-ring--middle	animation	lww-cover-spin 108s linear infinite reverse	108s	108000	3456	108000	var(--dance-moves-3456t)	Replace each fixed duration with the listed --dance-moves-Nt property, register the page animation scope, and use a 16- or 64-tick deferred start for beat/bar alignment when audio-driven.
140	Light Will Win (Shubh Diwali)	https://kieransimkin.co.uk/light-will-win/	120	page-inline	inline:style:light-will-win-epk-style	css	.lww-cover-ring--inner	animation	lww-cover-spin 84s linear infinite	84s	84000	2688	84000	var(--dance-moves-2688t)	Replace each fixed duration with the listed --dance-moves-Nt property, register the page animation scope, and use a 16- or 64-tick deferred start for beat/bar alignment when audio-driven.
140	Light Will Win (Shubh Diwali)	https://kieransimkin.co.uk/light-will-win/	120	page-inline	inline:style:light-will-win-epk-style	css	.lww-cover-ring--core	animation	lww-cover-spin 156s linear infinite reverse	156s	156000	4992	156000	var(--dance-moves-4992t)	Replace each fixed duration with the listed --dance-moves-Nt property, register the page animation scope, and use a 16- or 64-tick deferred start for beat/bar alignment when audio-driven.
140	Light Will Win (Shubh Diwali)	https://kieransimkin.co.uk/light-will-win/	120	page-inline	inline:style:light-will-win-epk-style	css	.lww-portal::before, .lww-portal::after	animation	lww-portal-halo 64s linear infinite	64s	64000	2048	64000	var(--dance-moves-2048t)	Replace each fixed duration with the listed --dance-moves-Nt property, register the page animation scope, and use a 16- or 64-tick deferred start for beat/bar alignment when audio-driven.
140	Light Will Win (Shubh Diwali)	https://kieransimkin.co.uk/light-will-win/	120	page-inline	inline:style:light-will-win-epk-style	css	.lww-portal::after	animation-direction	reverse						Replace each fixed duration with the listed --dance-moves-Nt property, register the page animation scope, and use a 16- or 64-tick deferred start for beat/bar alignment when audio-driven.
140	Light Will Win (Shubh Diwali)	https://kieransimkin.co.uk/light-will-win/	120	page-inline	inline:style:light-will-win-epk-style	css	.lww-portal::after	animation-duration	88s	88s	88000	2816	88000	var(--dance-moves-2816t)	Replace each fixed duration with the listed --dance-moves-Nt property, register the page animation scope, and use a 16- or 64-tick deferred start for beat/bar alignment when audio-driven.
140	Light Will Win (Shubh Diwali)	https://kieransimkin.co.uk/light-will-win/	120	page-inline	inline:style:light-will-win-epk-style	css	.lww-portal__outer	animation	lww-portal-drift 90s linear infinite	90s	90000	2880	90000	var(--dance-moves-2880t)	Replace each fixed duration with the listed --dance-moves-Nt property, register the page animation scope, and use a 16- or 64-tick deferred start for beat/bar alignment when audio-driven.
140	Light Will Win (Shubh Diwali)	https://kieransimkin.co.uk/light-will-win/	120	page-inline	inline:style:light-will-win-epk-style	css	.lww-portal__inner	animation	lww-portal-breathe 18s ease-in-out infinite alternate	18s	18000	576	18000	var(--dance-moves-576t)	Replace each fixed duration with the listed --dance-moves-Nt property, register the page animation scope, and use a 16- or 64-tick deferred start for beat/bar alignment when audio-driven.
140	Light Will Win (Shubh Diwali)	https://kieransimkin.co.uk/light-will-win/	120	page-inline	inline:style:light-will-win-epk-style	css	.lww-portal__core	animation	lww-core-pulse 10s ease-in-out infinite	10s	10000	320	10000	var(--dance-moves-320t)	Replace each fixed duration with the listed --dance-moves-Nt property, register the page animation scope, and use a 16- or 64-tick deferred start for beat/bar alignment when audio-driven.
140	Light Will Win (Shubh Diwali)	https://kieransimkin.co.uk/light-will-win/	120	page-inline	inline:style:light-will-win-epk-style	css	.lww-light-path__fill	transition	height .12s linear	.12s	120	4	125	var(--dance-moves-4t)	Replace each fixed duration with the listed --dance-moves-Nt property; when a class/state change must wait for a boundary, trigger it through deferStart/onNextInterval.
140	Light Will Win (Shubh Diwali)	https://kieransimkin.co.uk/light-will-win/	120	page-inline	inline:style:light-will-win-epk-style	css	.lww-light-path__fill	animation	lww-path-flare 1.9s ease-in-out infinite alternate	1.9s	1900	64	2000	var(--dance-moves-64t)	Replace each fixed duration with the listed --dance-moves-Nt property, register the page animation scope, and use a 16- or 64-tick deferred start for beat/bar alignment when audio-driven.
140	Light Will Win (Shubh Diwali)	https://kieransimkin.co.uk/light-will-win/	120	page-inline	inline:style:light-will-win-epk-style	css	.lww-reveal	transition	opacity .75s ease, transform .75s cubic-bezier(.2,.8,.2,1)	.75s	750	32	1000	var(--dance-moves-32t)	Replace each fixed duration with the listed --dance-moves-Nt property; when a class/state change must wait for a boundary, trigger it through deferStart/onNextInterval.
140	Light Will Win (Shubh Diwali)	https://kieransimkin.co.uk/light-will-win/	120	page-inline	inline:style:light-will-win-epk-style	css	.lww-reveal	transition	opacity .75s ease, transform .75s cubic-bezier(.2,.8,.2,1)	.75s	750	32	1000	var(--dance-moves-32t)	Replace each fixed duration with the listed --dance-moves-Nt property; when a class/state change must wait for a boundary, trigger it through deferStart/onNextInterval.
140	Light Will Win (Shubh Diwali)	https://kieransimkin.co.uk/light-will-win/	120	page-inline	inline:style:light-will-win-epk-style	css	.lww-wave i	transition	background .16s ease, box-shadow .16s ease, opacity .16s ease	.16s	160	5	156.25	var(--dance-moves-5t)	Replace each fixed duration with the listed --dance-moves-Nt property; when a class/state change must wait for a boundary, trigger it through deferStart/onNextInterval.
140	Light Will Win (Shubh Diwali)	https://kieransimkin.co.uk/light-will-win/	120	page-inline	inline:style:light-will-win-epk-style	css	.lww-wave i	transition	background .16s ease, box-shadow .16s ease, opacity .16s ease	.16s	160	5	156.25	var(--dance-moves-5t)	Replace each fixed duration with the listed --dance-moves-Nt property; when a class/state change must wait for a boundary, trigger it through deferStart/onNextInterval.
140	Light Will Win (Shubh Diwali)	https://kieransimkin.co.uk/light-will-win/	120	page-inline	inline:style:light-will-win-epk-style	css	.lww-wave i	transition	background .16s ease, box-shadow .16s ease, opacity .16s ease	.16s	160	5	156.25	var(--dance-moves-5t)	Replace each fixed duration with the listed --dance-moves-Nt property; when a class/state change must wait for a boundary, trigger it through deferStart/onNextInterval.
140	Light Will Win (Shubh Diwali)	https://kieransimkin.co.uk/light-will-win/	120	page-inline	inline:style:light-will-win-epk-style	css	.lww-wave.is-playing i.is-lit	animation	lww-wave-glow .72s ease-in-out infinite alternate	.72s	720	16	500	var(--dance-moves-16t)	Replace each fixed duration with the listed --dance-moves-Nt property, register the page animation scope, and use a 16- or 64-tick deferred start for beat/bar alignment when audio-driven.
140	Light Will Win (Shubh Diwali)	https://kieransimkin.co.uk/light-will-win/	120	page-inline	inline:style:light-will-win-epk-style	css	.lww-tilt	transition	transform .3s ease, border-color .3s ease, box-shadow .3s ease	.3s	300	10	312.5	var(--dance-moves-10t)	Replace each fixed duration with the listed --dance-moves-Nt property; when a class/state change must wait for a boundary, trigger it through deferStart/onNextInterval.
140	Light Will Win (Shubh Diwali)	https://kieransimkin.co.uk/light-will-win/	120	page-inline	inline:style:light-will-win-epk-style	css	.lww-tilt	transition	transform .3s ease, border-color .3s ease, box-shadow .3s ease	.3s	300	10	312.5	var(--dance-moves-10t)	Replace each fixed duration with the listed --dance-moves-Nt property; when a class/state change must wait for a boundary, trigger it through deferStart/onNextInterval.
140	Light Will Win (Shubh Diwali)	https://kieransimkin.co.uk/light-will-win/	120	page-inline	inline:style:light-will-win-epk-style	css	.lww-tilt	transition	transform .3s ease, border-color .3s ease, box-shadow .3s ease	.3s	300	10	312.5	var(--dance-moves-10t)	Replace each fixed duration with the listed --dance-moves-Nt property; when a class/state change must wait for a boundary, trigger it through deferStart/onNextInterval.
140	Light Will Win (Shubh Diwali)	https://kieransimkin.co.uk/light-will-win/	120	page-inline	inline:style:light-will-win-epk-style	css	.lww-bio-portrait::before	animation	lww-portrait-orbit 18s linear infinite	18s	18000	576	18000	var(--dance-moves-576t)	Replace each fixed duration with the listed --dance-moves-Nt property, register the page animation scope, and use a 16- or 64-tick deferred start for beat/bar alignment when audio-driven.
140	Light Will Win (Shubh Diwali)	https://kieransimkin.co.uk/light-will-win/	120	page-inline	inline:style:light-will-win-epk-style	css	@media (prefers-reduced-motion: reduce) { .light-will-win-page	scroll-behavior	auto						Keep unchanged; reduced-motion/accessibility override is authoritative.
140	Light Will Win (Shubh Diwali)	https://kieransimkin.co.uk/light-will-win/	120	page-inline	inline:style:light-will-win-epk-style	css	.lww-button, .lww-reveal, .lww-wave i, .lww-tilt, .lww-light-path__fill	transition	none						Keep unchanged; reduced-motion/accessibility override is authoritative.
140	Light Will Win (Shubh Diwali)	https://kieransimkin.co.uk/light-will-win/	120	page-inline	inline:style:light-will-win-epk-style	css	.lww-hero::after, .lww-cover-ring, .lww-rangoli-band::before, .lww-rangoli-band::after, .lww-portal::before, .lww-portal::after, .lww-portal__outer, .lww-portal__inner, .lww-porta…	animation	none						Keep unchanged; reduced-motion/accessibility override is authoritative.
140	Light Will Win (Shubh Diwali)	https://kieransimkin.co.uk/light-will-win/	120	page-inline	inline:style:light-will-win-calendar-style	css	@media(prefers-reduced-motion:reduce){.light-will-win-page .lww-calendar *	transition	none!important						Keep unchanged; reduced-motion/accessibility override is authoritative.
140	Light Will Win (Shubh Diwali)	https://kieransimkin.co.uk/light-will-win/	120	page-inline	inline:style:ks-epk-lyrics-style	css	.ks-epk-lyrics-track summary span[aria-hidden]	transition	transform .2s ease	.2s	200	6	187.5	var(--dance-moves-6t)	Replace each fixed duration with the listed --dance-moves-Nt property; when a class/state change must wait for a boundary, trigger it through deferStart/onNextInterval.
140	Light Will Win (Shubh Diwali)	https://kieransimkin.co.uk/light-will-win/	120	page-inline	inline:style:ks-epk-lyrics-style	css	@media(prefers-reduced-motion:reduce){.ks-epk-lyrics-track summary span[aria-hidden]	transition	none						Keep unchanged; reduced-motion/accessibility override is authoritative.
140	Light Will Win (Shubh Diwali)	https://kieransimkin.co.uk/light-will-win/	120	page-inline	inline:script:light-will-win-live-effects-script	js	requestAnimationFrame		ht); root.style.setProperty('--lww-path-progress', rect.height ? (travelled / rect.height).toFixed(4) : 0); }; const schedulePath = () => { if (!pathFrame) pathFrame = requestAnimationFrame(updatePath); }; updatePath(); addEventListener('scroll', schedulePath, { passive: true }); addEventListener('resize', schedulePath, { passive: true }); const audio = root.querySelector('.lww-player-card audio'); const wave = root.querySelector('.lww-wave'); const bars = wave ? Array.from(wave.querySelectorAll('i')) : []; const …						Keep the audio state driver; move named song moments to DanceMoves.onCue and align optional starts with onNextBeat/onNextBar.
140	Light Will Win (Shubh Diwali)	https://kieransimkin.co.uk/light-will-win/	120	page-inline	inline:script:light-will-win-live-effects-script	js	addEventListener('scroll		t.height ? (travelled / rect.height).toFixed(4) : 0); }; const schedulePath = () => { if (!pathFrame) pathFrame = requestAnimationFrame(updatePath); }; updatePath(); addEventListener('scroll', schedulePath, { passive: true }); addEventListener('resize', schedulePath, { passive: true }); const audio = root.querySelector('.lww-player-card audio'); const wave = root.querySelector('.lww-wave'); const bars = wave ? Array.from(wave.querySelectorAll('i')) : []; const updateWave = () => { if (!audio || !bars.length) retur…						Keep the audio state driver; move named song moments to DanceMoves.onCue and align optional starts with onNextBeat/onNextBar.
140	Light Will Win (Shubh Diwali)	https://kieransimkin.co.uk/light-will-win/	120	page-inline	inline:script:light-will-win-live-effects-script	js	currentTime		uerySelectorAll('i')) : []; const updateWave = () => { if (!audio || !bars.length) return; const progress = Number.isFinite(audio.duration) && audio.duration > 0 ? audio.currentTime / audio.duration : 0; const lit = Math.floor(progress * bars.length); bars.forEach((bar, index) => bar.classList.toggle('is-lit', index <= lit ? (audio.currentTime > 0 || index === 0) : false)); }; if (audio && wave) { ['loadedmetadata', 'timeupdate', 'seeked'].forEach(event => audio.addEventListener(event, updateWave)); audio.addEvent…						Keep the audio state driver; move named song moments to DanceMoves.onCue and align optional starts with onNextBeat/onNextBar.
140	Light Will Win (Shubh Diwali)	https://kieransimkin.co.uk/light-will-win/	120	page-inline	inline:script:light-will-win-live-effects-script	js	currentTime		? audio.currentTime / audio.duration : 0; const lit = Math.floor(progress * bars.length); bars.forEach((bar, index) => bar.classList.toggle('is-lit', index <= lit ? (audio.currentTime > 0 || index === 0) : false)); }; if (audio && wave) { ['loadedmetadata', 'timeupdate', 'seeked'].forEach(event => audio.addEventListener(event, updateWave)); audio.addEventListener('play', () => { wave.classList.add('is-playing'); updateWave(); }); audio.addEventListener('pause', () => wave.classList.remove('is-playing')); audio.add…						Keep the audio state driver; move named song moments to DanceMoves.onCue and align optional starts with onNextBeat/onNextBar.
140	Light Will Win (Shubh Diwali)	https://kieransimkin.co.uk/light-will-win/	120	page-inline	inline:script:light-will-win-live-effects-script	js	addEventListener('play		me > 0 || index === 0) : false)); }; if (audio && wave) { ['loadedmetadata', 'timeupdate', 'seeked'].forEach(event => audio.addEventListener(event, updateWave)); audio.addEventListener('play', () => { wave.classList.add('is-playing'); updateWave(); }); audio.addEventListener('pause', () => wave.classList.remove('is-playing')); audio.addEventListener('ended', () => wave.classList.remove('is-playing')); updateWave(); } const tiltCards = root.querySelectorAll('.lww-player-card, .lww-story-quote, .lww-glass, .lww-cont…						Keep the audio state driver; move named song moments to DanceMoves.onCue and align optional starts with onNextBeat/onNextBar.
140	Light Will Win (Shubh Diwali)	https://kieransimkin.co.uk/light-will-win/	120	page-inline	inline:script:light-will-win-live-effects-script	js	addEventListener('pause		e', 'seeked'].forEach(event => audio.addEventListener(event, updateWave)); audio.addEventListener('play', () => { wave.classList.add('is-playing'); updateWave(); }); audio.addEventListener('pause', () => wave.classList.remove('is-playing')); audio.addEventListener('ended', () => wave.classList.remove('is-playing')); updateWave(); } const tiltCards = root.querySelectorAll('.lww-player-card, .lww-story-quote, .lww-glass, .lww-contact-card, .lww-fact'); tiltCards.forEach(card => card.classList.add('lww-tilt')); if (f…						Keep the audio state driver; move named song moments to DanceMoves.onCue and align optional starts with onNextBeat/onNextBar.
140	Light Will Win (Shubh Diwali)	https://kieransimkin.co.uk/light-will-win/	120	page-inline	inline:script:light-will-win-live-effects-script	js	addEventListener('ended		udio.addEventListener('play', () => { wave.classList.add('is-playing'); updateWave(); }); audio.addEventListener('pause', () => wave.classList.remove('is-playing')); audio.addEventListener('ended', () => wave.classList.remove('is-playing')); updateWave(); } const tiltCards = root.querySelectorAll('.lww-player-card, .lww-story-quote, .lww-glass, .lww-contact-card, .lww-fact'); tiltCards.forEach(card => card.classList.add('lww-tilt')); if (finePointer.matches && !reducedMotion.matches) { tiltCards.forEach(card => { …						Keep the audio state driver; move named song moments to DanceMoves.onCue and align optional starts with onNextBeat/onNextBar.
140	Light Will Win (Shubh Diwali)	https://kieransimkin.co.uk/light-will-win/	120	page-inline	inline:script:light-will-win-live-effects-script	js	addEventListener('pointer		t-card, .lww-fact'); tiltCards.forEach(card => card.classList.add('lww-tilt')); if (finePointer.matches && !reducedMotion.matches) { tiltCards.forEach(card => { card.addEventListener('pointermove', event => { const box = card.getBoundingClientRect(); const x = (event.clientX - box.left) / box.width - .5; const y = (event.clientY - box.top) / box.height - .5; card.style.setProperty('--lww-tilt-x', `${(-y * 3.2).toFixed(2)}deg`); card.style.setProperty('--lww-tilt-y', `${(x * 4.2).toFixed(2)}deg`); }); card.addEvent…						Keep the pointer/scroll/sensor/requestAnimationFrame driver event-based; convert only its visual CSS easing or release duration.
140	Light Will Win (Shubh Diwali)	https://kieransimkin.co.uk/light-will-win/	120	page-inline	inline:script:light-will-win-live-effects-script	js	addEventListener('pointer		; card.style.setProperty('--lww-tilt-x', `${(-y * 3.2).toFixed(2)}deg`); card.style.setProperty('--lww-tilt-y', `${(x * 4.2).toFixed(2)}deg`); }); card.addEventListener('pointerleave', () => { card.style.setProperty('--lww-tilt-x', '0deg'); card.style.setProperty('--lww-tilt-y', '0deg'); }); }); } })();						Keep the pointer/scroll/sensor/requestAnimationFrame driver event-based; convert only its visual CSS easing or release duration.
130	Dying for a Diagnosis	https://kieransimkin.co.uk/dying-for-a-diagnosis/	85	page-inline	inline:style:global-styles-inline-css	css	.wpforms-container .wpforms-image-choices-modern label:not(.wpforms-error)	transition	all 0.5s	0.5s	500	11	485.294	var(--dance-moves-11t)	Replace each fixed duration with the listed --dance-moves-Nt property; when a class/state change must wait for a boundary, trigger it through deferStart/onNextInterval.
130	Dying for a Diagnosis	https://kieransimkin.co.uk/dying-for-a-diagnosis/	85	page-inline	inline:style:global-styles-inline-css	css	.wpforms-container .wpforms-image-choices-modern .wpforms-image-choices-image:after	transition	all 0.5s	0.5s	500	11	485.294	var(--dance-moves-11t)	Replace each fixed duration with the listed --dance-moves-Nt property; when a class/state change must wait for a boundary, trigger it through deferStart/onNextInterval.
130	Dying for a Diagnosis	https://kieransimkin.co.uk/dying-for-a-diagnosis/	85	page-inline	inline:style:global-styles-inline-css	css	div.wpforms-container-full input[type=date],div.wpforms-container-full input[type=datetime],div.wpforms-container-full input[type=datetime-local],div.wpforms-container-full input[…	transition	border 0.15s, box-shadow 0.15s	0.15s	150	3	132.353	var(--dance-moves-3t)	Replace each fixed duration with the listed --dance-moves-Nt property; when a class/state change must wait for a boundary, trigger it through deferStart/onNextInterval.
130	Dying for a Diagnosis	https://kieransimkin.co.uk/dying-for-a-diagnosis/	85	page-inline	inline:style:global-styles-inline-css	css	div.wpforms-container-full input[type=date],div.wpforms-container-full input[type=datetime],div.wpforms-container-full input[type=datetime-local],div.wpforms-container-full input[…	transition	border 0.15s, box-shadow 0.15s	0.15s	150	3	132.353	var(--dance-moves-3t)	Replace each fixed duration with the listed --dance-moves-Nt property; when a class/state change must wait for a boundary, trigger it through deferStart/onNextInterval.
130	Dying for a Diagnosis	https://kieransimkin.co.uk/dying-for-a-diagnosis/	85	page-inline	inline:style:global-styles-inline-css	css	div.wpforms-container-full input[type=submit],div.wpforms-container-full button[type=submit],div.wpforms-container-full .wpforms-page-button	transition	all 0.15s ease-in-out	0.15s	150	3	132.353	var(--dance-moves-3t)	Replace each fixed duration with the listed --dance-moves-Nt property; when a class/state change must wait for a boundary, trigger it through deferStart/onNextInterval.
130	Dying for a Diagnosis	https://kieransimkin.co.uk/dying-for-a-diagnosis/	85	page-inline	inline:style:10	css	.dfad-motion-stage:before	animation	dfad-ambient-drift 24s ease-in-out infinite alternate	24s	24000	544	24000	var(--dance-moves-544t)	Replace each fixed duration with the listed --dance-moves-Nt property, register the page animation scope, and use a 16- or 64-tick deferred start for beat/bar alignment when audio-driven.
130	Dying for a Diagnosis	https://kieransimkin.co.uk/dying-for-a-diagnosis/	85	page-inline	inline:style:10	css	.dfad-motion-stage .dfad-cover	transition	transform .72s cubic-bezier(.2,.8,.2,1),opacity .7s ease	.72s	720	16	705.882	var(--dance-moves-16t)	Replace each fixed duration with the listed --dance-moves-Nt property; when a class/state change must wait for a boundary, trigger it through deferStart/onNextInterval.
130	Dying for a Diagnosis	https://kieransimkin.co.uk/dying-for-a-diagnosis/	85	page-inline	inline:style:10	css	.dfad-motion-stage .dfad-cover	transition	transform .72s cubic-bezier(.2,.8,.2,1),opacity .7s ease	.7s	700	16	705.882	var(--dance-moves-16t)	Replace each fixed duration with the listed --dance-moves-Nt property; when a class/state change must wait for a boundary, trigger it through deferStart/onNextInterval.
130	Dying for a Diagnosis	https://kieransimkin.co.uk/dying-for-a-diagnosis/	85	page-inline	inline:style:10	css	.dfad-motion-stage .dfad-cover:before	animation	dfad-metal-pass 6.4s .6s cubic-bezier(.2,.65,.2,1) infinite	6.4s	6400	144	6352.941	var(--dance-moves-144t)	Replace each fixed duration with the listed --dance-moves-Nt property, register the page animation scope, and use a 16- or 64-tick deferred start for beat/bar alignment when audio-driven.
130	Dying for a Diagnosis	https://kieransimkin.co.uk/dying-for-a-diagnosis/	85	page-inline	inline:style:10	css	.dfad-motion-stage .dfad-cover:before	animation	dfad-metal-pass 6.4s .6s cubic-bezier(.2,.65,.2,1) infinite	.6s	600	14	617.647	var(--dance-moves-14t)	Replace each fixed duration with the listed --dance-moves-Nt property, register the page animation scope, and use a 16- or 64-tick deferred start for beat/bar alignment when audio-driven.
130	Dying for a Diagnosis	https://kieransimkin.co.uk/dying-for-a-diagnosis/	85	page-inline	inline:style:10	css	.dfad-motion-stage .dfad-preview	transition	border-color .35s ease,box-shadow .35s ease,transform .35s ease	.35s	350	8	352.941	var(--dance-moves-8t)	Replace each fixed duration with the listed --dance-moves-Nt property; when a class/state change must wait for a boundary, trigger it through deferStart/onNextInterval.
130	Dying for a Diagnosis	https://kieransimkin.co.uk/dying-for-a-diagnosis/	85	page-inline	inline:style:10	css	.dfad-motion-stage .dfad-preview	transition	border-color .35s ease,box-shadow .35s ease,transform .35s ease	.35s	350	8	352.941	var(--dance-moves-8t)	Replace each fixed duration with the listed --dance-moves-Nt property; when a class/state change must wait for a boundary, trigger it through deferStart/onNextInterval.
130	Dying for a Diagnosis	https://kieransimkin.co.uk/dying-for-a-diagnosis/	85	page-inline	inline:style:10	css	.dfad-motion-stage .dfad-preview	transition	border-color .35s ease,box-shadow .35s ease,transform .35s ease	.35s	350	8	352.941	var(--dance-moves-8t)	Replace each fixed duration with the listed --dance-moves-Nt property; when a class/state change must wait for a boundary, trigger it through deferStart/onNextInterval.
130	Dying for a Diagnosis	https://kieransimkin.co.uk/dying-for-a-diagnosis/	85	page-inline	inline:style:10	css	.dfad-motion-stage .dfad-hero-hold span	animation	dfad-hold-label 2.6s ease-in-out infinite	2.6s	2600	64	2823.529	var(--dance-moves-64t)	Replace each fixed duration with the listed --dance-moves-Nt property, register the page animation scope, and use a 16- or 64-tick deferred start for beat/bar alignment when audio-driven.
130	Dying for a Diagnosis	https://kieransimkin.co.uk/dying-for-a-diagnosis/	85	page-inline	inline:style:10	css	.dfad-motion-stage .dfad-hero-hold i:before	animation	dfad-hold-sweep 3.6s cubic-bezier(.32,.05,.18,1) infinite	3.6s	3600	80	3529.412	var(--dance-moves-80t)	Replace each fixed duration with the listed --dance-moves-Nt property, register the page animation scope, and use a 16- or 64-tick deferred start for beat/bar alignment when audio-driven.
130	Dying for a Diagnosis	https://kieransimkin.co.uk/dying-for-a-diagnosis/	85	page-inline	inline:style:10	css	.dfad-motion-stage .dfad-signal.is-visible .dfad-signal-trace	animation	dfad-heartbeat-travel 3.6s linear infinite	3.6s	3600	80	3529.412	var(--dance-moves-80t)	Replace each fixed duration with the listed --dance-moves-Nt property, register the page animation scope, and use a 16- or 64-tick deferred start for beat/bar alignment when audio-driven.
130	Dying for a Diagnosis	https://kieransimkin.co.uk/dying-for-a-diagnosis/	85	page-inline	inline:style:10	css	.dfad-motion-stage .dfad-art-break img	transition	filter .5s ease,opacity .5s ease	.5s	500	11	485.294	var(--dance-moves-11t)	Replace each fixed duration with the listed --dance-moves-Nt property; when a class/state change must wait for a boundary, trigger it through deferStart/onNextInterval.
130	Dying for a Diagnosis	https://kieransimkin.co.uk/dying-for-a-diagnosis/	85	page-inline	inline:style:10	css	.dfad-motion-stage .dfad-art-break img	transition	filter .5s ease,opacity .5s ease	.5s	500	11	485.294	var(--dance-moves-11t)	Replace each fixed duration with the listed --dance-moves-Nt property; when a class/state change must wait for a boundary, trigger it through deferStart/onNextInterval.
130	Dying for a Diagnosis	https://kieransimkin.co.uk/dying-for-a-diagnosis/	85	page-inline	inline:style:10	css	.dfad-motion-stage .dfad-card,.dfad-motion-stage .dfad-links a,.dfad-motion-stage .dfad-button	transition	transform .28s ease,border-color .28s ease,background-color .28s ease,box-shadow .28s ease	.28s	280	6	264.706	var(--dance-moves-6t)	Replace each fixed duration with the listed --dance-moves-Nt property; when a class/state change must wait for a boundary, trigger it through deferStart/onNextInterval.
130	Dying for a Diagnosis	https://kieransimkin.co.uk/dying-for-a-diagnosis/	85	page-inline	inline:style:10	css	.dfad-motion-stage .dfad-card,.dfad-motion-stage .dfad-links a,.dfad-motion-stage .dfad-button	transition	transform .28s ease,border-color .28s ease,background-color .28s ease,box-shadow .28s ease	.28s	280	6	264.706	var(--dance-moves-6t)	Replace each fixed duration with the listed --dance-moves-Nt property; when a class/state change must wait for a boundary, trigger it through deferStart/onNextInterval.
130	Dying for a Diagnosis	https://kieransimkin.co.uk/dying-for-a-diagnosis/	85	page-inline	inline:style:10	css	.dfad-motion-stage .dfad-card,.dfad-motion-stage .dfad-links a,.dfad-motion-stage .dfad-button	transition	transform .28s ease,border-color .28s ease,background-color .28s ease,box-shadow .28s ease	.28s	280	6	264.706	var(--dance-moves-6t)	Replace each fixed duration with the listed --dance-moves-Nt property; when a class/state change must wait for a boundary, trigger it through deferStart/onNextInterval.
130	Dying for a Diagnosis	https://kieransimkin.co.uk/dying-for-a-diagnosis/	85	page-inline	inline:style:10	css	.dfad-motion-stage .dfad-card,.dfad-motion-stage .dfad-links a,.dfad-motion-stage .dfad-button	transition	transform .28s ease,border-color .28s ease,background-color .28s ease,box-shadow .28s ease	.28s	280	6	264.706	var(--dance-moves-6t)	Replace each fixed duration with the listed --dance-moves-Nt property; when a class/state change must wait for a boundary, trigger it through deferStart/onNextInterval.
130	Dying for a Diagnosis	https://kieransimkin.co.uk/dying-for-a-diagnosis/	85	page-inline	inline:style:10	css	.dfad-motion-ready [data-reveal]:not([data-tilt])	transition	opacity .74s ease,transform .82s cubic-bezier(.2,.72,.2,1)	.74s	740	16	705.882	var(--dance-moves-16t)	Replace each fixed duration with the listed --dance-moves-Nt property; when a class/state change must wait for a boundary, trigger it through deferStart/onNextInterval.
130	Dying for a Diagnosis	https://kieransimkin.co.uk/dying-for-a-diagnosis/	85	page-inline	inline:style:10	css	.dfad-motion-ready [data-reveal]:not([data-tilt])	transition	opacity .74s ease,transform .82s cubic-bezier(.2,.72,.2,1)	.82s	820	16	705.882	var(--dance-moves-16t)	Replace each fixed duration with the listed --dance-moves-Nt property; when a class/state change must wait for a boundary, trigger it through deferStart/onNextInterval.
130	Dying for a Diagnosis	https://kieransimkin.co.uk/dying-for-a-diagnosis/	85	page-inline	inline:style:10	css	.dfad-motion-ready [data-reveal]:not([data-tilt])	transition-delay	var(--reveal-delay,0ms)	0ms	0				Replace the literal/variable with a DanceMoves tick property; use deferStart or onNextInterval when the delay represents musical boundary alignment rather than phase staggering.
130	Dying for a Diagnosis	https://kieransimkin.co.uk/dying-for-a-diagnosis/	85	page-inline	inline:style:10	css	.dfad-motion-ready .dfad-stamp.is-stamped	animation	dfad-stamp-impact .66s cubic-bezier(.18,.84,.2,1.15) forwards	.66s	660	15	661.765	var(--dance-moves-15t)	Replace each fixed duration with the listed --dance-moves-Nt property, register the page animation scope, and use a 16- or 64-tick deferred start for beat/bar alignment when audio-driven.
130	Dying for a Diagnosis	https://kieransimkin.co.uk/dying-for-a-diagnosis/	85	page-inline	inline:style:10	css	@media(prefers-reduced-motion:no-preference){ .dfad-motion-stage:not(.dfad-motion-ready) .dfad-cover	animation	dfad-public-cover-drift 6s ease-in-out infinite alternate	6s	6000	144	6352.941	var(--dance-moves-144t)	Replace each fixed duration with the listed --dance-moves-Nt property, register the page animation scope, and use a 16- or 64-tick deferred start for beat/bar alignment when audio-driven.
130	Dying for a Diagnosis	https://kieransimkin.co.uk/dying-for-a-diagnosis/	85	page-inline	inline:style:10	css	.dfad-motion-stage:not(.dfad-motion-ready) .dfad-signal .dfad-signal-trace	animation	dfad-heartbeat-travel 3.6s linear infinite	3.6s	3600	80	3529.412	var(--dance-moves-80t)	Replace each fixed duration with the listed --dance-moves-Nt property, register the page animation scope, and use a 16- or 64-tick deferred start for beat/bar alignment when audio-driven.
130	Dying for a Diagnosis	https://kieransimkin.co.uk/dying-for-a-diagnosis/	85	page-inline	inline:style:10	css	.dfad-motion-stage:not(.dfad-motion-ready) .dfad-art-break img	animation	dfad-public-art-breathe 9s ease-in-out infinite alternate	9s	9000	208	9176.471	var(--dance-moves-208t)	Replace each fixed duration with the listed --dance-moves-Nt property, register the page animation scope, and use a 16- or 64-tick deferred start for beat/bar alignment when audio-driven.
130	Dying for a Diagnosis	https://kieransimkin.co.uk/dying-for-a-diagnosis/	85	page-inline	inline:style:10	css	.dfad-motion-stage:not(.dfad-motion-ready) .dfad-preview	animation	dfad-public-preview-hold 5.5s ease-in-out infinite	5.5s	5500	128	5647.059	var(--dance-moves-128t)	Replace each fixed duration with the listed --dance-moves-Nt property, register the page animation scope, and use a 16- or 64-tick deferred start for beat/bar alignment when audio-driven.
130	Dying for a Diagnosis	https://kieransimkin.co.uk/dying-for-a-diagnosis/	85	page-inline	inline:style:10	css	.dfad-motion-stage:not(.dfad-motion-ready) .dfad-preview	animation-timeline	view())						Keep as scroll/view-driven behavior; convert only any accompanying fixed visual duration.
130	Dying for a Diagnosis	https://kieransimkin.co.uk/dying-for-a-diagnosis/	85	page-inline	inline:style:10	css	@supports (animation-timeline:view()){ .dfad-motion-stage:not(.dfad-motion-ready) [data-reveal]:not([data-tilt])	animation	dfad-public-view-reveal linear both						Replace each fixed duration with the listed --dance-moves-Nt property, register the page animation scope, and use a 16- or 64-tick deferred start for beat/bar alignment when audio-driven.
130	Dying for a Diagnosis	https://kieransimkin.co.uk/dying-for-a-diagnosis/	85	page-inline	inline:style:10	css	@supports (animation-timeline:view()){ .dfad-motion-stage:not(.dfad-motion-ready) [data-reveal]:not([data-tilt])	animation-timeline	view()						Keep as scroll/view-driven behavior; convert only any accompanying fixed visual duration.
130	Dying for a Diagnosis	https://kieransimkin.co.uk/dying-for-a-diagnosis/	85	page-inline	inline:style:10	css	@supports (animation-timeline:view()){ .dfad-motion-stage:not(.dfad-motion-ready) [data-reveal]:not([data-tilt])	animation-range	entry 0% entry 34%						Keep as scroll/view-driven behavior; convert only any accompanying fixed visual duration.
130	Dying for a Diagnosis	https://kieransimkin.co.uk/dying-for-a-diagnosis/	85	page-inline	inline:style:10	css	.dfad-motion-stage:not(.dfad-motion-ready) .dfad-stamp	animation	dfad-stamp-impact linear both						Replace each fixed duration with the listed --dance-moves-Nt property, register the page animation scope, and use a 16- or 64-tick deferred start for beat/bar alignment when audio-driven.
130	Dying for a Diagnosis	https://kieransimkin.co.uk/dying-for-a-diagnosis/	85	page-inline	inline:style:10	css	.dfad-motion-stage:not(.dfad-motion-ready) .dfad-stamp	animation-timeline	view()						Keep as scroll/view-driven behavior; convert only any accompanying fixed visual duration.
130	Dying for a Diagnosis	https://kieransimkin.co.uk/dying-for-a-diagnosis/	85	page-inline	inline:style:10	css	.dfad-motion-stage:not(.dfad-motion-ready) .dfad-stamp	animation-range	entry 0% entry 38%						Keep as scroll/view-driven behavior; convert only any accompanying fixed visual duration.
130	Dying for a Diagnosis	https://kieransimkin.co.uk/dying-for-a-diagnosis/	85	page-inline	inline:style:10	css	@media(prefers-reduced-motion:reduce){.dfad-motion-stage:before,.dfad-motion-stage .dfad-cover,.dfad-motion-stage .dfad-cover:before,.dfad-motion-stage .dfad-signal-trace,.dfad-mo…	animation	none!important						Keep unchanged; reduced-motion/accessibility override is authoritative.
130	Dying for a Diagnosis	https://kieransimkin.co.uk/dying-for-a-diagnosis/	85	page-inline	inline:style:10	css	.dfad-motion-stage *	scroll-behavior	auto!important						Keep unchanged; reduced-motion/accessibility override is authoritative.
130	Dying for a Diagnosis	https://kieransimkin.co.uk/dying-for-a-diagnosis/	85	page-inline	inline:style:10	css	.dfad-motion-ready [data-reveal],.dfad-motion-ready [data-tilt][data-reveal],.dfad-motion-ready .dfad-stamp	transition	none!important						Keep unchanged; reduced-motion/accessibility override is authoritative.
130	Dying for a Diagnosis	https://kieransimkin.co.uk/dying-for-a-diagnosis/	85	page-inline	inline:style:10	css	.dfad-motion-stage .dfad-card,.dfad-motion-stage .dfad-links a,.dfad-motion-stage .dfad-button,.dfad-motion-stage .dfad-preview	transition	none!important						Keep unchanged; reduced-motion/accessibility override is authoritative.
130	Dying for a Diagnosis	https://kieransimkin.co.uk/dying-for-a-diagnosis/	85	page-inline	inline:style:dying-for-a-diagnosis-calendar-style	css	@media(prefers-reduced-motion:reduce){.dfad-epk .dfad-calendar *	transition	none!important						Keep unchanged; reduced-motion/accessibility override is authoritative.
130	Dying for a Diagnosis	https://kieransimkin.co.uk/dying-for-a-diagnosis/	85	page-inline	inline:style:ks-epk-lyrics-style	css	.ks-epk-lyrics-track summary span[aria-hidden]	transition	transform .2s ease	.2s	200	5	220.588	var(--dance-moves-5t)	Replace each fixed duration with the listed --dance-moves-Nt property; when a class/state change must wait for a boundary, trigger it through deferStart/onNextInterval.
130	Dying for a Diagnosis	https://kieransimkin.co.uk/dying-for-a-diagnosis/	85	page-inline	inline:style:ks-epk-lyrics-style	css	@media(prefers-reduced-motion:reduce){.ks-epk-lyrics-track summary span[aria-hidden]	transition	none						Keep unchanged; reduced-motion/accessibility override is authoritative.
130	Dying for a Diagnosis	https://kieransimkin.co.uk/dying-for-a-diagnosis/	85	page-inline	inline:attribute:style:2	css-variable	div.dfad-hero-copy	--reveal-delay	120ms	120ms	120	3	132.353	var(--dance-moves-3t)	Replace the literal/variable with a DanceMoves tick property; use deferStart or onNextInterval when the delay represents musical boundary alignment rather than phase staggering.
150	Moderate or Good	https://kieransimkin.co.uk/moderate-or-good/	120	page-inline	inline:style:global-styles-inline-css	css	.wpforms-container .wpforms-image-choices-modern label:not(.wpforms-error)	transition	all 0.5s	0.5s	500	16	500	var(--dance-moves-16t)	Replace each fixed duration with the listed --dance-moves-Nt property; when a class/state change must wait for a boundary, trigger it through deferStart/onNextInterval.
150	Moderate or Good	https://kieransimkin.co.uk/moderate-or-good/	120	page-inline	inline:style:global-styles-inline-css	css	.wpforms-container .wpforms-image-choices-modern .wpforms-image-choices-image:after	transition	all 0.5s	0.5s	500	16	500	var(--dance-moves-16t)	Replace each fixed duration with the listed --dance-moves-Nt property; when a class/state change must wait for a boundary, trigger it through deferStart/onNextInterval.
150	Moderate or Good	https://kieransimkin.co.uk/moderate-or-good/	120	page-inline	inline:style:global-styles-inline-css	css	div.wpforms-container-full input[type=date],div.wpforms-container-full input[type=datetime],div.wpforms-container-full input[type=datetime-local],div.wpforms-container-full input[…	transition	border 0.15s, box-shadow 0.15s	0.15s	150	5	156.25	var(--dance-moves-5t)	Replace each fixed duration with the listed --dance-moves-Nt property; when a class/state change must wait for a boundary, trigger it through deferStart/onNextInterval.
150	Moderate or Good	https://kieransimkin.co.uk/moderate-or-good/	120	page-inline	inline:style:global-styles-inline-css	css	div.wpforms-container-full input[type=date],div.wpforms-container-full input[type=datetime],div.wpforms-container-full input[type=datetime-local],div.wpforms-container-full input[…	transition	border 0.15s, box-shadow 0.15s	0.15s	150	5	156.25	var(--dance-moves-5t)	Replace each fixed duration with the listed --dance-moves-Nt property; when a class/state change must wait for a boundary, trigger it through deferStart/onNextInterval.
150	Moderate or Good	https://kieransimkin.co.uk/moderate-or-good/	120	page-inline	inline:style:global-styles-inline-css	css	div.wpforms-container-full input[type=submit],div.wpforms-container-full button[type=submit],div.wpforms-container-full .wpforms-page-button	transition	all 0.15s ease-in-out	0.15s	150	5	156.25	var(--dance-moves-5t)	Replace each fixed duration with the listed --dance-moves-Nt property; when a class/state change must wait for a boundary, trigger it through deferStart/onNextInterval.
150	Moderate or Good	https://kieransimkin.co.uk/moderate-or-good/	120	page-inline	inline:style:9	css	.mog-swell-a	animation	mog-swell-a 14s ease-in-out infinite	14s	14000	448	14000	var(--dance-moves-448t)	Replace each fixed duration with the listed --dance-moves-Nt property, register the page animation scope, and use a 16- or 64-tick deferred start for beat/bar alignment when audio-driven.
150	Moderate or Good	https://kieransimkin.co.uk/moderate-or-good/	120	page-inline	inline:style:9	css	.mog-swell-b	animation	mog-swell-b 19s ease-in-out infinite reverse	19s	19000	608	19000	var(--dance-moves-608t)	Replace each fixed duration with the listed --dance-moves-Nt property, register the page animation scope, and use a 16- or 64-tick deferred start for beat/bar alignment when audio-driven.
150	Moderate or Good	https://kieransimkin.co.uk/moderate-or-good/	120	page-inline	inline:style:9	css	.mog-swell-c	animation	mog-swell-c 24s ease-in-out infinite	24s	24000	768	24000	var(--dance-moves-768t)	Replace each fixed duration with the listed --dance-moves-Nt property, register the page animation scope, and use a 16- or 64-tick deferred start for beat/bar alignment when audio-driven.
150	Moderate or Good	https://kieransimkin.co.uk/moderate-or-good/	120	page-inline	inline:style:9	css	.mog-spray i	animation	mog-spray var(--d) ease-out var(--delay) infinite						Replace each fixed duration with the listed --dance-moves-Nt property, register the page animation scope, and use a 16- or 64-tick deferred start for beat/bar alignment when audio-driven.
150	Moderate or Good	https://kieransimkin.co.uk/moderate-or-good/	120	page-inline	inline:style:9	css	.mog-fog-a	animation	mog-fog-a 28s ease-in-out infinite	28s	28000	896	28000	var(--dance-moves-896t)	Replace each fixed duration with the listed --dance-moves-Nt property, register the page animation scope, and use a 16- or 64-tick deferred start for beat/bar alignment when audio-driven.
150	Moderate or Good	https://kieransimkin.co.uk/moderate-or-good/	120	page-inline	inline:style:9	css	.mog-fog-b	animation	mog-fog-b 36s ease-in-out infinite reverse	36s	36000	1152	36000	var(--dance-moves-1152t)	Replace each fixed duration with the listed --dance-moves-Nt property, register the page animation scope, and use a 16- or 64-tick deferred start for beat/bar alignment when audio-driven.
150	Moderate or Good	https://kieransimkin.co.uk/moderate-or-good/	120	page-inline	inline:style:9	css	.mog-rain i	animation	mog-rain var(--d) linear var(--delay) infinite						Replace each fixed duration with the listed --dance-moves-Nt property, register the page animation scope, and use a 16- or 64-tick deferred start for beat/bar alignment when audio-driven.
150	Moderate or Good	https://kieransimkin.co.uk/moderate-or-good/	120	page-inline	inline:style:9	css	.mog-hero::before	animation	mog-carrier 10s ease-in-out infinite	10s	10000	320	10000	var(--dance-moves-320t)	Replace each fixed duration with the listed --dance-moves-Nt property, register the page animation scope, and use a 16- or 64-tick deferred start for beat/bar alignment when audio-driven.
150	Moderate or Good	https://kieransimkin.co.uk/moderate-or-good/	120	page-inline	inline:style:9	css	.mog-player	transition	border-color .8s ease,box-shadow .8s ease	.8s	800	32	1000	var(--dance-moves-32t)	Replace each fixed duration with the listed --dance-moves-Nt property; when a class/state change must wait for a boundary, trigger it through deferStart/onNextInterval.
150	Moderate or Good	https://kieransimkin.co.uk/moderate-or-good/	120	page-inline	inline:style:9	css	.mog-player	transition	border-color .8s ease,box-shadow .8s ease	.8s	800	32	1000	var(--dance-moves-32t)	Replace each fixed duration with the listed --dance-moves-Nt property; when a class/state change must wait for a boundary, trigger it through deferStart/onNextInterval.
150	Moderate or Good	https://kieransimkin.co.uk/moderate-or-good/	120	page-inline	inline:style:9	css	.mog-player::before	animation	mog-player-scan 7s ease-in-out infinite	7s	7000	224	7000	var(--dance-moves-224t)	Replace each fixed duration with the listed --dance-moves-Nt property, register the page animation scope, and use a 16- or 64-tick deferred start for beat/bar alignment when audio-driven.
150	Moderate or Good	https://kieransimkin.co.uk/moderate-or-good/	120	page-inline	inline:style:9	css	.mog-player.is-playing::before	animation-duration	2.4s	2.4s	2400	80	2500	var(--dance-moves-80t)	Replace each fixed duration with the listed --dance-moves-Nt property, register the page animation scope, and use a 16- or 64-tick deferred start for beat/bar alignment when audio-driven.
150	Moderate or Good	https://kieransimkin.co.uk/moderate-or-good/	120	page-inline	inline:style:9	css	.mog-phosphor i	animation	mog-phosphor 7.5s ease-out var(--delay) infinite	7.5s	7500	240	7500	var(--dance-moves-240t)	Replace each fixed duration with the listed --dance-moves-Nt property, register the page animation scope, and use a 16- or 64-tick deferred start for beat/bar alignment when audio-driven.
150	Moderate or Good	https://kieransimkin.co.uk/moderate-or-good/	120	page-inline	inline:style:9	css	.mog-phosphor i	animation-play-state	running						Replace each fixed duration with the listed --dance-moves-Nt property, register the page animation scope, and use a 16- or 64-tick deferred start for beat/bar alignment when audio-driven.
150	Moderate or Good	https://kieransimkin.co.uk/moderate-or-good/	120	page-inline	inline:style:9	css	.mog-phosphor i	transition	filter .35s ease	.35s	350	11	343.75	var(--dance-moves-11t)	Replace each fixed duration with the listed --dance-moves-Nt property; when a class/state change must wait for a boundary, trigger it through deferStart/onNextInterval.
150	Moderate or Good	https://kieransimkin.co.uk/moderate-or-good/	120	page-inline	inline:style:9	css	.mog-player.is-playing .mog-phosphor i	animation-duration	2.8s	2.8s	2800	96	3000	var(--dance-moves-96t)	Replace each fixed duration with the listed --dance-moves-Nt property, register the page animation scope, and use a 16- or 64-tick deferred start for beat/bar alignment when audio-driven.
150	Moderate or Good	https://kieransimkin.co.uk/moderate-or-good/	120	page-inline	inline:style:9	css	.mog-ticker-wrap::after	animation	mog-carrier-line 12s ease-in-out infinite	12s	12000	384	12000	var(--dance-moves-384t)	Replace each fixed duration with the listed --dance-moves-Nt property, register the page animation scope, and use a 16- or 64-tick deferred start for beat/bar alignment when audio-driven.
150	Moderate or Good	https://kieransimkin.co.uk/moderate-or-good/	120	page-inline	inline:style:9	css	.mog-ticker	animation	mog-route-drift 18s ease-in-out infinite	18s	18000	576	18000	var(--dance-moves-576t)	Replace each fixed duration with the listed --dance-moves-Nt property, register the page animation scope, and use a 16- or 64-tick deferred start for beat/bar alignment when audio-driven.
150	Moderate or Good	https://kieransimkin.co.uk/moderate-or-good/	120	page-inline	inline:style:9	css	.mog-section.is-breaking .mog-breaker i	animation	mog-breaker 1.65s cubic-bezier(.18,.68,.28,1) var(--delay) 1 both	1.65s	1650	48	1500	var(--dance-moves-48t)	Replace each fixed duration with the listed --dance-moves-Nt property, register the page animation scope, and use a 16- or 64-tick deferred start for beat/bar alignment when audio-driven.
150	Moderate or Good	https://kieransimkin.co.uk/moderate-or-good/	120	page-inline	inline:style:9	css	.mog-card	transition	border-color .35s ease,transform .35s ease	.35s	350	11	343.75	var(--dance-moves-11t)	Replace each fixed duration with the listed --dance-moves-Nt property; when a class/state change must wait for a boundary, trigger it through deferStart/onNextInterval.
150	Moderate or Good	https://kieransimkin.co.uk/moderate-or-good/	120	page-inline	inline:style:9	css	.mog-card	transition	border-color .35s ease,transform .35s ease	.35s	350	11	343.75	var(--dance-moves-11t)	Replace each fixed duration with the listed --dance-moves-Nt property; when a class/state change must wait for a boundary, trigger it through deferStart/onNextInterval.
150	Moderate or Good	https://kieransimkin.co.uk/moderate-or-good/	120	page-inline	inline:style:9	css	.mog-card:hover::after,.mog-card:focus-visible::after	animation	mog-foam-line .7s ease-out 1	.7s	700	16	500	var(--dance-moves-16t)	Replace each fixed duration with the listed --dance-moves-Nt property, register the page animation scope, and use a 16- or 64-tick deferred start for beat/bar alignment when audio-driven.
150	Moderate or Good	https://kieransimkin.co.uk/moderate-or-good/	120	page-inline	inline:style:9	css	@media(prefers-reduced-motion:reduce){.mog-hero::before,.mog-ticker-wrap::after,.mog-ticker,.mog-swell,.mog-spray i,.mog-fog,.mog-rain i,.mog-player::before,.mog-phosphor i,.mog-b…	animation	none!important						Keep unchanged; reduced-motion/accessibility override is authoritative.
150	Moderate or Good	https://kieransimkin.co.uk/moderate-or-good/	120	page-inline	inline:style:9	css-variable	.mog-spray i	--delay	0s	0s	0				Replace the literal/variable with a DanceMoves tick property; use deferStart or onNextInterval when the delay represents musical boundary alignment rather than phase staggering.
150	Moderate or Good	https://kieransimkin.co.uk/moderate-or-good/	120	page-inline	inline:style:9	css-variable	.mog-rain i	--delay	0s	0s	0				Replace the literal/variable with a DanceMoves tick property; use deferStart or onNextInterval when the delay represents musical boundary alignment rather than phase staggering.
150	Moderate or Good	https://kieransimkin.co.uk/moderate-or-good/	120	page-inline	inline:style:9	css-variable	.mog-phosphor i	--delay	0s	0s	0				Replace the literal/variable with a DanceMoves tick property; use deferStart or onNextInterval when the delay represents musical boundary alignment rather than phase staggering.
150	Moderate or Good	https://kieransimkin.co.uk/moderate-or-good/	120	page-inline	inline:style:9	css-variable	.mog-breaker i	--delay	0s	0s	0				Replace the literal/variable with a DanceMoves tick property; use deferStart or onNextInterval when the delay represents musical boundary alignment rather than phase staggering.
150	Moderate or Good	https://kieransimkin.co.uk/moderate-or-good/	120	page-inline	inline:style:ks-epk-lyrics-style	css	.ks-epk-lyrics-track summary span[aria-hidden]	transition	transform .2s ease	.2s	200	6	187.5	var(--dance-moves-6t)	Replace each fixed duration with the listed --dance-moves-Nt property; when a class/state change must wait for a boundary, trigger it through deferStart/onNextInterval.
150	Moderate or Good	https://kieransimkin.co.uk/moderate-or-good/	120	page-inline	inline:style:ks-epk-lyrics-style	css	@media(prefers-reduced-motion:reduce){.ks-epk-lyrics-track summary span[aria-hidden]	transition	none						Keep unchanged; reduced-motion/accessibility override is authoritative.
150	Moderate or Good	https://kieransimkin.co.uk/moderate-or-good/	120	page-inline	inline:script:1	js	addEventListener('play		Media('(prefers-reduced-motion: reduce)').matches)return; var player=root.querySelector('.mog-player'); var audio=player&&player.querySelector('audio'); if(audio){ audio.addEventListener('play',function(){player.classList.add('is-playing')}); ['pause','ended'].forEach(function(name){audio.addEventListener(name,function(){player.classList.remove('is-playing')})}); } var story=root.querySelector('.mog-section'); if(story){ if('IntersectionObserver' in window){ var observer=new IntersectionObserver(function(entries){…						Keep the audio state driver; move named song moments to DanceMoves.onCue and align optional starts with onNextBeat/onNextBar.
150	Moderate or Good	https://kieransimkin.co.uk/moderate-or-good/	120	page-inline	inline:attribute:style:2	css-variable	i	--delay	-3s	-3s	-3000	-96	-3000	var(--dance-moves-neg-96t)	Replace the literal/variable with a DanceMoves tick property; use deferStart or onNextInterval when the delay represents musical boundary alignment rather than phase staggering.
150	Moderate or Good	https://kieransimkin.co.uk/moderate-or-good/	120	page-inline	inline:attribute:style:3	css-variable	i	--delay	-8s	-8s	-8000	-256	-8000	var(--dance-moves-neg-256t)	Replace the literal/variable with a DanceMoves tick property; use deferStart or onNextInterval when the delay represents musical boundary alignment rather than phase staggering.
150	Moderate or Good	https://kieransimkin.co.uk/moderate-or-good/	120	page-inline	inline:attribute:style:4	css-variable	i	--delay	-5s	-5s	-5000	-160	-5000	var(--dance-moves-neg-160t)	Replace the literal/variable with a DanceMoves tick property; use deferStart or onNextInterval when the delay represents musical boundary alignment rather than phase staggering.
150	Moderate or Good	https://kieransimkin.co.uk/moderate-or-good/	120	page-inline	inline:attribute:style:5	css-variable	i	--delay	-11s	-11s	-11000	-352	-11000	var(--dance-moves-neg-352t)	Replace the literal/variable with a DanceMoves tick property; use deferStart or onNextInterval when the delay represents musical boundary alignment rather than phase staggering.
150	Moderate or Good	https://kieransimkin.co.uk/moderate-or-good/	120	page-inline	inline:attribute:style:6	css-variable	i	--delay	-2s	-2s	-2000	-64	-2000	var(--dance-moves-neg-64t)	Replace the literal/variable with a DanceMoves tick property; use deferStart or onNextInterval when the delay represents musical boundary alignment rather than phase staggering.
150	Moderate or Good	https://kieransimkin.co.uk/moderate-or-good/	120	page-inline	inline:attribute:style:7	css-variable	i	--delay	-9s	-9s	-9000	-288	-9000	var(--dance-moves-neg-288t)	Replace the literal/variable with a DanceMoves tick property; use deferStart or onNextInterval when the delay represents musical boundary alignment rather than phase staggering.
150	Moderate or Good	https://kieransimkin.co.uk/moderate-or-good/	120	page-inline	inline:attribute:style:8	css-variable	i	--delay	-7s	-7s	-7000	-224	-7000	var(--dance-moves-neg-224t)	Replace the literal/variable with a DanceMoves tick property; use deferStart or onNextInterval when the delay represents musical boundary alignment rather than phase staggering.
150	Moderate or Good	https://kieransimkin.co.uk/moderate-or-good/	120	page-inline	inline:attribute:style:9	css-variable	i	--delay	-4s	-4s	-4000	-128	-4000	var(--dance-moves-neg-128t)	Replace the literal/variable with a DanceMoves tick property; use deferStart or onNextInterval when the delay represents musical boundary alignment rather than phase staggering.
150	Moderate or Good	https://kieransimkin.co.uk/moderate-or-good/	120	page-inline	inline:attribute:style:10	css-variable	i	--delay	-12s	-12s	-12000	-384	-12000	var(--dance-moves-neg-384t)	Replace the literal/variable with a DanceMoves tick property; use deferStart or onNextInterval when the delay represents musical boundary alignment rather than phase staggering.
150	Moderate or Good	https://kieransimkin.co.uk/moderate-or-good/	120	page-inline	inline:attribute:style:11	css-variable	i	--delay	-6s	-6s	-6000	-192	-6000	var(--dance-moves-neg-192t)	Replace the literal/variable with a DanceMoves tick property; use deferStart or onNextInterval when the delay represents musical boundary alignment rather than phase staggering.
150	Moderate or Good	https://kieransimkin.co.uk/moderate-or-good/	120	page-inline	inline:attribute:style:12	css-variable	i	--delay	-10s	-10s	-10000	-320	-10000	var(--dance-moves-neg-320t)	Replace the literal/variable with a DanceMoves tick property; use deferStart or onNextInterval when the delay represents musical boundary alignment rather than phase staggering.
150	Moderate or Good	https://kieransimkin.co.uk/moderate-or-good/	120	page-inline	inline:attribute:style:13	css-variable	i	--delay	-1s	-1s	-1000	-32	-1000	var(--dance-moves-neg-32t)	Replace the literal/variable with a DanceMoves tick property; use deferStart or onNextInterval when the delay represents musical boundary alignment rather than phase staggering.
150	Moderate or Good	https://kieransimkin.co.uk/moderate-or-good/	120	page-inline	inline:attribute:style:14	css-variable	i	--delay	-8s	-8s	-8000	-256	-8000	var(--dance-moves-neg-256t)	Replace the literal/variable with a DanceMoves tick property; use deferStart or onNextInterval when the delay represents musical boundary alignment rather than phase staggering.
150	Moderate or Good	https://kieransimkin.co.uk/moderate-or-good/	120	page-inline	inline:attribute:style:15	css-variable	i	--delay	-3s	-3s	-3000	-96	-3000	var(--dance-moves-neg-96t)	Replace the literal/variable with a DanceMoves tick property; use deferStart or onNextInterval when the delay represents musical boundary alignment rather than phase staggering.
150	Moderate or Good	https://kieransimkin.co.uk/moderate-or-good/	120	page-inline	inline:attribute:style:16	css-variable	i	--delay	-10s	-10s	-10000	-320	-10000	var(--dance-moves-neg-320t)	Replace the literal/variable with a DanceMoves tick property; use deferStart or onNextInterval when the delay represents musical boundary alignment rather than phase staggering.
150	Moderate or Good	https://kieransimkin.co.uk/moderate-or-good/	120	page-inline	inline:attribute:style:17	css-variable	i	--delay	-5s	-5s	-5000	-160	-5000	var(--dance-moves-neg-160t)	Replace the literal/variable with a DanceMoves tick property; use deferStart or onNextInterval when the delay represents musical boundary alignment rather than phase staggering.
150	Moderate or Good	https://kieransimkin.co.uk/moderate-or-good/	120	page-inline	inline:attribute:style:18	css-variable	i	--delay	-1s	-1s	-1000	-32	-1000	var(--dance-moves-neg-32t)	Replace the literal/variable with a DanceMoves tick property; use deferStart or onNextInterval when the delay represents musical boundary alignment rather than phase staggering.
150	Moderate or Good	https://kieransimkin.co.uk/moderate-or-good/	120	page-inline	inline:attribute:style:19	css-variable	i	--delay	-12s	-12s	-12000	-384	-12000	var(--dance-moves-neg-384t)	Replace the literal/variable with a DanceMoves tick property; use deferStart or onNextInterval when the delay represents musical boundary alignment rather than phase staggering.
150	Moderate or Good	https://kieransimkin.co.uk/moderate-or-good/	120	page-inline	inline:attribute:style:20	css-variable	i	--delay	-6s	-6s	-6000	-192	-6000	var(--dance-moves-neg-192t)	Replace the literal/variable with a DanceMoves tick property; use deferStart or onNextInterval when the delay represents musical boundary alignment rather than phase staggering.
150	Moderate or Good	https://kieransimkin.co.uk/moderate-or-good/	120	page-inline	inline:attribute:style:21	css-variable	i	--delay	-14s	-14s	-14000	-448	-14000	var(--dance-moves-neg-448t)	Replace the literal/variable with a DanceMoves tick property; use deferStart or onNextInterval when the delay represents musical boundary alignment rather than phase staggering.
150	Moderate or Good	https://kieransimkin.co.uk/moderate-or-good/	120	page-inline	inline:attribute:style:22	css-variable	i	--delay	-4s	-4s	-4000	-128	-4000	var(--dance-moves-neg-128t)	Replace the literal/variable with a DanceMoves tick property; use deferStart or onNextInterval when the delay represents musical boundary alignment rather than phase staggering.
150	Moderate or Good	https://kieransimkin.co.uk/moderate-or-good/	120	page-inline	inline:attribute:style:23	css-variable	i	--delay	-9s	-9s	-9000	-288	-9000	var(--dance-moves-neg-288t)	Replace the literal/variable with a DanceMoves tick property; use deferStart or onNextInterval when the delay represents musical boundary alignment rather than phase staggering.
150	Moderate or Good	https://kieransimkin.co.uk/moderate-or-good/	120	page-inline	inline:attribute:style:24	css-variable	i	--delay	-2s	-2s	-2000	-64	-2000	var(--dance-moves-neg-64t)	Replace the literal/variable with a DanceMoves tick property; use deferStart or onNextInterval when the delay represents musical boundary alignment rather than phase staggering.
150	Moderate or Good	https://kieransimkin.co.uk/moderate-or-good/	120	page-inline	inline:attribute:style:25	css-variable	i	--delay	-.4s	-.4s	-400	-13	-406.25	var(--dance-moves-neg-13t)	Replace the literal/variable with a DanceMoves tick property; use deferStart or onNextInterval when the delay represents musical boundary alignment rather than phase staggering.
150	Moderate or Good	https://kieransimkin.co.uk/moderate-or-good/	120	page-inline	inline:attribute:style:26	css-variable	i	--delay	-1.2s	-1.2s	-1200	-32	-1000	var(--dance-moves-neg-32t)	Replace the literal/variable with a DanceMoves tick property; use deferStart or onNextInterval when the delay represents musical boundary alignment rather than phase staggering.
150	Moderate or Good	https://kieransimkin.co.uk/moderate-or-good/	120	page-inline	inline:attribute:style:27	css-variable	i	--delay	-2s	-2s	-2000	-64	-2000	var(--dance-moves-neg-64t)	Replace the literal/variable with a DanceMoves tick property; use deferStart or onNextInterval when the delay represents musical boundary alignment rather than phase staggering.
150	Moderate or Good	https://kieransimkin.co.uk/moderate-or-good/	120	page-inline	inline:attribute:style:28	css-variable	i	--delay	-.8s	-.8s	-800	-32	-1000	var(--dance-moves-neg-32t)	Replace the literal/variable with a DanceMoves tick property; use deferStart or onNextInterval when the delay represents musical boundary alignment rather than phase staggering.
150	Moderate or Good	https://kieransimkin.co.uk/moderate-or-good/	120	page-inline	inline:attribute:style:29	css-variable	i	--delay	-1.6s	-1.6s	-1600	-48	-1500	var(--dance-moves-neg-48t)	Replace the literal/variable with a DanceMoves tick property; use deferStart or onNextInterval when the delay represents musical boundary alignment rather than phase staggering.
150	Moderate or Good	https://kieransimkin.co.uk/moderate-or-good/	120	page-inline	inline:attribute:style:30	css-variable	i	--delay	-2.4s	-2.4s	-2400	-80	-2500	var(--dance-moves-neg-80t)	Replace the literal/variable with a DanceMoves tick property; use deferStart or onNextInterval when the delay represents musical boundary alignment rather than phase staggering.
150	Moderate or Good	https://kieransimkin.co.uk/moderate-or-good/	120	page-inline	inline:attribute:style:31	css-variable	i	--delay	-.2s	-.2s	-200	-6	-187.5	var(--dance-moves-neg-6t)	Replace the literal/variable with a DanceMoves tick property; use deferStart or onNextInterval when the delay represents musical boundary alignment rather than phase staggering.
150	Moderate or Good	https://kieransimkin.co.uk/moderate-or-good/	120	page-inline	inline:attribute:style:32	css-variable	i	--delay	-1.9s	-1.9s	-1900	-64	-2000	var(--dance-moves-neg-64t)	Replace the literal/variable with a DanceMoves tick property; use deferStart or onNextInterval when the delay represents musical boundary alignment rather than phase staggering.
150	Moderate or Good	https://kieransimkin.co.uk/moderate-or-good/	120	page-inline	inline:attribute:style:33	css-variable	i	--delay	.02s	.02s	20	1	31.25	var(--dance-moves-1t)	Replace the literal/variable with a DanceMoves tick property; use deferStart or onNextInterval when the delay represents musical boundary alignment rather than phase staggering.
150	Moderate or Good	https://kieransimkin.co.uk/moderate-or-good/	120	page-inline	inline:attribute:style:34	css-variable	i	--delay	.12s	.12s	120	4	125	var(--dance-moves-4t)	Replace the literal/variable with a DanceMoves tick property; use deferStart or onNextInterval when the delay represents musical boundary alignment rather than phase staggering.
150	Moderate or Good	https://kieransimkin.co.uk/moderate-or-good/	120	page-inline	inline:attribute:style:35	css-variable	i	--delay	.06s	.06s	60	2	62.5	var(--dance-moves-2t)	Replace the literal/variable with a DanceMoves tick property; use deferStart or onNextInterval when the delay represents musical boundary alignment rather than phase staggering.
150	Moderate or Good	https://kieransimkin.co.uk/moderate-or-good/	120	page-inline	inline:attribute:style:36	css-variable	i	--delay	.18s	.18s	180	6	187.5	var(--dance-moves-6t)	Replace the literal/variable with a DanceMoves tick property; use deferStart or onNextInterval when the delay represents musical boundary alignment rather than phase staggering.
150	Moderate or Good	https://kieransimkin.co.uk/moderate-or-good/	120	page-inline	inline:attribute:style:37	css-variable	i	--delay	.09s	.09s	90	3	93.75	var(--dance-moves-3t)	Replace the literal/variable with a DanceMoves tick property; use deferStart or onNextInterval when the delay represents musical boundary alignment rather than phase staggering.
150	Moderate or Good	https://kieransimkin.co.uk/moderate-or-good/	120	page-inline	inline:attribute:style:38	css-variable	i	--delay	.22s	.22s	220	7	218.75	var(--dance-moves-7t)	Replace the literal/variable with a DanceMoves tick property; use deferStart or onNextInterval when the delay represents musical boundary alignment rather than phase staggering.
150	Moderate or Good	https://kieransimkin.co.uk/moderate-or-good/	120	page-inline	inline:attribute:style:39	css-variable	i	--delay	.04s	.04s	40	1	31.25	var(--dance-moves-1t)	Replace the literal/variable with a DanceMoves tick property; use deferStart or onNextInterval when the delay represents musical boundary alignment rather than phase staggering.
150	Moderate or Good	https://kieransimkin.co.uk/moderate-or-good/	120	page-inline	inline:attribute:style:40	css-variable	i	--delay	.15s	.15s	150	5	156.25	var(--dance-moves-5t)	Replace the literal/variable with a DanceMoves tick property; use deferStart or onNextInterval when the delay represents musical boundary alignment rather than phase staggering.
150	Moderate or Good	https://kieransimkin.co.uk/moderate-or-good/	120	page-inline	inline:attribute:style:41	css-variable	i	--delay	.08s	.08s	80	3	93.75	var(--dance-moves-3t)	Replace the literal/variable with a DanceMoves tick property; use deferStart or onNextInterval when the delay represents musical boundary alignment rather than phase staggering.
150	Moderate or Good	https://kieransimkin.co.uk/moderate-or-good/	120	page-inline	inline:attribute:style:42	css-variable	i	--delay	.2s	.2s	200	6	187.5	var(--dance-moves-6t)	Replace the literal/variable with a DanceMoves tick property; use deferStart or onNextInterval when the delay represents musical boundary alignment rather than phase staggering.
150	Moderate or Good	https://kieransimkin.co.uk/moderate-or-good/	120	page-inline	inline:attribute:style:43	css-variable	i	--delay	.11s	.11s	110	4	125	var(--dance-moves-4t)	Replace the literal/variable with a DanceMoves tick property; use deferStart or onNextInterval when the delay represents musical boundary alignment rather than phase staggering.
150	Moderate or Good	https://kieransimkin.co.uk/moderate-or-good/	120	page-inline	inline:attribute:style:44	css-variable	i	--delay	.24s	.24s	240	8	250	var(--dance-moves-8t)	Replace the literal/variable with a DanceMoves tick property; use deferStart or onNextInterval when the delay represents musical boundary alignment rather than phase staggering.
397	Santa Flies Tonight	https://kieransimkin.co.uk/santa-flies-tonight/	120	page-inline	inline:style:global-styles-inline-css	css	.wpforms-container .wpforms-image-choices-modern label:not(.wpforms-error)	transition	all 0.5s	0.5s	500	16	500	var(--dance-moves-16t)	Replace each fixed duration with the listed --dance-moves-Nt property; when a class/state change must wait for a boundary, trigger it through deferStart/onNextInterval.
397	Santa Flies Tonight	https://kieransimkin.co.uk/santa-flies-tonight/	120	page-inline	inline:style:global-styles-inline-css	css	.wpforms-container .wpforms-image-choices-modern .wpforms-image-choices-image:after	transition	all 0.5s	0.5s	500	16	500	var(--dance-moves-16t)	Replace each fixed duration with the listed --dance-moves-Nt property; when a class/state change must wait for a boundary, trigger it through deferStart/onNextInterval.
397	Santa Flies Tonight	https://kieransimkin.co.uk/santa-flies-tonight/	120	page-inline	inline:style:global-styles-inline-css	css	div.wpforms-container-full input[type=date],div.wpforms-container-full input[type=datetime],div.wpforms-container-full input[type=datetime-local],div.wpforms-container-full input[…	transition	border 0.15s, box-shadow 0.15s	0.15s	150	5	156.25	var(--dance-moves-5t)	Replace each fixed duration with the listed --dance-moves-Nt property; when a class/state change must wait for a boundary, trigger it through deferStart/onNextInterval.
397	Santa Flies Tonight	https://kieransimkin.co.uk/santa-flies-tonight/	120	page-inline	inline:style:global-styles-inline-css	css	div.wpforms-container-full input[type=date],div.wpforms-container-full input[type=datetime],div.wpforms-container-full input[type=datetime-local],div.wpforms-container-full input[…	transition	border 0.15s, box-shadow 0.15s	0.15s	150	5	156.25	var(--dance-moves-5t)	Replace each fixed duration with the listed --dance-moves-Nt property; when a class/state change must wait for a boundary, trigger it through deferStart/onNextInterval.
397	Santa Flies Tonight	https://kieransimkin.co.uk/santa-flies-tonight/	120	page-inline	inline:style:global-styles-inline-css	css	div.wpforms-container-full input[type=submit],div.wpforms-container-full button[type=submit],div.wpforms-container-full .wpforms-page-button	transition	all 0.15s ease-in-out	0.15s	150	5	156.25	var(--dance-moves-5t)	Replace each fixed duration with the listed --dance-moves-Nt property; when a class/state change must wait for a boundary, trigger it through deferStart/onNextInterval.
397	Santa Flies Tonight	https://kieransimkin.co.uk/santa-flies-tonight/	120	page-inline	inline:style:9	css	.sft-epk::before	animation	sft-atmosphere 28s ease-in-out infinite alternate	28s	28000	896	28000	var(--dance-moves-896t)	Replace each fixed duration with the listed --dance-moves-Nt property, register the page animation scope, and use a 16- or 64-tick deferred start for beat/bar alignment when audio-driven.
397	Santa Flies Tonight	https://kieransimkin.co.uk/santa-flies-tonight/	120	page-inline	inline:style:9	css	.sft-button	transition	transform .2s ease,border-color .2s ease,background .2s ease	.2s	200	6	187.5	var(--dance-moves-6t)	Replace each fixed duration with the listed --dance-moves-Nt property; when a class/state change must wait for a boundary, trigger it through deferStart/onNextInterval.
397	Santa Flies Tonight	https://kieransimkin.co.uk/santa-flies-tonight/	120	page-inline	inline:style:9	css	.sft-button	transition	transform .2s ease,border-color .2s ease,background .2s ease	.2s	200	6	187.5	var(--dance-moves-6t)	Replace each fixed duration with the listed --dance-moves-Nt property; when a class/state change must wait for a boundary, trigger it through deferStart/onNextInterval.
397	Santa Flies Tonight	https://kieransimkin.co.uk/santa-flies-tonight/	120	page-inline	inline:style:9	css	.sft-button	transition	transform .2s ease,border-color .2s ease,background .2s ease	.2s	200	6	187.5	var(--dance-moves-6t)	Replace each fixed duration with the listed --dance-moves-Nt property; when a class/state change must wait for a boundary, trigger it through deferStart/onNextInterval.
397	Santa Flies Tonight	https://kieransimkin.co.uk/santa-flies-tonight/	120	page-inline	inline:style:9	css	@media(hover:hover) and (pointer:fine) and (min-width:801px){ .sft-art,.sft-frost	transition	transform .34s cubic-bezier(.2,.75,.25,1),border-color .34s ease,box-shadow .34s ease	.34s	340	11	343.75	var(--dance-moves-11t)	Replace each fixed duration with the listed --dance-moves-Nt property; when a class/state change must wait for a boundary, trigger it through deferStart/onNextInterval.
397	Santa Flies Tonight	https://kieransimkin.co.uk/santa-flies-tonight/	120	page-inline	inline:style:9	css	@media(hover:hover) and (pointer:fine) and (min-width:801px){ .sft-art,.sft-frost	transition	transform .34s cubic-bezier(.2,.75,.25,1),border-color .34s ease,box-shadow .34s ease	.34s	340	11	343.75	var(--dance-moves-11t)	Replace each fixed duration with the listed --dance-moves-Nt property; when a class/state change must wait for a boundary, trigger it through deferStart/onNextInterval.
397	Santa Flies Tonight	https://kieransimkin.co.uk/santa-flies-tonight/	120	page-inline	inline:style:9	css	@media(hover:hover) and (pointer:fine) and (min-width:801px){ .sft-art,.sft-frost	transition	transform .34s cubic-bezier(.2,.75,.25,1),border-color .34s ease,box-shadow .34s ease	.34s	340	11	343.75	var(--dance-moves-11t)	Replace each fixed duration with the listed --dance-moves-Nt property; when a class/state change must wait for a boundary, trigger it through deferStart/onNextInterval.
397	Santa Flies Tonight	https://kieransimkin.co.uk/santa-flies-tonight/	120	page-inline	inline:style:9	css	@media(prefers-reduced-motion:reduce){html	scroll-behavior	auto						Keep unchanged; reduced-motion/accessibility override is authoritative.
397	Santa Flies Tonight	https://kieransimkin.co.uk/santa-flies-tonight/	120	page-inline	inline:style:9	css	.sft-epk::before	animation	none!important						Keep unchanged; reduced-motion/accessibility override is authoritative.
397	Santa Flies Tonight	https://kieransimkin.co.uk/santa-flies-tonight/	120	page-inline	inline:style:9	css	.sft-art,.sft-frost,.sft-button	transition	none!important						Keep unchanged; reduced-motion/accessibility override is authoritative.
397	Santa Flies Tonight	https://kieransimkin.co.uk/santa-flies-tonight/	120	page-inline	inline:style:ks-epk-lyrics-style	css	.ks-epk-lyrics-track summary span[aria-hidden]	transition	transform .2s ease	.2s	200	6	187.5	var(--dance-moves-6t)	Replace each fixed duration with the listed --dance-moves-Nt property; when a class/state change must wait for a boundary, trigger it through deferStart/onNextInterval.
397	Santa Flies Tonight	https://kieransimkin.co.uk/santa-flies-tonight/	120	page-inline	inline:style:ks-epk-lyrics-style	css	@media(prefers-reduced-motion:reduce){.ks-epk-lyrics-track summary span[aria-hidden]	transition	none						Keep unchanged; reduced-motion/accessibility override is authoritative.
397	Santa Flies Tonight	https://kieransimkin.co.uk/santa-flies-tonight/	120	page-inline	inline:script:1	js	addEventListener('pointer		,Math.cos(angle)); const reflectWander = value => { let v=value; while(v<-.95||v>.95){if(v<-.95)v=-.95+(-.95-v);if(v>.95)v=.95-(v-.95);} return v; }; addEventListener('pointermove',event=>{ const x=event.clientX/Math.max(1,innerWidth)*2-1; const y=1-event.clientY/Math.max(1,innerHeight)*2; const now=performance.now(); if(weather.pointerLastX!==null){ const dt=Math.max(.008,(now-weather.pointerLastTime)/1000); const velocity=Math.hypot(x-weather.pointerLastX,y-weather.pointerLastY)/dt; const motion=Math.max(0,Math.…						Keep the pointer/scroll/sensor/requestAnimationFrame driver event-based; convert only its visual CSS easing or release duration.
397	Santa Flies Tonight	https://kieransimkin.co.uk/santa-flies-tonight/	120	page-inline	inline:script:1	js	requestAnimationFrame		uniform2f(windOffsetLoc,weather.offsetX,weather.offsetY);gl.drawArrays(gl.TRIANGLES,0,3);fogCanvas.dataset.motion=reducedMotion.matches?'static':'flowing';if(canAnimate())fogFrame=requestAnimationFrame(render);}; resize();render(performance.now());addEventListener('resize',resize,{passive:true});document.addEventListener('visibilitychange',()=>{cancelAnimationFrame(fogFrame);if(canAnimate())fogFrame=requestAnimationFrame(render);});reducedMotion.addEventListener('change',()=>{cancelAnimationFrame(fogFrame);render(…						Keep the pointer/scroll/sensor/requestAnimationFrame driver event-based; convert only its visual CSS easing or release duration.
397	Santa Flies Tonight	https://kieransimkin.co.uk/santa-flies-tonight/	120	page-inline	inline:script:1	js	cancelAnimationFrame		gFrame=requestAnimationFrame(render);}; resize();render(performance.now());addEventListener('resize',resize,{passive:true});document.addEventListener('visibilitychange',()=>{cancelAnimationFrame(fogFrame);if(canAnimate())fogFrame=requestAnimationFrame(render);});reducedMotion.addEventListener('change',()=>{cancelAnimationFrame(fogFrame);render(performance.now());}); }; initFog(); const createParticles = count => Array.from({length: count}, () => ({ x: 0, y: 0, z: 0, vx: 0, vy: 0, speed: 0, drift: 0, size: 0, alpha…						Keep the pointer/scroll/sensor/requestAnimationFrame driver event-based; convert only its visual CSS easing or release duration.
397	Santa Flies Tonight	https://kieransimkin.co.uk/santa-flies-tonight/	120	page-inline	inline:script:1	js	requestAnimationFrame		ender(performance.now());addEventListener('resize',resize,{passive:true});document.addEventListener('visibilitychange',()=>{cancelAnimationFrame(fogFrame);if(canAnimate())fogFrame=requestAnimationFrame(render);});reducedMotion.addEventListener('change',()=>{cancelAnimationFrame(fogFrame);render(performance.now());}); }; initFog(); const createParticles = count => Array.from({length: count}, () => ({ x: 0, y: 0, z: 0, vx: 0, vy: 0, speed: 0, drift: 0, size: 0, alpha: 0, seed: Math.random(), shape: Math.random(), wa…						Keep the pointer/scroll/sensor/requestAnimationFrame driver event-based; convert only its visual CSS easing or release duration.
397	Santa Flies Tonight	https://kieransimkin.co.uk/santa-flies-tonight/	120	page-inline	inline:script:1	js	cancelAnimationFrame		ment.addEventListener('visibilitychange',()=>{cancelAnimationFrame(fogFrame);if(canAnimate())fogFrame=requestAnimationFrame(render);});reducedMotion.addEventListener('change',()=>{cancelAnimationFrame(fogFrame);render(performance.now());}); }; initFog(); const createParticles = count => Array.from({length: count}, () => ({ x: 0, y: 0, z: 0, vx: 0, vy: 0, speed: 0, drift: 0, size: 0, alpha: 0, seed: Math.random(), shape: Math.random(), warmth: Math.random() < .09 ? Math.random() : 0 })); const flowAt = (p, time) =>…						Keep the pointer/scroll/sensor/requestAnimationFrame driver event-based; convert only its visual CSS easing or release duration.
397	Santa Flies Tonight	https://kieransimkin.co.uk/santa-flies-tonight/	120	page-inline	inline:script:1	js	requestAnimationFrame		fY = Math.tan(50 * Math.PI / 360) * -p.z * 1.22; if (p.y < -halfY - 1) resetParticle(p, true, aspect); } ctx.restore(); if (canAnimate()) frame = requestAnimationFrame(draw); }; addEventListener('resize', () => { dpr = resizeCanvas(); aspect = innerWidth / Math.max(innerHeight, 1); particles.forEach(p => resetParticle(p, false, aspect)); }); draw(performance.now()); }; const gl = canvas.getContext('webgl', {alpha:true, antialias:false, depth:false, powerPreference:'low-power'}); if (!gl) { startCanvasFallback(); r…						Keep the pointer/scroll/sensor/requestAnimationFrame driver event-based; convert only its visual CSS easing or release duration.
397	Santa Flies Tonight	https://kieransimkin.co.uk/santa-flies-tonight/	120	page-inline	inline:script:1	js	requestAnimationFrame		0);gl.clear(gl.COLOR_BUFFER_BIT); gl.uniform1f(timeLoc,now/1000);gl.drawArrays(gl.POINTS,0,count); canvas.dataset.particles=String(count); if(canAnimate()) frame=requestAnimationFrame(render); }; resize(); render(performance.now()); addEventListener('resize',resize,{passive:true}); document.addEventListener('visibilitychange',()=>{cancelAnimationFrame(frame);if(canAnimate()){last=performance.now();frame=requestAnimationFrame(render);}}); reducedMotion.addEventListener('change',()=>{cancelAnimationFrame(frame);last…						Keep the pointer/scroll/sensor/requestAnimationFrame driver event-based; convert only its visual CSS easing or release duration.
397	Santa Flies Tonight	https://kieransimkin.co.uk/santa-flies-tonight/	120	page-inline	inline:script:1	js	cancelAnimationFrame		AnimationFrame(render); }; resize(); render(performance.now()); addEventListener('resize',resize,{passive:true}); document.addEventListener('visibilitychange',()=>{cancelAnimationFrame(frame);if(canAnimate()){last=performance.now();frame=requestAnimationFrame(render);}}); reducedMotion.addEventListener('change',()=>{cancelAnimationFrame(frame);last=performance.now();render(last);}); })();						Keep the pointer/scroll/sensor/requestAnimationFrame driver event-based; convert only its visual CSS easing or release duration.
397	Santa Flies Tonight	https://kieransimkin.co.uk/santa-flies-tonight/	120	page-inline	inline:script:1	js	requestAnimationFrame		addEventListener('resize',resize,{passive:true}); document.addEventListener('visibilitychange',()=>{cancelAnimationFrame(frame);if(canAnimate()){last=performance.now();frame=requestAnimationFrame(render);}}); reducedMotion.addEventListener('change',()=>{cancelAnimationFrame(frame);last=performance.now();render(last);}); })();						Keep the pointer/scroll/sensor/requestAnimationFrame driver event-based; convert only its visual CSS easing or release duration.
397	Santa Flies Tonight	https://kieransimkin.co.uk/santa-flies-tonight/	120	page-inline	inline:script:1	js	cancelAnimationFrame		isibilitychange',()=>{cancelAnimationFrame(frame);if(canAnimate()){last=performance.now();frame=requestAnimationFrame(render);}}); reducedMotion.addEventListener('change',()=>{cancelAnimationFrame(frame);last=performance.now();render(last);}); })();						Keep the pointer/scroll/sensor/requestAnimationFrame driver event-based; convert only its visual CSS easing or release duration.
399	Christmas Tat	https://kieransimkin.co.uk/christmas-tat/	120	page-inline	inline:style:global-styles-inline-css	css	.wpforms-container .wpforms-image-choices-modern label:not(.wpforms-error)	transition	all 0.5s	0.5s	500	16	500	var(--dance-moves-16t)	Replace each fixed duration with the listed --dance-moves-Nt property; when a class/state change must wait for a boundary, trigger it through deferStart/onNextInterval.
399	Christmas Tat	https://kieransimkin.co.uk/christmas-tat/	120	page-inline	inline:style:global-styles-inline-css	css	.wpforms-container .wpforms-image-choices-modern .wpforms-image-choices-image:after	transition	all 0.5s	0.5s	500	16	500	var(--dance-moves-16t)	Replace each fixed duration with the listed --dance-moves-Nt property; when a class/state change must wait for a boundary, trigger it through deferStart/onNextInterval.
399	Christmas Tat	https://kieransimkin.co.uk/christmas-tat/	120	page-inline	inline:style:global-styles-inline-css	css	div.wpforms-container-full input[type=date],div.wpforms-container-full input[type=datetime],div.wpforms-container-full input[type=datetime-local],div.wpforms-container-full input[…	transition	border 0.15s, box-shadow 0.15s	0.15s	150	5	156.25	var(--dance-moves-5t)	Replace each fixed duration with the listed --dance-moves-Nt property; when a class/state change must wait for a boundary, trigger it through deferStart/onNextInterval.
399	Christmas Tat	https://kieransimkin.co.uk/christmas-tat/	120	page-inline	inline:style:global-styles-inline-css	css	div.wpforms-container-full input[type=date],div.wpforms-container-full input[type=datetime],div.wpforms-container-full input[type=datetime-local],div.wpforms-container-full input[…	transition	border 0.15s, box-shadow 0.15s	0.15s	150	5	156.25	var(--dance-moves-5t)	Replace each fixed duration with the listed --dance-moves-Nt property; when a class/state change must wait for a boundary, trigger it through deferStart/onNextInterval.
399	Christmas Tat	https://kieransimkin.co.uk/christmas-tat/	120	page-inline	inline:style:global-styles-inline-css	css	div.wpforms-container-full input[type=submit],div.wpforms-container-full button[type=submit],div.wpforms-container-full .wpforms-page-button	transition	all 0.15s ease-in-out	0.15s	150	5	156.25	var(--dance-moves-5t)	Replace each fixed duration with the listed --dance-moves-Nt property; when a class/state change must wait for a boundary, trigger it through deferStart/onNextInterval.
399	Christmas Tat	https://kieransimkin.co.uk/christmas-tat/	120	page-inline	inline:style:9	css	html	scroll-behavior	smooth						Keep as scroll/view-driven behavior; convert only any accompanying fixed visual duration.
399	Christmas Tat	https://kieransimkin.co.uk/christmas-tat/	120	page-inline	inline:style:9	css	.spark-title-trace text	animation	spark-write 2.4s cubic-bezier(.22,.7,.15,1) 0.35s forwards	2.4s	2400	80	2500	var(--dance-moves-80t)	Replace each fixed duration with the listed --dance-moves-Nt property, register the page animation scope, and use a 16- or 64-tick deferred start for beat/bar alignment when audio-driven.
399	Christmas Tat	https://kieransimkin.co.uk/christmas-tat/	120	page-inline	inline:style:9	css	.spark-title-trace text	animation	spark-write 2.4s cubic-bezier(.22,.7,.15,1) 0.35s forwards	0.35s	350	11	343.75	var(--dance-moves-11t)	Replace each fixed duration with the listed --dance-moves-Nt property, register the page animation scope, and use a 16- or 64-tick deferred start for beat/bar alignment when audio-driven.
399	Christmas Tat	https://kieransimkin.co.uk/christmas-tat/	120	page-inline	inline:style:9	css	.gift-tag	transition	transform 160ms ease, border-color 160ms ease, box-shadow 160ms ease, color 160ms ease	160ms	160	5	156.25	var(--dance-moves-5t)	Replace each fixed duration with the listed --dance-moves-Nt property; when a class/state change must wait for a boundary, trigger it through deferStart/onNextInterval.
399	Christmas Tat	https://kieransimkin.co.uk/christmas-tat/	120	page-inline	inline:style:9	css	.gift-tag	transition	transform 160ms ease, border-color 160ms ease, box-shadow 160ms ease, color 160ms ease	160ms	160	5	156.25	var(--dance-moves-5t)	Replace each fixed duration with the listed --dance-moves-Nt property; when a class/state change must wait for a boundary, trigger it through deferStart/onNextInterval.
399	Christmas Tat	https://kieransimkin.co.uk/christmas-tat/	120	page-inline	inline:style:9	css	.gift-tag	transition	transform 160ms ease, border-color 160ms ease, box-shadow 160ms ease, color 160ms ease	160ms	160	5	156.25	var(--dance-moves-5t)	Replace each fixed duration with the listed --dance-moves-Nt property; when a class/state change must wait for a boundary, trigger it through deferStart/onNextInterval.
399	Christmas Tat	https://kieransimkin.co.uk/christmas-tat/	120	page-inline	inline:style:9	css	.gift-tag	transition	transform 160ms ease, border-color 160ms ease, box-shadow 160ms ease, color 160ms ease	160ms	160	5	156.25	var(--dance-moves-5t)	Replace each fixed duration with the listed --dance-moves-Nt property; when a class/state change must wait for a boundary, trigger it through deferStart/onNextInterval.
399	Christmas Tat	https://kieransimkin.co.uk/christmas-tat/	120	page-inline	inline:style:9	css	.ember-field i	animation	ember-rise 6.8s linear infinite	6.8s	6800	224	7000	var(--dance-moves-224t)	Replace each fixed duration with the listed --dance-moves-Nt property, register the page animation scope, and use a 16- or 64-tick deferred start for beat/bar alignment when audio-driven.
399	Christmas Tat	https://kieransimkin.co.uk/christmas-tat/	120	page-inline	inline:style:9	css	.ember-field i:nth-child(1)	animation-delay	.2s	.2s	200	6	187.5	var(--dance-moves-6t)	Replace the literal/variable with a DanceMoves tick property; use deferStart or onNextInterval when the delay represents musical boundary alignment rather than phase staggering.
399	Christmas Tat	https://kieransimkin.co.uk/christmas-tat/	120	page-inline	inline:style:9	css	.ember-field i:nth-child(2)	animation-delay	2.8s	2.8s	2800	96	3000	var(--dance-moves-96t)	Replace the literal/variable with a DanceMoves tick property; use deferStart or onNextInterval when the delay represents musical boundary alignment rather than phase staggering.
399	Christmas Tat	https://kieransimkin.co.uk/christmas-tat/	120	page-inline	inline:style:9	css	.ember-field i:nth-child(3)	animation-delay	5.1s	5.1s	5100	160	5000	var(--dance-moves-160t)	Replace the literal/variable with a DanceMoves tick property; use deferStart or onNextInterval when the delay represents musical boundary alignment rather than phase staggering.
399	Christmas Tat	https://kieransimkin.co.uk/christmas-tat/	120	page-inline	inline:style:9	css	.ember-field i:nth-child(4)	animation-delay	1.4s	1.4s	1400	48	1500	var(--dance-moves-48t)	Replace the literal/variable with a DanceMoves tick property; use deferStart or onNextInterval when the delay represents musical boundary alignment rather than phase staggering.
399	Christmas Tat	https://kieransimkin.co.uk/christmas-tat/	120	page-inline	inline:style:9	css	.ember-field i:nth-child(5)	animation-delay	4.3s	4.3s	4300	144	4500	var(--dance-moves-144t)	Replace the literal/variable with a DanceMoves tick property; use deferStart or onNextInterval when the delay represents musical boundary alignment rather than phase staggering.
399	Christmas Tat	https://kieransimkin.co.uk/christmas-tat/	120	page-inline	inline:style:9	css	.ember-field i:nth-child(6)	animation-delay	.8s	.8s	800	32	1000	var(--dance-moves-32t)	Replace the literal/variable with a DanceMoves tick property; use deferStart or onNextInterval when the delay represents musical boundary alignment rather than phase staggering.
399	Christmas Tat	https://kieransimkin.co.uk/christmas-tat/	120	page-inline	inline:style:9	css	.ember-field i:nth-child(7)	animation-delay	3.6s	3.6s	3600	112	3500	var(--dance-moves-112t)	Replace the literal/variable with a DanceMoves tick property; use deferStart or onNextInterval when the delay represents musical boundary alignment rather than phase staggering.
399	Christmas Tat	https://kieransimkin.co.uk/christmas-tat/	120	page-inline	inline:style:9	css	.ember-field i:nth-child(8)	animation-delay	5.8s	5.8s	5800	192	6000	var(--dance-moves-192t)	Replace the literal/variable with a DanceMoves tick property; use deferStart or onNextInterval when the delay represents musical boundary alignment rather than phase staggering.
399	Christmas Tat	https://kieransimkin.co.uk/christmas-tat/	120	page-inline	inline:style:9	css	.ember-field i:nth-child(9)	animation-delay	2.1s	2.1s	2100	64	2000	var(--dance-moves-64t)	Replace the literal/variable with a DanceMoves tick property; use deferStart or onNextInterval when the delay represents musical boundary alignment rather than phase staggering.
399	Christmas Tat	https://kieransimkin.co.uk/christmas-tat/	120	page-inline	inline:style:9	css	.ember-field i:nth-child(10)	animation-delay	4.8s	4.8s	4800	160	5000	var(--dance-moves-160t)	Replace the literal/variable with a DanceMoves tick property; use deferStart or onNextInterval when the delay represents musical boundary alignment rather than phase staggering.
399	Christmas Tat	https://kieransimkin.co.uk/christmas-tat/	120	page-inline	inline:style:9	css	.ember-field i:nth-child(11)	animation-delay	6.2s	6.2s	6200	192	6000	var(--dance-moves-192t)	Replace the literal/variable with a DanceMoves tick property; use deferStart or onNextInterval when the delay represents musical boundary alignment rather than phase staggering.
399	Christmas Tat	https://kieransimkin.co.uk/christmas-tat/	120	page-inline	inline:style:9	css	.ember-field i:nth-child(12)	animation-delay	3.1s	3.1s	3100	96	3000	var(--dance-moves-96t)	Replace the literal/variable with a DanceMoves tick property; use deferStart or onNextInterval when the delay represents musical boundary alignment rather than phase staggering.
399	Christmas Tat	https://kieransimkin.co.uk/christmas-tat/	120	page-inline	inline:style:9	css	.ember-fuse-fill	transition	width 120ms linear	120ms	120	4	125	var(--dance-moves-4t)	Replace each fixed duration with the listed --dance-moves-Nt property; when a class/state change must wait for a boundary, trigger it through deferStart/onNextInterval.
399	Christmas Tat	https://kieransimkin.co.uk/christmas-tat/	120	page-inline	inline:style:9	css	.ember-fuse-spark	transition	left 120ms linear	120ms	120	4	125	var(--dance-moves-4t)	Replace each fixed duration with the listed --dance-moves-Nt property; when a class/state change must wait for a boundary, trigger it through deferStart/onNextInterval.
399	Christmas Tat	https://kieransimkin.co.uk/christmas-tat/	120	page-inline	inline:style:9	css	.gift-object	transition	transform 160ms ease, border-color 160ms ease, background 160ms ease, box-shadow 160ms ease	160ms	160	5	156.25	var(--dance-moves-5t)	Replace each fixed duration with the listed --dance-moves-Nt property; when a class/state change must wait for a boundary, trigger it through deferStart/onNextInterval.
399	Christmas Tat	https://kieransimkin.co.uk/christmas-tat/	120	page-inline	inline:style:9	css	.gift-object	transition	transform 160ms ease, border-color 160ms ease, background 160ms ease, box-shadow 160ms ease	160ms	160	5	156.25	var(--dance-moves-5t)	Replace each fixed duration with the listed --dance-moves-Nt property; when a class/state change must wait for a boundary, trigger it through deferStart/onNextInterval.
399	Christmas Tat	https://kieransimkin.co.uk/christmas-tat/	120	page-inline	inline:style:9	css	.gift-object	transition	transform 160ms ease, border-color 160ms ease, background 160ms ease, box-shadow 160ms ease	160ms	160	5	156.25	var(--dance-moves-5t)	Replace each fixed duration with the listed --dance-moves-Nt property; when a class/state change must wait for a boundary, trigger it through deferStart/onNextInterval.
399	Christmas Tat	https://kieransimkin.co.uk/christmas-tat/	120	page-inline	inline:style:9	css	.gift-object	transition	transform 160ms ease, border-color 160ms ease, background 160ms ease, box-shadow 160ms ease	160ms	160	5	156.25	var(--dance-moves-5t)	Replace each fixed duration with the listed --dance-moves-Nt property; when a class/state change must wait for a boundary, trigger it through deferStart/onNextInterval.
399	Christmas Tat	https://kieransimkin.co.uk/christmas-tat/	120	page-inline	inline:style:9	css	html.ct-js .reveal	transition	opacity 380ms ease, transform 380ms ease	380ms	380	12	375	var(--dance-moves-12t)	Replace each fixed duration with the listed --dance-moves-Nt property; when a class/state change must wait for a boundary, trigger it through deferStart/onNextInterval.
399	Christmas Tat	https://kieransimkin.co.uk/christmas-tat/	120	page-inline	inline:style:9	css	html.ct-js .reveal	transition	opacity 380ms ease, transform 380ms ease	380ms	380	12	375	var(--dance-moves-12t)	Replace each fixed duration with the listed --dance-moves-Nt property; when a class/state change must wait for a boundary, trigger it through deferStart/onNextInterval.
399	Christmas Tat	https://kieransimkin.co.uk/christmas-tat/	120	page-inline	inline:style:9	css	@media (prefers-reduced-motion: reduce) { html	scroll-behavior	auto						Keep unchanged; reduced-motion/accessibility override is authoritative.
399	Christmas Tat	https://kieransimkin.co.uk/christmas-tat/	120	page-inline	inline:style:9	css	*, *::before, *::after	animation-duration	.01ms !important	.01ms	0.01	1	31.25	var(--dance-moves-1t)	Keep unchanged; reduced-motion/accessibility override is authoritative.
399	Christmas Tat	https://kieransimkin.co.uk/christmas-tat/	120	page-inline	inline:style:9	css	*, *::before, *::after	animation-iteration-count	1 !important						Replace each fixed duration with the listed --dance-moves-Nt property, register the page animation scope, and use a 16- or 64-tick deferred start for beat/bar alignment when audio-driven.
399	Christmas Tat	https://kieransimkin.co.uk/christmas-tat/	120	page-inline	inline:style:9	css	*, *::before, *::after	transition-duration	.01ms !important	.01ms	0.01	1	31.25	var(--dance-moves-1t)	Keep unchanged; reduced-motion/accessibility override is authoritative.
399	Christmas Tat	https://kieransimkin.co.uk/christmas-tat/	120	page-inline	inline:style:christmas-tat-origin-detail-style	css	@media(prefers-reduced-motion:reduce){.fractal-smoke-divider,.art-close-look	transition	none!important						Keep unchanged; reduced-motion/accessibility override is authoritative.
399	Christmas Tat	https://kieransimkin.co.uk/christmas-tat/	120	page-inline	inline:style:christmas-tat-calendar-style	css	@media(prefers-reduced-motion:reduce){.ct-calendar *	transition	none!important						Keep unchanged; reduced-motion/accessibility override is authoritative.
399	Christmas Tat	https://kieransimkin.co.uk/christmas-tat/	120	page-inline	inline:style:ks-epk-lyrics-style	css	.ks-epk-lyrics-track summary span[aria-hidden]	transition	transform .2s ease	.2s	200	6	187.5	var(--dance-moves-6t)	Replace each fixed duration with the listed --dance-moves-Nt property; when a class/state change must wait for a boundary, trigger it through deferStart/onNextInterval.
399	Christmas Tat	https://kieransimkin.co.uk/christmas-tat/	120	page-inline	inline:style:ks-epk-lyrics-style	css	@media(prefers-reduced-motion:reduce){.ks-epk-lyrics-track summary span[aria-hidden]	transition	none						Keep unchanged; reduced-motion/accessibility override is authoritative.
399	Christmas Tat	https://kieransimkin.co.uk/christmas-tat/	120	page-inline	inline:script:1	js	currentTime		lector('.ember-fuse-spark'); const updateFuse = () => { const duration = Number.isFinite(audio.duration) ? audio.duration : 0; const progress = duration > 0 ? Math.min(100, (audio.currentTime / duration) * 100) : 0; const rounded = Math.round(progress); fuseFill.style.width = progress + '%'; fuseSpark.style.left = progress + '%'; fuse.setAttribute('aria-valuenow', String(rounded)); fuse.setAttribute('aria-valuetext', rounded + '% played'); }; audio.addEventListener('loadedmetadata', updateFuse); audio.addEventList…						Keep the audio state driver; move named song moments to DanceMoves.onCue and align optional starts with onNextBeat/onNextBar.
399	Christmas Tat	https://kieransimkin.co.uk/christmas-tat/	120	page-inline	inline:script:1	js	addEventListener('timeupdate		'%'; fuse.setAttribute('aria-valuenow', String(rounded)); fuse.setAttribute('aria-valuetext', rounded + '% played'); }; audio.addEventListener('loadedmetadata', updateFuse); audio.addEventListener('timeupdate', updateFuse); audio.addEventListener('ended', updateFuse); })();						Keep the audio state driver; move named song moments to DanceMoves.onCue and align optional starts with onNextBeat/onNextBar.
399	Christmas Tat	https://kieransimkin.co.uk/christmas-tat/	120	page-inline	inline:script:1	js	addEventListener('ended		nded)); fuse.setAttribute('aria-valuetext', rounded + '% played'); }; audio.addEventListener('loadedmetadata', updateFuse); audio.addEventListener('timeupdate', updateFuse); audio.addEventListener('ended', updateFuse); })();						Keep the audio state driver; move named song moments to DanceMoves.onCue and align optional starts with onNextBeat/onNextBar.
243	Presents & Chocolate	https://kieransimkin.co.uk/presents-chocolate/	132	page-inline	inline:style:global-styles-inline-css	css	.wpforms-container .wpforms-image-choices-modern label:not(.wpforms-error)	transition	all 0.5s	0.5s	500	16	454.545	var(--dance-moves-16t)	Replace each fixed duration with the listed --dance-moves-Nt property; when a class/state change must wait for a boundary, trigger it through deferStart/onNextInterval.
243	Presents & Chocolate	https://kieransimkin.co.uk/presents-chocolate/	132	page-inline	inline:style:global-styles-inline-css	css	.wpforms-container .wpforms-image-choices-modern .wpforms-image-choices-image:after	transition	all 0.5s	0.5s	500	16	454.545	var(--dance-moves-16t)	Replace each fixed duration with the listed --dance-moves-Nt property; when a class/state change must wait for a boundary, trigger it through deferStart/onNextInterval.
243	Presents & Chocolate	https://kieransimkin.co.uk/presents-chocolate/	132	page-inline	inline:style:global-styles-inline-css	css	div.wpforms-container-full input[type=date],div.wpforms-container-full input[type=datetime],div.wpforms-container-full input[type=datetime-local],div.wpforms-container-full input[…	transition	border 0.15s, box-shadow 0.15s	0.15s	150	5	142.045	var(--dance-moves-5t)	Replace each fixed duration with the listed --dance-moves-Nt property; when a class/state change must wait for a boundary, trigger it through deferStart/onNextInterval.
243	Presents & Chocolate	https://kieransimkin.co.uk/presents-chocolate/	132	page-inline	inline:style:global-styles-inline-css	css	div.wpforms-container-full input[type=date],div.wpforms-container-full input[type=datetime],div.wpforms-container-full input[type=datetime-local],div.wpforms-container-full input[…	transition	border 0.15s, box-shadow 0.15s	0.15s	150	5	142.045	var(--dance-moves-5t)	Replace each fixed duration with the listed --dance-moves-Nt property; when a class/state change must wait for a boundary, trigger it through deferStart/onNextInterval.
243	Presents & Chocolate	https://kieransimkin.co.uk/presents-chocolate/	132	page-inline	inline:style:global-styles-inline-css	css	div.wpforms-container-full input[type=submit],div.wpforms-container-full button[type=submit],div.wpforms-container-full .wpforms-page-button	transition	all 0.15s ease-in-out	0.15s	150	5	142.045	var(--dance-moves-5t)	Replace each fixed duration with the listed --dance-moves-Nt property; when a class/state change must wait for a boundary, trigger it through deferStart/onNextInterval.
243	Presents & Chocolate	https://kieransimkin.co.uk/presents-chocolate/	132	page-inline	inline:style:9	css	.epk-button,.epk-download	transition	.25s ease	.25s	250	9	255.682	var(--dance-moves-9t)	Replace each fixed duration with the listed --dance-moves-Nt property; when a class/state change must wait for a boundary, trigger it through deferStart/onNextInterval.
243	Presents & Chocolate	https://kieransimkin.co.uk/presents-chocolate/	132	page-inline	inline:style:ks-epk-lyrics-style	css	.ks-epk-lyrics-track summary span[aria-hidden]	transition	transform .2s ease	.2s	200	7	198.864	var(--dance-moves-7t)	Replace each fixed duration with the listed --dance-moves-Nt property; when a class/state change must wait for a boundary, trigger it through deferStart/onNextInterval.
243	Presents & Chocolate	https://kieransimkin.co.uk/presents-chocolate/	132	page-inline	inline:style:ks-epk-lyrics-style	css	@media(prefers-reduced-motion:reduce){.ks-epk-lyrics-track summary span[aria-hidden]	transition	none						Keep unchanged; reduced-motion/accessibility override is authoritative.
243	Presents & Chocolate	https://kieransimkin.co.uk/presents-chocolate/	132	page-inline	inline:style:pc-epk-live-overlay	css	@media(prefers-reduced-motion:reduce){.ks-epk[data-release="presents-and-chocolate"] *	animation	none!important						Keep unchanged; reduced-motion/accessibility override is authoritative.
243	Presents & Chocolate	https://kieransimkin.co.uk/presents-chocolate/	132	page-inline	inline:style:pc-epk-live-overlay	css	@media(prefers-reduced-motion:reduce){.ks-epk[data-release="presents-and-chocolate"] *	transition	none!important						Keep unchanged; reduced-motion/accessibility override is authoritative.
243	Presents & Chocolate	https://kieransimkin.co.uk/presents-chocolate/	132	page-inline	inline:style:pc-epk-live-overlay	css	@media(prefers-reduced-motion:reduce){.ks-epk[data-release="presents-and-chocolate"] *	scroll-behavior	auto!important						Keep unchanged; reduced-motion/accessibility override is authoritative.
243	Presents & Chocolate	https://kieransimkin.co.uk/presents-chocolate/	132	page-inline	inline:style:pc-epk-motion-overlay	css	.ks-epk[data-release="presents-and-chocolate"] .epk-hero::before	animation	pc-star-drift 9s ease-in-out infinite	9s	9000	320	9090.909	var(--dance-moves-320t)	Replace each fixed duration with the listed --dance-moves-Nt property, register the page animation scope, and use a 16- or 64-tick deferred start for beat/bar alignment when audio-driven.
243	Presents & Chocolate	https://kieransimkin.co.uk/presents-chocolate/	132	page-inline	inline:style:pc-epk-motion-overlay	css	.ks-epk[data-release="presents-and-chocolate"] .epk-cover-wrap	animation	pc-cover-float 7.2s ease-in-out infinite	7.2s	7200	256	7272.727	var(--dance-moves-256t)	Replace each fixed duration with the listed --dance-moves-Nt property, register the page animation scope, and use a 16- or 64-tick deferred start for beat/bar alignment when audio-driven.
243	Presents & Chocolate	https://kieransimkin.co.uk/presents-chocolate/	132	page-inline	inline:style:pc-epk-motion-overlay	css	.ks-epk[data-release="presents-and-chocolate"] .epk-heading h1::after	animation	pc-gold-sweep 6.4s cubic-bezier(.22,.75,.32,1) infinite	6.4s	6400	224	6363.636	var(--dance-moves-224t)	Replace each fixed duration with the listed --dance-moves-Nt property, register the page animation scope, and use a 16- or 64-tick deferred start for beat/bar alignment when audio-driven.
243	Presents & Chocolate	https://kieransimkin.co.uk/presents-chocolate/	132	page-inline	inline:style:pc-epk-motion-overlay	css	.ks-epk[data-release="presents-and-chocolate"] .epk-actions::before	animation	pc-two-step-lights 3.6s ease-in-out infinite	3.6s	3600	128	3636.364	var(--dance-moves-128t)	Replace each fixed duration with the listed --dance-moves-Nt property, register the page animation scope, and use a 16- or 64-tick deferred start for beat/bar alignment when audio-driven.
243	Presents & Chocolate	https://kieransimkin.co.uk/presents-chocolate/	132	page-inline	inline:style:pc-epk-motion-overlay	css	.ks-epk[data-release="presents-and-chocolate"] .epk-button::after	animation	pc-button-glint 8s ease-in-out infinite	8s	8000	288	8181.818	var(--dance-moves-288t)	Replace each fixed duration with the listed --dance-moves-Nt property, register the page animation scope, and use a 16- or 64-tick deferred start for beat/bar alignment when audio-driven.
243	Presents & Chocolate	https://kieransimkin.co.uk/presents-chocolate/	132	page-inline	inline:style:pc-epk-motion-overlay	css	.ks-epk[data-release="presents-and-chocolate"] .epk-body>section	transition	transform .35s ease,box-shadow .35s ease	.35s	350	12	340.909	var(--dance-moves-12t)	Replace each fixed duration with the listed --dance-moves-Nt property; when a class/state change must wait for a boundary, trigger it through deferStart/onNextInterval.
243	Presents & Chocolate	https://kieransimkin.co.uk/presents-chocolate/	132	page-inline	inline:style:pc-epk-motion-overlay	css	.ks-epk[data-release="presents-and-chocolate"] .epk-body>section	transition	transform .35s ease,box-shadow .35s ease	.35s	350	12	340.909	var(--dance-moves-12t)	Replace each fixed duration with the listed --dance-moves-Nt property; when a class/state change must wait for a boundary, trigger it through deferStart/onNextInterval.
243	Presents & Chocolate	https://kieransimkin.co.uk/presents-chocolate/	132	page-inline	inline:style:pc-epk-motion-overlay	css	.ks-epk[data-release="presents-and-chocolate"] .epk-cover-wrap	animation-duration	8.5s	8.5s	8500	304	8636.364	var(--dance-moves-304t)	Replace each fixed duration with the listed --dance-moves-Nt property, register the page animation scope, and use a 16- or 64-tick deferred start for beat/bar alignment when audio-driven.
243	Presents & Chocolate	https://kieransimkin.co.uk/presents-chocolate/	132	page-inline	inline:style:pc-epk-motion-overlay	css	@media(prefers-reduced-motion:reduce){ .ks-epk[data-release="presents-and-chocolate"] .epk-hero::before, .ks-epk[data-release="presents-and-chocolate"] .epk-cover-wrap, .ks-epk[da…	animation	none!important						Keep unchanged; reduced-motion/accessibility override is authoritative.
243	Presents & Chocolate	https://kieransimkin.co.uk/presents-chocolate/	132	page-inline	inline:style:pc-epk-motion-overlay	css	.ks-epk[data-release="presents-and-chocolate"] .epk-body>section	transition	none!important						Keep unchanged; reduced-motion/accessibility override is authoritative.
243	Presents & Chocolate	https://kieransimkin.co.uk/presents-chocolate/	132	page-inline	inline:style:pc-epk-progressive-reveal-styles	css	.pc-reveal-enabled .ks-epk[data-release="presents-and-chocolate"] .epk-body > section[data-pc-reveal]	transition	opacity .72s cubic-bezier(.22,.75,.32,1),transform .72s cubic-bezier(.22,.75,.32,1),box-shadow .35s ease	.72s	720	32	909.091	var(--dance-moves-32t)	Replace each fixed duration with the listed --dance-moves-Nt property; when a class/state change must wait for a boundary, trigger it through deferStart/onNextInterval.
243	Presents & Chocolate	https://kieransimkin.co.uk/presents-chocolate/	132	page-inline	inline:style:pc-epk-progressive-reveal-styles	css	.pc-reveal-enabled .ks-epk[data-release="presents-and-chocolate"] .epk-body > section[data-pc-reveal]	transition	opacity .72s cubic-bezier(.22,.75,.32,1),transform .72s cubic-bezier(.22,.75,.32,1),box-shadow .35s ease	.72s	720	32	909.091	var(--dance-moves-32t)	Replace each fixed duration with the listed --dance-moves-Nt property; when a class/state change must wait for a boundary, trigger it through deferStart/onNextInterval.
243	Presents & Chocolate	https://kieransimkin.co.uk/presents-chocolate/	132	page-inline	inline:style:pc-epk-progressive-reveal-styles	css	.pc-reveal-enabled .ks-epk[data-release="presents-and-chocolate"] .epk-body > section[data-pc-reveal]	transition	opacity .72s cubic-bezier(.22,.75,.32,1),transform .72s cubic-bezier(.22,.75,.32,1),box-shadow .35s ease	.35s	350	12	340.909	var(--dance-moves-12t)	Replace each fixed duration with the listed --dance-moves-Nt property; when a class/state change must wait for a boundary, trigger it through deferStart/onNextInterval.
243	Presents & Chocolate	https://kieransimkin.co.uk/presents-chocolate/	132	page-inline	inline:style:pc-epk-progressive-reveal-styles	css	.pc-reveal-enabled .ks-epk[data-release="presents-and-chocolate"] .epk-body > section[data-pc-reveal]	transition-delay	var(--pc-reveal-delay,0ms)	0ms	0				Replace the literal/variable with a DanceMoves tick property; use deferStart or onNextInterval when the delay represents musical boundary alignment rather than phase staggering.
243	Presents & Chocolate	https://kieransimkin.co.uk/presents-chocolate/	132	page-inline	inline:style:pc-epk-progressive-reveal-styles	css	@media(prefers-reduced-motion:reduce){ .pc-reveal-enabled .ks-epk[data-release="presents-and-chocolate"] .epk-body > section[data-pc-reveal]	transition	none!important						Keep unchanged; reduced-motion/accessibility override is authoritative.
243	Presents & Chocolate	https://kieransimkin.co.uk/presents-chocolate/	132	page-inline	inline:script:pc-epk-progressive-reveal	js	setProperty('--pc-reveal-delay'		if(motion.matches||!('IntersectionObserver' in window)){ revealAll(); return; } sections.forEach((section,index)=>{ section.dataset.pcReveal='1'; section.style.setProperty('--pc-reveal-delay',`${Math.min(index%3,2)*70}ms`); if(section.getBoundingClientRect().top<window.innerHeight*.9) section.classList.add('pc-is-visible'); }); document.documentElement.classList.add('pc-reveal-enabled'); observer=new IntersectionObserver(entries=>{ entries.forEach(entry=>{ if(!entry.isIntersecting) return; entry.target.classList.a…						Keep the pointer/scroll/sensor/requestAnimationFrame driver event-based; convert only its visual CSS easing or release duration.
246	Fighting Entropy	https://kieransimkin.co.uk/fighting-entropy/	120	page-inline	inline:style:global-styles-inline-css	css	.wpforms-container .wpforms-image-choices-modern label:not(.wpforms-error)	transition	all 0.5s	0.5s	500	16	500	var(--dance-moves-16t)	Replace each fixed duration with the listed --dance-moves-Nt property; when a class/state change must wait for a boundary, trigger it through deferStart/onNextInterval.
246	Fighting Entropy	https://kieransimkin.co.uk/fighting-entropy/	120	page-inline	inline:style:global-styles-inline-css	css	.wpforms-container .wpforms-image-choices-modern .wpforms-image-choices-image:after	transition	all 0.5s	0.5s	500	16	500	var(--dance-moves-16t)	Replace each fixed duration with the listed --dance-moves-Nt property; when a class/state change must wait for a boundary, trigger it through deferStart/onNextInterval.
246	Fighting Entropy	https://kieransimkin.co.uk/fighting-entropy/	120	page-inline	inline:style:global-styles-inline-css	css	div.wpforms-container-full input[type=date],div.wpforms-container-full input[type=datetime],div.wpforms-container-full input[type=datetime-local],div.wpforms-container-full input[…	transition	border 0.15s, box-shadow 0.15s	0.15s	150	5	156.25	var(--dance-moves-5t)	Replace each fixed duration with the listed --dance-moves-Nt property; when a class/state change must wait for a boundary, trigger it through deferStart/onNextInterval.
246	Fighting Entropy	https://kieransimkin.co.uk/fighting-entropy/	120	page-inline	inline:style:global-styles-inline-css	css	div.wpforms-container-full input[type=date],div.wpforms-container-full input[type=datetime],div.wpforms-container-full input[type=datetime-local],div.wpforms-container-full input[…	transition	border 0.15s, box-shadow 0.15s	0.15s	150	5	156.25	var(--dance-moves-5t)	Replace each fixed duration with the listed --dance-moves-Nt property; when a class/state change must wait for a boundary, trigger it through deferStart/onNextInterval.
246	Fighting Entropy	https://kieransimkin.co.uk/fighting-entropy/	120	page-inline	inline:style:global-styles-inline-css	css	div.wpforms-container-full input[type=submit],div.wpforms-container-full button[type=submit],div.wpforms-container-full .wpforms-page-button	transition	all 0.15s ease-in-out	0.15s	150	5	156.25	var(--dance-moves-5t)	Replace each fixed duration with the listed --dance-moves-Nt property; when a class/state change must wait for a boundary, trigger it through deferStart/onNextInterval.
246	Fighting Entropy	https://kieransimkin.co.uk/fighting-entropy/	120	page-inline	inline:style:9	css	.epk-button,.epk-download	transition	.25s ease	.25s	250	8	250	var(--dance-moves-8t)	Replace each fixed duration with the listed --dance-moves-Nt property; when a class/state change must wait for a boundary, trigger it through deferStart/onNextInterval.
246	Fighting Entropy	https://kieransimkin.co.uk/fighting-entropy/	120	page-inline	inline:style:fe-climb-style	css	.fe-city::before	animation	fe-city-mist 24s ease-in-out infinite alternate	24s	24000	768	24000	var(--dance-moves-768t)	Replace each fixed duration with the listed --dance-moves-Nt property, register the page animation scope, and use a 16- or 64-tick deferred start for beat/bar alignment when audio-driven.
246	Fighting Entropy	https://kieransimkin.co.uk/fighting-entropy/	120	page-inline	inline:style:fe-climb-style	css	.fe-city::after	animation	fe-light-pass 31s linear infinite	31s	31000	992	31000	var(--dance-moves-992t)	Replace each fixed duration with the listed --dance-moves-Nt property, register the page animation scope, and use a 16- or 64-tick deferred start for beat/bar alignment when audio-driven.
246	Fighting Entropy	https://kieransimkin.co.uk/fighting-entropy/	120	page-inline	inline:style:fe-climb-style	css	.fe-cloud-back	animation	fe-cloud-back 64s ease-in-out infinite	64s	64000	2048	64000	var(--dance-moves-2048t)	Replace each fixed duration with the listed --dance-moves-Nt property, register the page animation scope, and use a 16- or 64-tick deferred start for beat/bar alignment when audio-driven.
246	Fighting Entropy	https://kieransimkin.co.uk/fighting-entropy/	120	page-inline	inline:style:fe-climb-style	css	.fe-cloud-front	animation	fe-cloud-front 43s ease-in-out infinite	43s	43000	1376	43000	var(--dance-moves-1376t)	Replace each fixed duration with the listed --dance-moves-Nt property, register the page animation scope, and use a 16- or 64-tick deferred start for beat/bar alignment when audio-driven.
246	Fighting Entropy	https://kieransimkin.co.uk/fighting-entropy/	120	page-inline	inline:style:fe-climb-style	css	.fe-tower span	animation	fe-window-life 14s ease-in-out infinite alternate	14s	14000	448	14000	var(--dance-moves-448t)	Replace each fixed duration with the listed --dance-moves-Nt property, register the page animation scope, and use a 16- or 64-tick deferred start for beat/bar alignment when audio-driven.
246	Fighting Entropy	https://kieransimkin.co.uk/fighting-entropy/	120	page-inline	inline:style:fe-climb-style	css	.fe-tower span:nth-child(3n + 1)	animation-delay	-9s	-9s	-9000	-288	-9000	var(--dance-moves-neg-288t)	Replace the literal/variable with a DanceMoves tick property; use deferStart or onNextInterval when the delay represents musical boundary alignment rather than phase staggering.
246	Fighting Entropy	https://kieransimkin.co.uk/fighting-entropy/	120	page-inline	inline:style:fe-climb-style	css	.fe-tower span:nth-child(3n + 1)	animation-duration	17s	17s	17000	544	17000	var(--dance-moves-544t)	Replace each fixed duration with the listed --dance-moves-Nt property, register the page animation scope, and use a 16- or 64-tick deferred start for beat/bar alignment when audio-driven.
246	Fighting Entropy	https://kieransimkin.co.uk/fighting-entropy/	120	page-inline	inline:style:fe-climb-style	css	.fe-tower span:nth-child(4n)	animation-delay	-4s	-4s	-4000	-128	-4000	var(--dance-moves-neg-128t)	Replace the literal/variable with a DanceMoves tick property; use deferStart or onNextInterval when the delay represents musical boundary alignment rather than phase staggering.
246	Fighting Entropy	https://kieransimkin.co.uk/fighting-entropy/	120	page-inline	inline:style:fe-climb-style	css	.fe-tower span:nth-child(4n)	animation-duration	11s	11s	11000	352	11000	var(--dance-moves-352t)	Replace each fixed duration with the listed --dance-moves-Nt property, register the page animation scope, and use a 16- or 64-tick deferred start for beat/bar alignment when audio-driven.
246	Fighting Entropy	https://kieransimkin.co.uk/fighting-entropy/	120	page-inline	inline:style:fe-climb-style	css	.fe-tower span:nth-child(5n)	animation-delay	-13s	-13s	-13000	-416	-13000	var(--dance-moves-neg-416t)	Replace the literal/variable with a DanceMoves tick property; use deferStart or onNextInterval when the delay represents musical boundary alignment rather than phase staggering.
246	Fighting Entropy	https://kieransimkin.co.uk/fighting-entropy/	120	page-inline	inline:style:fe-climb-style	css	.fe-tower span:nth-child(5n)	animation-duration	19s	19s	19000	608	19000	var(--dance-moves-608t)	Replace each fixed duration with the listed --dance-moves-Nt property, register the page animation scope, and use a 16- or 64-tick deferred start for beat/bar alignment when audio-driven.
246	Fighting Entropy	https://kieransimkin.co.uk/fighting-entropy/	120	page-inline	inline:style:fe-climb-style	css	.ks-epk[data-release="fighting-entropy"] .epk-cover	transition	transform .18s ease-out	.18s	180	6	187.5	var(--dance-moves-6t)	Replace each fixed duration with the listed --dance-moves-Nt property; when a class/state change must wait for a boundary, trigger it through deferStart/onNextInterval.
246	Fighting Entropy	https://kieransimkin.co.uk/fighting-entropy/	120	page-inline	inline:style:fe-climb-style	css	.fe-hero-rain	animation	fe-rain 2.6s linear infinite	2.6s	2600	80	2500	var(--dance-moves-80t)	Replace each fixed duration with the listed --dance-moves-Nt property, register the page animation scope, and use a 16- or 64-tick deferred start for beat/bar alignment when audio-driven.
246	Fighting Entropy	https://kieransimkin.co.uk/fighting-entropy/	120	page-inline	inline:style:fe-climb-style	css	.fe-hero-rain-front	animation-duration	1.5s	1.5s	1500	48	1500	var(--dance-moves-48t)	Replace each fixed duration with the listed --dance-moves-Nt property, register the page animation scope, and use a 16- or 64-tick deferred start for beat/bar alignment when audio-driven.
246	Fighting Entropy	https://kieransimkin.co.uk/fighting-entropy/	120	page-inline	inline:style:fe-climb-style	css	.ks-epk[data-release="fighting-entropy"].fe-motion-off .fe-city::before, .ks-epk[data-release="fighting-entropy"].fe-motion-off .fe-city::after, .ks-epk[data-release="fighting-ent…	animation-play-state	paused						Replace each fixed duration with the listed --dance-moves-Nt property, register the page animation scope, and use a 16- or 64-tick deferred start for beat/bar alignment when audio-driven.
246	Fighting Entropy	https://kieransimkin.co.uk/fighting-entropy/	120	page-inline	inline:style:fe-climb-style	css	@media (prefers-reduced-motion: reduce) { .ks-epk[data-release="fighting-entropy"] *, .ks-epk[data-release="fighting-entropy"] *::before, .ks-epk[data-release="fighting-entropy"] …	animation-duration	.001ms !important	.001ms	0.001	1	31.25	var(--dance-moves-1t)	Keep unchanged; reduced-motion/accessibility override is authoritative.
246	Fighting Entropy	https://kieransimkin.co.uk/fighting-entropy/	120	page-inline	inline:style:fe-climb-style	css	@media (prefers-reduced-motion: reduce) { .ks-epk[data-release="fighting-entropy"] *, .ks-epk[data-release="fighting-entropy"] *::before, .ks-epk[data-release="fighting-entropy"] …	animation-iteration-count	1 !important						Replace each fixed duration with the listed --dance-moves-Nt property, register the page animation scope, and use a 16- or 64-tick deferred start for beat/bar alignment when audio-driven.
246	Fighting Entropy	https://kieransimkin.co.uk/fighting-entropy/	120	page-inline	inline:style:fe-climb-style	css	@media (prefers-reduced-motion: reduce) { .ks-epk[data-release="fighting-entropy"] *, .ks-epk[data-release="fighting-entropy"] *::before, .ks-epk[data-release="fighting-entropy"] …	transition-duration	.001ms !important	.001ms	0.001	1	31.25	var(--dance-moves-1t)	Keep unchanged; reduced-motion/accessibility override is authoritative.
246	Fighting Entropy	https://kieransimkin.co.uk/fighting-entropy/	120	page-inline	inline:style:fe-climb-style	css	@media (prefers-reduced-motion: reduce) { .ks-epk[data-release="fighting-entropy"] *, .ks-epk[data-release="fighting-entropy"] *::before, .ks-epk[data-release="fighting-entropy"] …	scroll-behavior	auto !important						Keep unchanged; reduced-motion/accessibility override is authoritative.
246	Fighting Entropy	https://kieransimkin.co.uk/fighting-entropy/	120	page-inline	inline:style:ks-epk-lyrics-style	css	.ks-epk-lyrics-track summary span[aria-hidden]	transition	transform .2s ease	.2s	200	6	187.5	var(--dance-moves-6t)	Replace each fixed duration with the listed --dance-moves-Nt property; when a class/state change must wait for a boundary, trigger it through deferStart/onNextInterval.
246	Fighting Entropy	https://kieransimkin.co.uk/fighting-entropy/	120	page-inline	inline:style:ks-epk-lyrics-style	css	@media(prefers-reduced-motion:reduce){.ks-epk-lyrics-track summary span[aria-hidden]	transition	none						Keep unchanged; reduced-motion/accessibility override is authoritative.
246	Fighting Entropy	https://kieransimkin.co.uk/fighting-entropy/	120	page-inline	inline:script:fe-climb-script	js	cancelAnimationFrame		style.setProperty('--fe-stone-turn', `${(progress * 720).toFixed(1)}deg`); epk.style.setProperty('--fe-city-shift', `${(-progress * 78).toFixed(1)}px`); } function queueScroll() { cancelAnimationFrame(scrollFrame); scrollFrame = requestAnimationFrame(updateScroll); } function setLevel(level) { if (label) label.textContent = level === 'OUT' ? 'WAY OUT' : `LEVEL ${level}`; ticks.forEach(tick => tick.classList.toggle('is-active', tick.dataset.feRailLevel === level)); } cover?.addEventListener('pointermove', event => …						Keep the pointer/scroll/sensor/requestAnimationFrame driver event-based; convert only its visual CSS easing or release duration.
246	Fighting Entropy	https://kieransimkin.co.uk/fighting-entropy/	120	page-inline	inline:script:fe-climb-script	js	requestAnimationFrame		* 720).toFixed(1)}deg`); epk.style.setProperty('--fe-city-shift', `${(-progress * 78).toFixed(1)}px`); } function queueScroll() { cancelAnimationFrame(scrollFrame); scrollFrame = requestAnimationFrame(updateScroll); } function setLevel(level) { if (label) label.textContent = level === 'OUT' ? 'WAY OUT' : `LEVEL ${level}`; ticks.forEach(tick => tick.classList.toggle('is-active', tick.dataset.feRailLevel === level)); } cover?.addEventListener('pointermove', event => { if (!allowed() || event.pointerType === 'touch')…						Keep the pointer/scroll/sensor/requestAnimationFrame driver event-based; convert only its visual CSS easing or release duration.
246	Fighting Entropy	https://kieransimkin.co.uk/fighting-entropy/	120	page-inline	inline:script:fe-climb-script	js	addEventListener('pointer		(label) label.textContent = level === 'OUT' ? 'WAY OUT' : `LEVEL ${level}`; ticks.forEach(tick => tick.classList.toggle('is-active', tick.dataset.feRailLevel === level)); } cover?.addEventListener('pointermove', event => { if (!allowed() || event.pointerType === 'touch') return; const rect = cover.getBoundingClientRect(); const x = ((event.clientX - rect.left) / rect.width) * 2 - 1; const y = ((event.clientY - rect.top) / rect.height) * 2 - 1; cancelAnimationFrame(pointerFrame); pointerFrame = requestAnimationFram…						Keep the pointer/scroll/sensor/requestAnimationFrame driver event-based; convert only its visual CSS easing or release duration.
246	Fighting Entropy	https://kieransimkin.co.uk/fighting-entropy/	120	page-inline	inline:script:fe-climb-script	js	cancelAnimationFrame		h') return; const rect = cover.getBoundingClientRect(); const x = ((event.clientX - rect.left) / rect.width) * 2 - 1; const y = ((event.clientY - rect.top) / rect.height) * 2 - 1; cancelAnimationFrame(pointerFrame); pointerFrame = requestAnimationFrame(() => applyPointer(x, y)); }); cover?.addEventListener('pointerleave', () => { if (allowed()) applyPointer(); }); toggle?.addEventListener('click', () => { userDisabled = !userDisabled; updateButton(); }); reduced.addEventListener('change', updateButton); addEventLi…						Keep the pointer/scroll/sensor/requestAnimationFrame driver event-based; convert only its visual CSS easing or release duration.
246	Fighting Entropy	https://kieransimkin.co.uk/fighting-entropy/	120	page-inline	inline:script:fe-climb-script	js	requestAnimationFrame		t(); const x = ((event.clientX - rect.left) / rect.width) * 2 - 1; const y = ((event.clientY - rect.top) / rect.height) * 2 - 1; cancelAnimationFrame(pointerFrame); pointerFrame = requestAnimationFrame(() => applyPointer(x, y)); }); cover?.addEventListener('pointerleave', () => { if (allowed()) applyPointer(); }); toggle?.addEventListener('click', () => { userDisabled = !userDisabled; updateButton(); }); reduced.addEventListener('change', updateButton); addEventListener('scroll', queueScroll, { passive: true }); a…						Keep the pointer/scroll/sensor/requestAnimationFrame driver event-based; convert only its visual CSS easing or release duration.
246	Fighting Entropy	https://kieransimkin.co.uk/fighting-entropy/	120	page-inline	inline:script:fe-climb-script	js	addEventListener('pointer		2 - 1; const y = ((event.clientY - rect.top) / rect.height) * 2 - 1; cancelAnimationFrame(pointerFrame); pointerFrame = requestAnimationFrame(() => applyPointer(x, y)); }); cover?.addEventListener('pointerleave', () => { if (allowed()) applyPointer(); }); toggle?.addEventListener('click', () => { userDisabled = !userDisabled; updateButton(); }); reduced.addEventListener('change', updateButton); addEventListener('scroll', queueScroll, { passive: true }); addEventListener('resize', () => { applyPointer(); queueScrol…						Keep the pointer/scroll/sensor/requestAnimationFrame driver event-based; convert only its visual CSS easing or release duration.
246	Fighting Entropy	https://kieransimkin.co.uk/fighting-entropy/	120	page-inline	inline:script:fe-climb-script	js	addEventListener('scroll		{ if (allowed()) applyPointer(); }); toggle?.addEventListener('click', () => { userDisabled = !userDisabled; updateButton(); }); reduced.addEventListener('change', updateButton); addEventListener('scroll', queueScroll, { passive: true }); addEventListener('resize', () => { applyPointer(); queueScroll(); }, { passive: true }); document.addEventListener('visibilitychange', () => { if (document.hidden) applyPointer(); }); if ('IntersectionObserver' in window) { const observer = new IntersectionObserver(entries => { c…						Keep the pointer/scroll/sensor/requestAnimationFrame driver event-based; convert only its visual CSS easing or release duration.
248	November Christmas	https://kieransimkin.co.uk/november-christmas/	120	page-inline	inline:style:global-styles-inline-css	css	.wpforms-container .wpforms-image-choices-modern label:not(.wpforms-error)	transition	all 0.5s	0.5s	500	16	500	var(--dance-moves-16t)	Replace each fixed duration with the listed --dance-moves-Nt property; when a class/state change must wait for a boundary, trigger it through deferStart/onNextInterval.
248	November Christmas	https://kieransimkin.co.uk/november-christmas/	120	page-inline	inline:style:global-styles-inline-css	css	.wpforms-container .wpforms-image-choices-modern .wpforms-image-choices-image:after	transition	all 0.5s	0.5s	500	16	500	var(--dance-moves-16t)	Replace each fixed duration with the listed --dance-moves-Nt property; when a class/state change must wait for a boundary, trigger it through deferStart/onNextInterval.
248	November Christmas	https://kieransimkin.co.uk/november-christmas/	120	page-inline	inline:style:global-styles-inline-css	css	div.wpforms-container-full input[type=date],div.wpforms-container-full input[type=datetime],div.wpforms-container-full input[type=datetime-local],div.wpforms-container-full input[…	transition	border 0.15s, box-shadow 0.15s	0.15s	150	5	156.25	var(--dance-moves-5t)	Replace each fixed duration with the listed --dance-moves-Nt property; when a class/state change must wait for a boundary, trigger it through deferStart/onNextInterval.
248	November Christmas	https://kieransimkin.co.uk/november-christmas/	120	page-inline	inline:style:global-styles-inline-css	css	div.wpforms-container-full input[type=date],div.wpforms-container-full input[type=datetime],div.wpforms-container-full input[type=datetime-local],div.wpforms-container-full input[…	transition	border 0.15s, box-shadow 0.15s	0.15s	150	5	156.25	var(--dance-moves-5t)	Replace each fixed duration with the listed --dance-moves-Nt property; when a class/state change must wait for a boundary, trigger it through deferStart/onNextInterval.
248	November Christmas	https://kieransimkin.co.uk/november-christmas/	120	page-inline	inline:style:global-styles-inline-css	css	div.wpforms-container-full input[type=submit],div.wpforms-container-full button[type=submit],div.wpforms-container-full .wpforms-page-button	transition	all 0.15s ease-in-out	0.15s	150	5	156.25	var(--dance-moves-5t)	Replace each fixed duration with the listed --dance-moves-Nt property; when a class/state change must wait for a boundary, trigger it through deferStart/onNextInterval.
248	November Christmas	https://kieransimkin.co.uk/november-christmas/	120	page-inline	inline:style:9	css	.epk-button,.epk-download	transition	.25s ease	.25s	250	8	250	var(--dance-moves-8t)	Replace each fixed duration with the listed --dance-moves-Nt property; when a class/state change must wait for a boundary, trigger it through deferStart/onNextInterval.
248	November Christmas	https://kieransimkin.co.uk/november-christmas/	120	page-inline	inline:style:november-christmas-visual-prototype-v1	css	.ks-epk.nc-visual-live::before	animation	nc-live-sheen 18s ease-in-out infinite alternate	18s	18000	576	18000	var(--dance-moves-576t)	Replace each fixed duration with the listed --dance-moves-Nt property, register the page animation scope, and use a 16- or 64-tick deferred start for beat/bar alignment when audio-driven.
248	November Christmas	https://kieransimkin.co.uk/november-christmas/	120	page-inline	inline:style:november-christmas-visual-prototype-v1	css	.ks-epk.nc-visual-live .epk-cover-wrap::after	transition	transform .9s ease	.9s	900	32	1000	var(--dance-moves-32t)	Replace each fixed duration with the listed --dance-moves-Nt property; when a class/state change must wait for a boundary, trigger it through deferStart/onNextInterval.
248	November Christmas	https://kieransimkin.co.uk/november-christmas/	120	page-inline	inline:style:november-christmas-visual-prototype-v1	css	.ks-epk.nc-visual-live .nc-live-refrain span	animation-timeline	view())						Keep as scroll/view-driven behavior; convert only any accompanying fixed visual duration.
248	November Christmas	https://kieransimkin.co.uk/november-christmas/	120	page-inline	inline:style:november-christmas-visual-prototype-v1	css	@supports (animation-timeline:view()){.ks-epk.nc-visual-live .nc-live-refrain span	animation	nc-live-reveal 1ms linear both	1ms	1	1	31.25	var(--dance-moves-1t)	Replace each fixed duration with the listed --dance-moves-Nt property, register the page animation scope, and use a 16- or 64-tick deferred start for beat/bar alignment when audio-driven.
248	November Christmas	https://kieransimkin.co.uk/november-christmas/	120	page-inline	inline:style:november-christmas-visual-prototype-v1	css	@supports (animation-timeline:view()){.ks-epk.nc-visual-live .nc-live-refrain span	animation-timeline	view()						Keep as scroll/view-driven behavior; convert only any accompanying fixed visual duration.
248	November Christmas	https://kieransimkin.co.uk/november-christmas/	120	page-inline	inline:style:november-christmas-visual-prototype-v1	css	@supports (animation-timeline:view()){.ks-epk.nc-visual-live .nc-live-refrain span	animation-range	entry 10% cover 38%						Keep as scroll/view-driven behavior; convert only any accompanying fixed visual duration.
248	November Christmas	https://kieransimkin.co.uk/november-christmas/	120	page-inline	inline:style:november-christmas-visual-prototype-v1	css	@media(prefers-reduced-motion:reduce){.ks-epk.nc-visual-live::before	animation	none						Keep unchanged; reduced-motion/accessibility override is authoritative.
248	November Christmas	https://kieransimkin.co.uk/november-christmas/	120	page-inline	inline:style:november-christmas-visual-prototype-v1	css	.ks-epk.nc-visual-live .nc-live-refrain span	animation	none						Keep unchanged; reduced-motion/accessibility override is authoritative.
248	November Christmas	https://kieransimkin.co.uk/november-christmas/	120	page-inline	inline:style:ks-epk-lyrics-style	css	.ks-epk-lyrics-track summary span[aria-hidden]	transition	transform .2s ease	.2s	200	6	187.5	var(--dance-moves-6t)	Replace each fixed duration with the listed --dance-moves-Nt property; when a class/state change must wait for a boundary, trigger it through deferStart/onNextInterval.
248	November Christmas	https://kieransimkin.co.uk/november-christmas/	120	page-inline	inline:style:ks-epk-lyrics-style	css	@media(prefers-reduced-motion:reduce){.ks-epk-lyrics-track summary span[aria-hidden]	transition	none						Keep unchanged; reduced-motion/accessibility override is authoritative.
250	PBXin'	https://kieransimkin.co.uk/pbxin/	120	page-inline	inline:style:global-styles-inline-css	css	.wpforms-container .wpforms-image-choices-modern label:not(.wpforms-error)	transition	all 0.5s	0.5s	500	16	500	var(--dance-moves-16t)	Replace each fixed duration with the listed --dance-moves-Nt property; when a class/state change must wait for a boundary, trigger it through deferStart/onNextInterval.
250	PBXin'	https://kieransimkin.co.uk/pbxin/	120	page-inline	inline:style:global-styles-inline-css	css	.wpforms-container .wpforms-image-choices-modern .wpforms-image-choices-image:after	transition	all 0.5s	0.5s	500	16	500	var(--dance-moves-16t)	Replace each fixed duration with the listed --dance-moves-Nt property; when a class/state change must wait for a boundary, trigger it through deferStart/onNextInterval.
250	PBXin'	https://kieransimkin.co.uk/pbxin/	120	page-inline	inline:style:global-styles-inline-css	css	div.wpforms-container-full input[type=date],div.wpforms-container-full input[type=datetime],div.wpforms-container-full input[type=datetime-local],div.wpforms-container-full input[…	transition	border 0.15s, box-shadow 0.15s	0.15s	150	5	156.25	var(--dance-moves-5t)	Replace each fixed duration with the listed --dance-moves-Nt property; when a class/state change must wait for a boundary, trigger it through deferStart/onNextInterval.
250	PBXin'	https://kieransimkin.co.uk/pbxin/	120	page-inline	inline:style:global-styles-inline-css	css	div.wpforms-container-full input[type=date],div.wpforms-container-full input[type=datetime],div.wpforms-container-full input[type=datetime-local],div.wpforms-container-full input[…	transition	border 0.15s, box-shadow 0.15s	0.15s	150	5	156.25	var(--dance-moves-5t)	Replace each fixed duration with the listed --dance-moves-Nt property; when a class/state change must wait for a boundary, trigger it through deferStart/onNextInterval.
250	PBXin'	https://kieransimkin.co.uk/pbxin/	120	page-inline	inline:style:global-styles-inline-css	css	div.wpforms-container-full input[type=submit],div.wpforms-container-full button[type=submit],div.wpforms-container-full .wpforms-page-button	transition	all 0.15s ease-in-out	0.15s	150	5	156.25	var(--dance-moves-5t)	Replace each fixed duration with the listed --dance-moves-Nt property; when a class/state change must wait for a boundary, trigger it through deferStart/onNextInterval.
250	PBXin'	https://kieransimkin.co.uk/pbxin/	120	page-inline	inline:style:9	css	.epk-button,.epk-download	transition	.25s ease	.25s	250	8	250	var(--dance-moves-8t)	Replace each fixed duration with the listed --dance-moves-Nt property; when a class/state change must wait for a boundary, trigger it through deferStart/onNextInterval.
250	PBXin'	https://kieransimkin.co.uk/pbxin/	120	page-inline	inline:style:ks-epk-lyrics-style	css	.ks-epk-lyrics-track summary span[aria-hidden]	transition	transform .2s ease	.2s	200	6	187.5	var(--dance-moves-6t)	Replace each fixed duration with the listed --dance-moves-Nt property; when a class/state change must wait for a boundary, trigger it through deferStart/onNextInterval.
250	PBXin'	https://kieransimkin.co.uk/pbxin/	120	page-inline	inline:style:ks-epk-lyrics-style	css	@media(prefers-reduced-motion:reduce){.ks-epk-lyrics-track summary span[aria-hidden]	transition	none						Keep unchanged; reduced-motion/accessibility override is authoritative.
252	Made from the clay and the stars (Anunnaki)	https://kieransimkin.co.uk/made-from-the-clay-and-the-stars-anunnaki/	116	page-inline	inline:style:global-styles-inline-css	css	.wpforms-container .wpforms-image-choices-modern label:not(.wpforms-error)	transition	all 0.5s	0.5s	500	15	484.914	var(--dance-moves-15t)	Replace each fixed duration with the listed --dance-moves-Nt property; when a class/state change must wait for a boundary, trigger it through deferStart/onNextInterval.
252	Made from the clay and the stars (Anunnaki)	https://kieransimkin.co.uk/made-from-the-clay-and-the-stars-anunnaki/	116	page-inline	inline:style:global-styles-inline-css	css	.wpforms-container .wpforms-image-choices-modern .wpforms-image-choices-image:after	transition	all 0.5s	0.5s	500	15	484.914	var(--dance-moves-15t)	Replace each fixed duration with the listed --dance-moves-Nt property; when a class/state change must wait for a boundary, trigger it through deferStart/onNextInterval.
252	Made from the clay and the stars (Anunnaki)	https://kieransimkin.co.uk/made-from-the-clay-and-the-stars-anunnaki/	116	page-inline	inline:style:global-styles-inline-css	css	div.wpforms-container-full input[type=date],div.wpforms-container-full input[type=datetime],div.wpforms-container-full input[type=datetime-local],div.wpforms-container-full input[…	transition	border 0.15s, box-shadow 0.15s	0.15s	150	5	161.638	var(--dance-moves-5t)	Replace each fixed duration with the listed --dance-moves-Nt property; when a class/state change must wait for a boundary, trigger it through deferStart/onNextInterval.
252	Made from the clay and the stars (Anunnaki)	https://kieransimkin.co.uk/made-from-the-clay-and-the-stars-anunnaki/	116	page-inline	inline:style:global-styles-inline-css	css	div.wpforms-container-full input[type=date],div.wpforms-container-full input[type=datetime],div.wpforms-container-full input[type=datetime-local],div.wpforms-container-full input[…	transition	border 0.15s, box-shadow 0.15s	0.15s	150	5	161.638	var(--dance-moves-5t)	Replace each fixed duration with the listed --dance-moves-Nt property; when a class/state change must wait for a boundary, trigger it through deferStart/onNextInterval.
252	Made from the clay and the stars (Anunnaki)	https://kieransimkin.co.uk/made-from-the-clay-and-the-stars-anunnaki/	116	page-inline	inline:style:global-styles-inline-css	css	div.wpforms-container-full input[type=submit],div.wpforms-container-full button[type=submit],div.wpforms-container-full .wpforms-page-button	transition	all 0.15s ease-in-out	0.15s	150	5	161.638	var(--dance-moves-5t)	Replace each fixed duration with the listed --dance-moves-Nt property; when a class/state change must wait for a boundary, trigger it through deferStart/onNextInterval.
252	Made from the clay and the stars (Anunnaki)	https://kieransimkin.co.uk/made-from-the-clay-and-the-stars-anunnaki/	116	page-inline	inline:style:9	css	.epk-button,.epk-download	transition	.25s ease	.25s	250	8	258.621	var(--dance-moves-8t)	Replace each fixed duration with the listed --dance-moves-Nt property; when a class/state change must wait for a boundary, trigger it through deferStart/onNextInterval.
252	Made from the clay and the stars (Anunnaki)	https://kieransimkin.co.uk/made-from-the-clay-and-the-stars-anunnaki/	116	page-inline	inline:style:ks-clay-stars-v2-style	css	.ks-clay-stars-v2 .epk-cover-wrap	transition	transform 180ms ease-out	180ms	180	6	193.966	var(--dance-moves-6t)	Replace each fixed duration with the listed --dance-moves-Nt property; when a class/state change must wait for a boundary, trigger it through deferStart/onNextInterval.
252	Made from the clay and the stars (Anunnaki)	https://kieransimkin.co.uk/made-from-the-clay-and-the-stars-anunnaki/	116	page-inline	inline:style:ks-clay-stars-v2-style	css	.ks-clay-stars-v2 .epk-signal-line	animation	ks-signal-remains 14s linear infinite	14s	14000	432	13965.517	var(--dance-moves-432t)	Replace each fixed duration with the listed --dance-moves-Nt property, register the page animation scope, and use a 16- or 64-tick deferred start for beat/bar alignment when audio-driven.
252	Made from the clay and the stars (Anunnaki)	https://kieransimkin.co.uk/made-from-the-clay-and-the-stars-anunnaki/	116	page-inline	inline:style:ks-clay-stars-v2-style	css	@media (prefers-reduced-motion: reduce) { .ks-clay-stars-v2 .epk-cover-wrap	transition	none						Keep unchanged; reduced-motion/accessibility override is authoritative.
252	Made from the clay and the stars (Anunnaki)	https://kieransimkin.co.uk/made-from-the-clay-and-the-stars-anunnaki/	116	page-inline	inline:style:ks-clay-stars-v2-style	css	.ks-clay-stars-v2 .epk-signal-line	animation	none						Keep unchanged; reduced-motion/accessibility override is authoritative.
252	Made from the clay and the stars (Anunnaki)	https://kieransimkin.co.uk/made-from-the-clay-and-the-stars-anunnaki/	116	page-inline	inline:style:ks-clay-stars-v2-style	css	.ks-clay-stars-v2 *, .ks-clay-stars-v2 *::before, .ks-clay-stars-v2 *::after	scroll-behavior	auto !important						Keep unchanged; reduced-motion/accessibility override is authoritative.
252	Made from the clay and the stars (Anunnaki)	https://kieransimkin.co.uk/made-from-the-clay-and-the-stars-anunnaki/	116	page-inline	inline:style:ks-clay-stars-public-player-style	css	@media (prefers-reduced-motion: reduce) { .ks-clay-stars-v2 .ks-clay-stars-chapters button	scroll-behavior	auto						Keep unchanged; reduced-motion/accessibility override is authoritative.
252	Made from the clay and the stars (Anunnaki)	https://kieransimkin.co.uk/made-from-the-clay-and-the-stars-anunnaki/	116	page-inline	inline:style:ks-epk-lyrics-style	css	.ks-epk-lyrics-track summary span[aria-hidden]	transition	transform .2s ease	.2s	200	6	193.966	var(--dance-moves-6t)	Replace each fixed duration with the listed --dance-moves-Nt property; when a class/state change must wait for a boundary, trigger it through deferStart/onNextInterval.
252	Made from the clay and the stars (Anunnaki)	https://kieransimkin.co.uk/made-from-the-clay-and-the-stars-anunnaki/	116	page-inline	inline:style:ks-epk-lyrics-style	css	@media(prefers-reduced-motion:reduce){.ks-epk-lyrics-track summary span[aria-hidden]	transition	none						Keep unchanged; reduced-motion/accessibility override is authoritative.
252	Made from the clay and the stars (Anunnaki)	https://kieransimkin.co.uk/made-from-the-clay-and-the-stars-anunnaki/	116	page-inline	inline:script:ks-clay-stars-public-player-script	js	currentTime		-status");var chapters=Array.prototype.slice.call(root.querySelectorAll(".ks-clay-stars-chapters button[data-time]"));if(!audio||!chapters.length)return;function setCurrentChapter(currentTime){var active=null;chapters.forEach(function(button){if(currentTime>=Number(button.getAttribute("data-time")))active=button;});chapters.forEach(function(button){if(button===active)button.setAttribute("aria-current","true");else button.removeAttribute("aria-current");});}chapters.forEach(function(button){button.addEventListener(…						Keep the audio state driver; move named song moments to DanceMoves.onCue and align optional starts with onNextBeat/onNextBar.
252	Made from the clay and the stars (Anunnaki)	https://kieransimkin.co.uk/made-from-the-clay-and-the-stars-anunnaki/	116	page-inline	inline:script:ks-clay-stars-public-player-script	js	currentTime		orAll(".ks-clay-stars-chapters button[data-time]"));if(!audio||!chapters.length)return;function setCurrentChapter(currentTime){var active=null;chapters.forEach(function(button){if(currentTime>=Number(button.getAttribute("data-time")))active=button;});chapters.forEach(function(button){if(button===active)button.setAttribute("aria-current","true");else button.removeAttribute("aria-current");});}chapters.forEach(function(button){button.addEventListener("click",function(){var time=Number(button.getAttribute("data-time"…						Keep the audio state driver; move named song moments to DanceMoves.onCue and align optional starts with onNextBeat/onNextBar.
252	Made from the clay and the stars (Anunnaki)	https://kieransimkin.co.uk/made-from-the-clay-and-the-stars-anunnaki/	116	page-inline	inline:script:ks-clay-stars-public-player-script	js	currentTime		lse button.removeAttribute("aria-current");});}chapters.forEach(function(button){button.addEventListener("click",function(){var time=Number(button.getAttribute("data-time"));audio.currentTime=time;setCurrentChapter(time);if(status)status.textContent="Playing from "+button.textContent.trim()+".";var playAttempt=audio.play();if(playAttempt&&typeof playAttempt.catch==="function")playAttempt.catch(function(){});});});audio.addEventListener("timeupdate",function(){setCurrentChapter(audio.currentTime);});})();						Keep the audio state driver; move named song moments to DanceMoves.onCue and align optional starts with onNextBeat/onNextBar.
252	Made from the clay and the stars (Anunnaki)	https://kieransimkin.co.uk/made-from-the-clay-and-the-stars-anunnaki/	116	page-inline	inline:script:ks-clay-stars-public-player-script	js	addEventListener("timeupdate		ontent="Playing from "+button.textContent.trim()+".";var playAttempt=audio.play();if(playAttempt&&typeof playAttempt.catch==="function")playAttempt.catch(function(){});});});audio.addEventListener("timeupdate",function(){setCurrentChapter(audio.currentTime);});})();						Keep the audio state driver; move named song moments to DanceMoves.onCue and align optional starts with onNextBeat/onNextBar.
252	Made from the clay and the stars (Anunnaki)	https://kieransimkin.co.uk/made-from-the-clay-and-the-stars-anunnaki/	116	page-inline	inline:script:ks-clay-stars-public-player-script	js	currentTime		mpt=audio.play();if(playAttempt&&typeof playAttempt.catch==="function")playAttempt.catch(function(){});});});audio.addEventListener("timeupdate",function(){setCurrentChapter(audio.currentTime);});})();						Keep the audio state driver; move named song moments to DanceMoves.onCue and align optional starts with onNextBeat/onNextBar.
254	Blame Putin	https://kieransimkin.co.uk/blame-putin/	120	page-inline	inline:style:global-styles-inline-css	css	.wpforms-container .wpforms-image-choices-modern label:not(.wpforms-error)	transition	all 0.5s	0.5s	500	16	500	var(--dance-moves-16t)	Replace each fixed duration with the listed --dance-moves-Nt property; when a class/state change must wait for a boundary, trigger it through deferStart/onNextInterval.
254	Blame Putin	https://kieransimkin.co.uk/blame-putin/	120	page-inline	inline:style:global-styles-inline-css	css	.wpforms-container .wpforms-image-choices-modern .wpforms-image-choices-image:after	transition	all 0.5s	0.5s	500	16	500	var(--dance-moves-16t)	Replace each fixed duration with the listed --dance-moves-Nt property; when a class/state change must wait for a boundary, trigger it through deferStart/onNextInterval.
254	Blame Putin	https://kieransimkin.co.uk/blame-putin/	120	page-inline	inline:style:global-styles-inline-css	css	div.wpforms-container-full input[type=date],div.wpforms-container-full input[type=datetime],div.wpforms-container-full input[type=datetime-local],div.wpforms-container-full input[…	transition	border 0.15s, box-shadow 0.15s	0.15s	150	5	156.25	var(--dance-moves-5t)	Replace each fixed duration with the listed --dance-moves-Nt property; when a class/state change must wait for a boundary, trigger it through deferStart/onNextInterval.
254	Blame Putin	https://kieransimkin.co.uk/blame-putin/	120	page-inline	inline:style:global-styles-inline-css	css	div.wpforms-container-full input[type=date],div.wpforms-container-full input[type=datetime],div.wpforms-container-full input[type=datetime-local],div.wpforms-container-full input[…	transition	border 0.15s, box-shadow 0.15s	0.15s	150	5	156.25	var(--dance-moves-5t)	Replace each fixed duration with the listed --dance-moves-Nt property; when a class/state change must wait for a boundary, trigger it through deferStart/onNextInterval.
254	Blame Putin	https://kieransimkin.co.uk/blame-putin/	120	page-inline	inline:style:global-styles-inline-css	css	div.wpforms-container-full input[type=submit],div.wpforms-container-full button[type=submit],div.wpforms-container-full .wpforms-page-button	transition	all 0.15s ease-in-out	0.15s	150	5	156.25	var(--dance-moves-5t)	Replace each fixed duration with the listed --dance-moves-Nt property; when a class/state change must wait for a boundary, trigger it through deferStart/onNextInterval.
254	Blame Putin	https://kieransimkin.co.uk/blame-putin/	120	page-inline	inline:style:9	css	.epk-button,.epk-download	transition	.25s ease	.25s	250	8	250	var(--dance-moves-8t)	Replace each fixed duration with the listed --dance-moves-Nt property; when a class/state change must wait for a boundary, trigger it through deferStart/onNextInterval.
254	Blame Putin	https://kieransimkin.co.uk/blame-putin/	120	page-inline	inline:style:ks-epk-lyrics-style	css	.ks-epk-lyrics-track summary span[aria-hidden]	transition	transform .2s ease	.2s	200	6	187.5	var(--dance-moves-6t)	Replace each fixed duration with the listed --dance-moves-Nt property; when a class/state change must wait for a boundary, trigger it through deferStart/onNextInterval.
254	Blame Putin	https://kieransimkin.co.uk/blame-putin/	120	page-inline	inline:style:ks-epk-lyrics-style	css	@media(prefers-reduced-motion:reduce){.ks-epk-lyrics-track summary span[aria-hidden]	transition	none						Keep unchanged; reduced-motion/accessibility override is authoritative.
256	Paper dreams from the sky	https://kieransimkin.co.uk/paper-dreams-from-the-sky/	120	page-inline	inline:style:global-styles-inline-css	css	.wpforms-container .wpforms-image-choices-modern label:not(.wpforms-error)	transition	all 0.5s	0.5s	500	16	500	var(--dance-moves-16t)	Replace each fixed duration with the listed --dance-moves-Nt property; when a class/state change must wait for a boundary, trigger it through deferStart/onNextInterval.
256	Paper dreams from the sky	https://kieransimkin.co.uk/paper-dreams-from-the-sky/	120	page-inline	inline:style:global-styles-inline-css	css	.wpforms-container .wpforms-image-choices-modern .wpforms-image-choices-image:after	transition	all 0.5s	0.5s	500	16	500	var(--dance-moves-16t)	Replace each fixed duration with the listed --dance-moves-Nt property; when a class/state change must wait for a boundary, trigger it through deferStart/onNextInterval.
256	Paper dreams from the sky	https://kieransimkin.co.uk/paper-dreams-from-the-sky/	120	page-inline	inline:style:global-styles-inline-css	css	div.wpforms-container-full input[type=date],div.wpforms-container-full input[type=datetime],div.wpforms-container-full input[type=datetime-local],div.wpforms-container-full input[…	transition	border 0.15s, box-shadow 0.15s	0.15s	150	5	156.25	var(--dance-moves-5t)	Replace each fixed duration with the listed --dance-moves-Nt property; when a class/state change must wait for a boundary, trigger it through deferStart/onNextInterval.
256	Paper dreams from the sky	https://kieransimkin.co.uk/paper-dreams-from-the-sky/	120	page-inline	inline:style:global-styles-inline-css	css	div.wpforms-container-full input[type=date],div.wpforms-container-full input[type=datetime],div.wpforms-container-full input[type=datetime-local],div.wpforms-container-full input[…	transition	border 0.15s, box-shadow 0.15s	0.15s	150	5	156.25	var(--dance-moves-5t)	Replace each fixed duration with the listed --dance-moves-Nt property; when a class/state change must wait for a boundary, trigger it through deferStart/onNextInterval.
256	Paper dreams from the sky	https://kieransimkin.co.uk/paper-dreams-from-the-sky/	120	page-inline	inline:style:global-styles-inline-css	css	div.wpforms-container-full input[type=submit],div.wpforms-container-full button[type=submit],div.wpforms-container-full .wpforms-page-button	transition	all 0.15s ease-in-out	0.15s	150	5	156.25	var(--dance-moves-5t)	Replace each fixed duration with the listed --dance-moves-Nt property; when a class/state change must wait for a boundary, trigger it through deferStart/onNextInterval.
256	Paper dreams from the sky	https://kieransimkin.co.uk/paper-dreams-from-the-sky/	120	page-inline	inline:style:9	css	.epk-button,.epk-download	transition	.25s ease	.25s	250	8	250	var(--dance-moves-8t)	Replace each fixed duration with the listed --dance-moves-Nt property; when a class/state change must wait for a boundary, trigger it through deferStart/onNextInterval.
256	Paper dreams from the sky	https://kieransimkin.co.uk/paper-dreams-from-the-sky/	120	page-inline	inline:style:paper-dreams-public-refresh-style	css	.ks-epk .epk-story-plane	animation	paper-dreams-public-drift 18s ease-in-out infinite alternate	18s	18000	576	18000	var(--dance-moves-576t)	Replace each fixed duration with the listed --dance-moves-Nt property, register the page animation scope, and use a 16- or 64-tick deferred start for beat/bar alignment when audio-driven.
256	Paper dreams from the sky	https://kieransimkin.co.uk/paper-dreams-from-the-sky/	120	page-inline	inline:style:paper-dreams-public-refresh-style	css	@media(prefers-reduced-motion:reduce){.ks-epk .epk-story-plane	animation	none						Keep unchanged; reduced-motion/accessibility override is authoritative.
256	Paper dreams from the sky	https://kieransimkin.co.uk/paper-dreams-from-the-sky/	120	page-inline	inline:style:paper-dreams-public-refresh-style	css	.ks-epk .epk-story *	scroll-behavior	auto!important						Keep unchanged; reduced-motion/accessibility override is authoritative.
256	Paper dreams from the sky	https://kieransimkin.co.uk/paper-dreams-from-the-sky/	120	page-inline	inline:style:paper-dreams-public-refresh-style	css	.ks-epk .epk-story *	transition	none!important						Keep unchanged; reduced-motion/accessibility override is authoritative.
256	Paper dreams from the sky	https://kieransimkin.co.uk/paper-dreams-from-the-sky/	120	page-inline	inline:style:ks-epk-lyrics-style	css	.ks-epk-lyrics-track summary span[aria-hidden]	transition	transform .2s ease	.2s	200	6	187.5	var(--dance-moves-6t)	Replace each fixed duration with the listed --dance-moves-Nt property; when a class/state change must wait for a boundary, trigger it through deferStart/onNextInterval.
256	Paper dreams from the sky	https://kieransimkin.co.uk/paper-dreams-from-the-sky/	120	page-inline	inline:style:ks-epk-lyrics-style	css	@media(prefers-reduced-motion:reduce){.ks-epk-lyrics-track summary span[aria-hidden]	transition	none						Keep unchanged; reduced-motion/accessibility override is authoritative.
258	Silly Sausage Britain	https://kieransimkin.co.uk/silly-sausage-britain/	120	page-inline	inline:style:global-styles-inline-css	css	.wpforms-container .wpforms-image-choices-modern label:not(.wpforms-error)	transition	all 0.5s	0.5s	500	16	500	var(--dance-moves-16t)	Replace each fixed duration with the listed --dance-moves-Nt property; when a class/state change must wait for a boundary, trigger it through deferStart/onNextInterval.
258	Silly Sausage Britain	https://kieransimkin.co.uk/silly-sausage-britain/	120	page-inline	inline:style:global-styles-inline-css	css	.wpforms-container .wpforms-image-choices-modern .wpforms-image-choices-image:after	transition	all 0.5s	0.5s	500	16	500	var(--dance-moves-16t)	Replace each fixed duration with the listed --dance-moves-Nt property; when a class/state change must wait for a boundary, trigger it through deferStart/onNextInterval.
258	Silly Sausage Britain	https://kieransimkin.co.uk/silly-sausage-britain/	120	page-inline	inline:style:global-styles-inline-css	css	div.wpforms-container-full input[type=date],div.wpforms-container-full input[type=datetime],div.wpforms-container-full input[type=datetime-local],div.wpforms-container-full input[…	transition	border 0.15s, box-shadow 0.15s	0.15s	150	5	156.25	var(--dance-moves-5t)	Replace each fixed duration with the listed --dance-moves-Nt property; when a class/state change must wait for a boundary, trigger it through deferStart/onNextInterval.
258	Silly Sausage Britain	https://kieransimkin.co.uk/silly-sausage-britain/	120	page-inline	inline:style:global-styles-inline-css	css	div.wpforms-container-full input[type=date],div.wpforms-container-full input[type=datetime],div.wpforms-container-full input[type=datetime-local],div.wpforms-container-full input[…	transition	border 0.15s, box-shadow 0.15s	0.15s	150	5	156.25	var(--dance-moves-5t)	Replace each fixed duration with the listed --dance-moves-Nt property; when a class/state change must wait for a boundary, trigger it through deferStart/onNextInterval.
258	Silly Sausage Britain	https://kieransimkin.co.uk/silly-sausage-britain/	120	page-inline	inline:style:global-styles-inline-css	css	div.wpforms-container-full input[type=submit],div.wpforms-container-full button[type=submit],div.wpforms-container-full .wpforms-page-button	transition	all 0.15s ease-in-out	0.15s	150	5	156.25	var(--dance-moves-5t)	Replace each fixed duration with the listed --dance-moves-Nt property; when a class/state change must wait for a boundary, trigger it through deferStart/onNextInterval.
258	Silly Sausage Britain	https://kieransimkin.co.uk/silly-sausage-britain/	120	page-inline	inline:style:ks-epk-lyrics-style	css	.ks-epk-lyrics-track summary span[aria-hidden]	transition	transform .2s ease	.2s	200	6	187.5	var(--dance-moves-6t)	Replace each fixed duration with the listed --dance-moves-Nt property; when a class/state change must wait for a boundary, trigger it through deferStart/onNextInterval.
258	Silly Sausage Britain	https://kieransimkin.co.uk/silly-sausage-britain/	120	page-inline	inline:style:ks-epk-lyrics-style	css	@media(prefers-reduced-motion:reduce){.ks-epk-lyrics-track summary span[aria-hidden]	transition	none						Keep unchanged; reduced-motion/accessibility override is authoritative.
260	Arcadians	https://kieransimkin.co.uk/arcadians/	120	page-inline	inline:style:global-styles-inline-css	css	.wpforms-container .wpforms-image-choices-modern label:not(.wpforms-error)	transition	all 0.5s	0.5s	500	16	500	var(--dance-moves-16t)	Replace each fixed duration with the listed --dance-moves-Nt property; when a class/state change must wait for a boundary, trigger it through deferStart/onNextInterval.
260	Arcadians	https://kieransimkin.co.uk/arcadians/	120	page-inline	inline:style:global-styles-inline-css	css	.wpforms-container .wpforms-image-choices-modern .wpforms-image-choices-image:after	transition	all 0.5s	0.5s	500	16	500	var(--dance-moves-16t)	Replace each fixed duration with the listed --dance-moves-Nt property; when a class/state change must wait for a boundary, trigger it through deferStart/onNextInterval.
260	Arcadians	https://kieransimkin.co.uk/arcadians/	120	page-inline	inline:style:global-styles-inline-css	css	div.wpforms-container-full input[type=date],div.wpforms-container-full input[type=datetime],div.wpforms-container-full input[type=datetime-local],div.wpforms-container-full input[…	transition	border 0.15s, box-shadow 0.15s	0.15s	150	5	156.25	var(--dance-moves-5t)	Replace each fixed duration with the listed --dance-moves-Nt property; when a class/state change must wait for a boundary, trigger it through deferStart/onNextInterval.
260	Arcadians	https://kieransimkin.co.uk/arcadians/	120	page-inline	inline:style:global-styles-inline-css	css	div.wpforms-container-full input[type=date],div.wpforms-container-full input[type=datetime],div.wpforms-container-full input[type=datetime-local],div.wpforms-container-full input[…	transition	border 0.15s, box-shadow 0.15s	0.15s	150	5	156.25	var(--dance-moves-5t)	Replace each fixed duration with the listed --dance-moves-Nt property; when a class/state change must wait for a boundary, trigger it through deferStart/onNextInterval.
260	Arcadians	https://kieransimkin.co.uk/arcadians/	120	page-inline	inline:style:global-styles-inline-css	css	div.wpforms-container-full input[type=submit],div.wpforms-container-full button[type=submit],div.wpforms-container-full .wpforms-page-button	transition	all 0.15s ease-in-out	0.15s	150	5	156.25	var(--dance-moves-5t)	Replace each fixed duration with the listed --dance-moves-Nt property; when a class/state change must wait for a boundary, trigger it through deferStart/onNextInterval.
260	Arcadians	https://kieransimkin.co.uk/arcadians/	120	page-inline	inline:style:9	css	.epk-button,.epk-download	transition	.25s ease	.25s	250	8	250	var(--dance-moves-8t)	Replace each fixed duration with the listed --dance-moves-Nt property; when a class/state change must wait for a boundary, trigger it through deferStart/onNextInterval.
260	Arcadians	https://kieransimkin.co.uk/arcadians/	120	page-inline	inline:style:ks-epk-lyrics-style	css	.ks-epk-lyrics-track summary span[aria-hidden]	transition	transform .2s ease	.2s	200	6	187.5	var(--dance-moves-6t)	Replace each fixed duration with the listed --dance-moves-Nt property; when a class/state change must wait for a boundary, trigger it through deferStart/onNextInterval.
260	Arcadians	https://kieransimkin.co.uk/arcadians/	120	page-inline	inline:style:ks-epk-lyrics-style	css	@media(prefers-reduced-motion:reduce){.ks-epk-lyrics-track summary span[aria-hidden]	transition	none						Keep unchanged; reduced-motion/accessibility override is authoritative.
262	Chips and Ketchup	https://kieransimkin.co.uk/chips-and-ketchup/	120	page-inline	inline:style:global-styles-inline-css	css	.wpforms-container .wpforms-image-choices-modern label:not(.wpforms-error)	transition	all 0.5s	0.5s	500	16	500	var(--dance-moves-16t)	Replace each fixed duration with the listed --dance-moves-Nt property; when a class/state change must wait for a boundary, trigger it through deferStart/onNextInterval.
262	Chips and Ketchup	https://kieransimkin.co.uk/chips-and-ketchup/	120	page-inline	inline:style:global-styles-inline-css	css	.wpforms-container .wpforms-image-choices-modern .wpforms-image-choices-image:after	transition	all 0.5s	0.5s	500	16	500	var(--dance-moves-16t)	Replace each fixed duration with the listed --dance-moves-Nt property; when a class/state change must wait for a boundary, trigger it through deferStart/onNextInterval.
262	Chips and Ketchup	https://kieransimkin.co.uk/chips-and-ketchup/	120	page-inline	inline:style:global-styles-inline-css	css	div.wpforms-container-full input[type=date],div.wpforms-container-full input[type=datetime],div.wpforms-container-full input[type=datetime-local],div.wpforms-container-full input[…	transition	border 0.15s, box-shadow 0.15s	0.15s	150	5	156.25	var(--dance-moves-5t)	Replace each fixed duration with the listed --dance-moves-Nt property; when a class/state change must wait for a boundary, trigger it through deferStart/onNextInterval.
262	Chips and Ketchup	https://kieransimkin.co.uk/chips-and-ketchup/	120	page-inline	inline:style:global-styles-inline-css	css	div.wpforms-container-full input[type=date],div.wpforms-container-full input[type=datetime],div.wpforms-container-full input[type=datetime-local],div.wpforms-container-full input[…	transition	border 0.15s, box-shadow 0.15s	0.15s	150	5	156.25	var(--dance-moves-5t)	Replace each fixed duration with the listed --dance-moves-Nt property; when a class/state change must wait for a boundary, trigger it through deferStart/onNextInterval.
262	Chips and Ketchup	https://kieransimkin.co.uk/chips-and-ketchup/	120	page-inline	inline:style:global-styles-inline-css	css	div.wpforms-container-full input[type=submit],div.wpforms-container-full button[type=submit],div.wpforms-container-full .wpforms-page-button	transition	all 0.15s ease-in-out	0.15s	150	5	156.25	var(--dance-moves-5t)	Replace each fixed duration with the listed --dance-moves-Nt property; when a class/state change must wait for a boundary, trigger it through deferStart/onNextInterval.
262	Chips and Ketchup	https://kieransimkin.co.uk/chips-and-ketchup/	120	page-inline	inline:style:9	css	.epk-button,.epk-download	transition	.25s ease	.25s	250	8	250	var(--dance-moves-8t)	Replace each fixed duration with the listed --dance-moves-Nt property; when a class/state change must wait for a boundary, trigger it through deferStart/onNextInterval.
262	Chips and Ketchup	https://kieransimkin.co.uk/chips-and-ketchup/	120	page-inline	inline:style:ks-epk-lyrics-style	css	.ks-epk-lyrics-track summary span[aria-hidden]	transition	transform .2s ease	.2s	200	6	187.5	var(--dance-moves-6t)	Replace each fixed duration with the listed --dance-moves-Nt property; when a class/state change must wait for a boundary, trigger it through deferStart/onNextInterval.
262	Chips and Ketchup	https://kieransimkin.co.uk/chips-and-ketchup/	120	page-inline	inline:style:ks-epk-lyrics-style	css	@media(prefers-reduced-motion:reduce){.ks-epk-lyrics-track summary span[aria-hidden]	transition	none						Keep unchanged; reduced-motion/accessibility override is authoritative.
264	The Truth is a Virus	https://kieransimkin.co.uk/the-truth-is-a-virus/	120	page-inline	inline:style:global-styles-inline-css	css	.wpforms-container .wpforms-image-choices-modern label:not(.wpforms-error)	transition	all 0.5s	0.5s	500	16	500	var(--dance-moves-16t)	Replace each fixed duration with the listed --dance-moves-Nt property; when a class/state change must wait for a boundary, trigger it through deferStart/onNextInterval.
264	The Truth is a Virus	https://kieransimkin.co.uk/the-truth-is-a-virus/	120	page-inline	inline:style:global-styles-inline-css	css	.wpforms-container .wpforms-image-choices-modern .wpforms-image-choices-image:after	transition	all 0.5s	0.5s	500	16	500	var(--dance-moves-16t)	Replace each fixed duration with the listed --dance-moves-Nt property; when a class/state change must wait for a boundary, trigger it through deferStart/onNextInterval.
264	The Truth is a Virus	https://kieransimkin.co.uk/the-truth-is-a-virus/	120	page-inline	inline:style:global-styles-inline-css	css	div.wpforms-container-full input[type=date],div.wpforms-container-full input[type=datetime],div.wpforms-container-full input[type=datetime-local],div.wpforms-container-full input[…	transition	border 0.15s, box-shadow 0.15s	0.15s	150	5	156.25	var(--dance-moves-5t)	Replace each fixed duration with the listed --dance-moves-Nt property; when a class/state change must wait for a boundary, trigger it through deferStart/onNextInterval.
264	The Truth is a Virus	https://kieransimkin.co.uk/the-truth-is-a-virus/	120	page-inline	inline:style:global-styles-inline-css	css	div.wpforms-container-full input[type=date],div.wpforms-container-full input[type=datetime],div.wpforms-container-full input[type=datetime-local],div.wpforms-container-full input[…	transition	border 0.15s, box-shadow 0.15s	0.15s	150	5	156.25	var(--dance-moves-5t)	Replace each fixed duration with the listed --dance-moves-Nt property; when a class/state change must wait for a boundary, trigger it through deferStart/onNextInterval.
264	The Truth is a Virus	https://kieransimkin.co.uk/the-truth-is-a-virus/	120	page-inline	inline:style:global-styles-inline-css	css	div.wpforms-container-full input[type=submit],div.wpforms-container-full button[type=submit],div.wpforms-container-full .wpforms-page-button	transition	all 0.15s ease-in-out	0.15s	150	5	156.25	var(--dance-moves-5t)	Replace each fixed duration with the listed --dance-moves-Nt property; when a class/state change must wait for a boundary, trigger it through deferStart/onNextInterval.
264	The Truth is a Virus	https://kieransimkin.co.uk/the-truth-is-a-virus/	120	page-inline	inline:style:9	css	.epk-button,.epk-download	transition	.25s ease	.25s	250	8	250	var(--dance-moves-8t)	Replace each fixed duration with the listed --dance-moves-Nt property; when a class/state change must wait for a boundary, trigger it through deferStart/onNextInterval.
264	The Truth is a Virus	https://kieransimkin.co.uk/the-truth-is-a-virus/	120	page-inline	inline:style:ks-epk-lyrics-style	css	.ks-epk-lyrics-track summary span[aria-hidden]	transition	transform .2s ease	.2s	200	6	187.5	var(--dance-moves-6t)	Replace each fixed duration with the listed --dance-moves-Nt property; when a class/state change must wait for a boundary, trigger it through deferStart/onNextInterval.
264	The Truth is a Virus	https://kieransimkin.co.uk/the-truth-is-a-virus/	120	page-inline	inline:style:ks-epk-lyrics-style	css	@media(prefers-reduced-motion:reduce){.ks-epk-lyrics-track summary span[aria-hidden]	transition	none						Keep unchanged; reduced-motion/accessibility override is authoritative.
266	Hit Piece	https://kieransimkin.co.uk/hit-piece/	120	page-inline	inline:style:global-styles-inline-css	css	.wpforms-container .wpforms-image-choices-modern label:not(.wpforms-error)	transition	all 0.5s	0.5s	500	16	500	var(--dance-moves-16t)	Replace each fixed duration with the listed --dance-moves-Nt property; when a class/state change must wait for a boundary, trigger it through deferStart/onNextInterval.
266	Hit Piece	https://kieransimkin.co.uk/hit-piece/	120	page-inline	inline:style:global-styles-inline-css	css	.wpforms-container .wpforms-image-choices-modern .wpforms-image-choices-image:after	transition	all 0.5s	0.5s	500	16	500	var(--dance-moves-16t)	Replace each fixed duration with the listed --dance-moves-Nt property; when a class/state change must wait for a boundary, trigger it through deferStart/onNextInterval.
266	Hit Piece	https://kieransimkin.co.uk/hit-piece/	120	page-inline	inline:style:global-styles-inline-css	css	div.wpforms-container-full input[type=date],div.wpforms-container-full input[type=datetime],div.wpforms-container-full input[type=datetime-local],div.wpforms-container-full input[…	transition	border 0.15s, box-shadow 0.15s	0.15s	150	5	156.25	var(--dance-moves-5t)	Replace each fixed duration with the listed --dance-moves-Nt property; when a class/state change must wait for a boundary, trigger it through deferStart/onNextInterval.
266	Hit Piece	https://kieransimkin.co.uk/hit-piece/	120	page-inline	inline:style:global-styles-inline-css	css	div.wpforms-container-full input[type=date],div.wpforms-container-full input[type=datetime],div.wpforms-container-full input[type=datetime-local],div.wpforms-container-full input[…	transition	border 0.15s, box-shadow 0.15s	0.15s	150	5	156.25	var(--dance-moves-5t)	Replace each fixed duration with the listed --dance-moves-Nt property; when a class/state change must wait for a boundary, trigger it through deferStart/onNextInterval.
266	Hit Piece	https://kieransimkin.co.uk/hit-piece/	120	page-inline	inline:style:global-styles-inline-css	css	div.wpforms-container-full input[type=submit],div.wpforms-container-full button[type=submit],div.wpforms-container-full .wpforms-page-button	transition	all 0.15s ease-in-out	0.15s	150	5	156.25	var(--dance-moves-5t)	Replace each fixed duration with the listed --dance-moves-Nt property; when a class/state change must wait for a boundary, trigger it through deferStart/onNextInterval.
266	Hit Piece	https://kieransimkin.co.uk/hit-piece/	120	page-inline	inline:style:9	css	.epk-button,.epk-download	transition	.25s ease	.25s	250	8	250	var(--dance-moves-8t)	Replace each fixed duration with the listed --dance-moves-Nt property; when a class/state change must wait for a boundary, trigger it through deferStart/onNextInterval.
266	Hit Piece	https://kieransimkin.co.uk/hit-piece/	120	page-inline	inline:style:ks-epk-lyrics-style	css	.ks-epk-lyrics-track summary span[aria-hidden]	transition	transform .2s ease	.2s	200	6	187.5	var(--dance-moves-6t)	Replace each fixed duration with the listed --dance-moves-Nt property; when a class/state change must wait for a boundary, trigger it through deferStart/onNextInterval.
266	Hit Piece	https://kieransimkin.co.uk/hit-piece/	120	page-inline	inline:style:ks-epk-lyrics-style	css	@media(prefers-reduced-motion:reduce){.ks-epk-lyrics-track summary span[aria-hidden]	transition	none						Keep unchanged; reduced-motion/accessibility override is authoritative.
268	Fully Nocturnal	https://kieransimkin.co.uk/fully-nocturnal/	120	page-inline	inline:style:global-styles-inline-css	css	.wpforms-container .wpforms-image-choices-modern label:not(.wpforms-error)	transition	all 0.5s	0.5s	500	16	500	var(--dance-moves-16t)	Replace each fixed duration with the listed --dance-moves-Nt property; when a class/state change must wait for a boundary, trigger it through deferStart/onNextInterval.
268	Fully Nocturnal	https://kieransimkin.co.uk/fully-nocturnal/	120	page-inline	inline:style:global-styles-inline-css	css	.wpforms-container .wpforms-image-choices-modern .wpforms-image-choices-image:after	transition	all 0.5s	0.5s	500	16	500	var(--dance-moves-16t)	Replace each fixed duration with the listed --dance-moves-Nt property; when a class/state change must wait for a boundary, trigger it through deferStart/onNextInterval.
268	Fully Nocturnal	https://kieransimkin.co.uk/fully-nocturnal/	120	page-inline	inline:style:global-styles-inline-css	css	div.wpforms-container-full input[type=date],div.wpforms-container-full input[type=datetime],div.wpforms-container-full input[type=datetime-local],div.wpforms-container-full input[…	transition	border 0.15s, box-shadow 0.15s	0.15s	150	5	156.25	var(--dance-moves-5t)	Replace each fixed duration with the listed --dance-moves-Nt property; when a class/state change must wait for a boundary, trigger it through deferStart/onNextInterval.
268	Fully Nocturnal	https://kieransimkin.co.uk/fully-nocturnal/	120	page-inline	inline:style:global-styles-inline-css	css	div.wpforms-container-full input[type=date],div.wpforms-container-full input[type=datetime],div.wpforms-container-full input[type=datetime-local],div.wpforms-container-full input[…	transition	border 0.15s, box-shadow 0.15s	0.15s	150	5	156.25	var(--dance-moves-5t)	Replace each fixed duration with the listed --dance-moves-Nt property; when a class/state change must wait for a boundary, trigger it through deferStart/onNextInterval.
268	Fully Nocturnal	https://kieransimkin.co.uk/fully-nocturnal/	120	page-inline	inline:style:global-styles-inline-css	css	div.wpforms-container-full input[type=submit],div.wpforms-container-full button[type=submit],div.wpforms-container-full .wpforms-page-button	transition	all 0.15s ease-in-out	0.15s	150	5	156.25	var(--dance-moves-5t)	Replace each fixed duration with the listed --dance-moves-Nt property; when a class/state change must wait for a boundary, trigger it through deferStart/onNextInterval.
268	Fully Nocturnal	https://kieransimkin.co.uk/fully-nocturnal/	120	page-inline	inline:style:9	css	.epk-button,.epk-download	transition	.25s ease	.25s	250	8	250	var(--dance-moves-8t)	Replace each fixed duration with the listed --dance-moves-Nt property; when a class/state change must wait for a boundary, trigger it through deferStart/onNextInterval.
268	Fully Nocturnal	https://kieransimkin.co.uk/fully-nocturnal/	120	page-inline	inline:style:fnx-interactive-style-v1	css	.fnx-pointer	transition	opacity .45s ease	.45s	450	14	437.5	var(--dance-moves-14t)	Replace each fixed duration with the listed --dance-moves-Nt property; when a class/state change must wait for a boundary, trigger it through deferStart/onNextInterval.
268	Fully Nocturnal	https://kieransimkin.co.uk/fully-nocturnal/	120	page-inline	inline:style:fnx-interactive-style-v1	css	.fnx-lamps i	animation	fnx-lamp 14s var(--d) ease-in-out infinite	14s	14000	448	14000	var(--dance-moves-448t)	Replace each fixed duration with the listed --dance-moves-Nt property, register the page animation scope, and use a 16- or 64-tick deferred start for beat/bar alignment when audio-driven.
268	Fully Nocturnal	https://kieransimkin.co.uk/fully-nocturnal/	120	page-inline	inline:style:fnx-interactive-style-v1	css	.ks-epk.fn-live .epk-cover	transition	transform .7s var(--fnx-ease),box-shadow .7s var(--fnx-ease)	.7s	700	16	500	var(--dance-moves-16t)	Replace each fixed duration with the listed --dance-moves-Nt property; when a class/state change must wait for a boundary, trigger it through deferStart/onNextInterval.
268	Fully Nocturnal	https://kieransimkin.co.uk/fully-nocturnal/	120	page-inline	inline:style:fnx-interactive-style-v1	css	.ks-epk.fn-live .epk-cover	transition	transform .7s var(--fnx-ease),box-shadow .7s var(--fnx-ease)	.7s	700	16	500	var(--dance-moves-16t)	Replace each fixed duration with the listed --dance-moves-Nt property; when a class/state change must wait for a boundary, trigger it through deferStart/onNextInterval.
268	Fully Nocturnal	https://kieransimkin.co.uk/fully-nocturnal/	120	page-inline	inline:style:fnx-interactive-style-v1	css	.ks-epk.fn-live .epk-button,.ks-epk.fn-live .epk-download,.fnx-magnetic	transition	transform .35s var(--fnx-ease),background .3s ease,border-color .3s ease,box-shadow .3s ease	.35s	350	11	343.75	var(--dance-moves-11t)	Replace each fixed duration with the listed --dance-moves-Nt property; when a class/state change must wait for a boundary, trigger it through deferStart/onNextInterval.
268	Fully Nocturnal	https://kieransimkin.co.uk/fully-nocturnal/	120	page-inline	inline:style:fnx-interactive-style-v1	css	.ks-epk.fn-live .epk-button,.ks-epk.fn-live .epk-download,.fnx-magnetic	transition	transform .35s var(--fnx-ease),background .3s ease,border-color .3s ease,box-shadow .3s ease	.3s	300	10	312.5	var(--dance-moves-10t)	Replace each fixed duration with the listed --dance-moves-Nt property; when a class/state change must wait for a boundary, trigger it through deferStart/onNextInterval.
268	Fully Nocturnal	https://kieransimkin.co.uk/fully-nocturnal/	120	page-inline	inline:style:fnx-interactive-style-v1	css	.ks-epk.fn-live .epk-button,.ks-epk.fn-live .epk-download,.fnx-magnetic	transition	transform .35s var(--fnx-ease),background .3s ease,border-color .3s ease,box-shadow .3s ease	.3s	300	10	312.5	var(--dance-moves-10t)	Replace each fixed duration with the listed --dance-moves-Nt property; when a class/state change must wait for a boundary, trigger it through deferStart/onNextInterval.
268	Fully Nocturnal	https://kieransimkin.co.uk/fully-nocturnal/	120	page-inline	inline:style:fnx-interactive-style-v1	css	.ks-epk.fn-live .epk-button,.ks-epk.fn-live .epk-download,.fnx-magnetic	transition	transform .35s var(--fnx-ease),background .3s ease,border-color .3s ease,box-shadow .3s ease	.3s	300	10	312.5	var(--dance-moves-10t)	Replace each fixed duration with the listed --dance-moves-Nt property; when a class/state change must wait for a boundary, trigger it through deferStart/onNextInterval.
268	Fully Nocturnal	https://kieransimkin.co.uk/fully-nocturnal/	120	page-inline	inline:style:fnx-interactive-style-v1	css	.fnx-route::before	transition	background .7s var(--fnx-ease)	.7s	700	16	500	var(--dance-moves-16t)	Replace each fixed duration with the listed --dance-moves-Nt property; when a class/state change must wait for a boundary, trigger it through deferStart/onNextInterval.
268	Fully Nocturnal	https://kieransimkin.co.uk/fully-nocturnal/	120	page-inline	inline:style:fnx-interactive-style-v1	css	.fnx-route li	transition	transform .45s var(--fnx-ease),background .35s ease,border-color .35s ease	.45s	450	14	437.5	var(--dance-moves-14t)	Replace each fixed duration with the listed --dance-moves-Nt property; when a class/state change must wait for a boundary, trigger it through deferStart/onNextInterval.
268	Fully Nocturnal	https://kieransimkin.co.uk/fully-nocturnal/	120	page-inline	inline:style:fnx-interactive-style-v1	css	.fnx-route li	transition	transform .45s var(--fnx-ease),background .35s ease,border-color .35s ease	.35s	350	11	343.75	var(--dance-moves-11t)	Replace each fixed duration with the listed --dance-moves-Nt property; when a class/state change must wait for a boundary, trigger it through deferStart/onNextInterval.
268	Fully Nocturnal	https://kieransimkin.co.uk/fully-nocturnal/	120	page-inline	inline:style:fnx-interactive-style-v1	css	.fnx-route li	transition	transform .45s var(--fnx-ease),background .35s ease,border-color .35s ease	.35s	350	11	343.75	var(--dance-moves-11t)	Replace each fixed duration with the listed --dance-moves-Nt property; when a class/state change must wait for a boundary, trigger it through deferStart/onNextInterval.
268	Fully Nocturnal	https://kieransimkin.co.uk/fully-nocturnal/	120	page-inline	inline:style:fnx-interactive-style-v1	css	.fnx-route li::before	transition	transform .4s var(--fnx-ease),background .35s ease,box-shadow .35s ease	.4s	400	13	406.25	var(--dance-moves-13t)	Replace each fixed duration with the listed --dance-moves-Nt property; when a class/state change must wait for a boundary, trigger it through deferStart/onNextInterval.
268	Fully Nocturnal	https://kieransimkin.co.uk/fully-nocturnal/	120	page-inline	inline:style:fnx-interactive-style-v1	css	.fnx-route li::before	transition	transform .4s var(--fnx-ease),background .35s ease,box-shadow .35s ease	.35s	350	11	343.75	var(--dance-moves-11t)	Replace each fixed duration with the listed --dance-moves-Nt property; when a class/state change must wait for a boundary, trigger it through deferStart/onNextInterval.
268	Fully Nocturnal	https://kieransimkin.co.uk/fully-nocturnal/	120	page-inline	inline:style:fnx-interactive-style-v1	css	.fnx-route li::before	transition	transform .4s var(--fnx-ease),background .35s ease,box-shadow .35s ease	.35s	350	11	343.75	var(--dance-moves-11t)	Replace each fixed duration with the listed --dance-moves-Nt property; when a class/state change must wait for a boundary, trigger it through deferStart/onNextInterval.
268	Fully Nocturnal	https://kieransimkin.co.uk/fully-nocturnal/	120	page-inline	inline:style:fnx-interactive-style-v1	css	.fnx-audio-playing .fnx-meter i	animation	fnx-meter .9s calc(var(--i,1) * -.07s) ease-in-out infinite alternate	.9s	900	32	1000	var(--dance-moves-32t)	Replace each fixed duration with the listed --dance-moves-Nt property, register the page animation scope, and use a 16- or 64-tick deferred start for beat/bar alignment when audio-driven.
268	Fully Nocturnal	https://kieransimkin.co.uk/fully-nocturnal/	120	page-inline	inline:style:fnx-interactive-style-v1	css	.fnx-audio-playing .fnx-meter i	animation	fnx-meter .9s calc(var(--i,1) * -.07s) ease-in-out infinite alternate	-.07s	-70	-2	-62.5	var(--dance-moves-neg-2t)	Replace each fixed duration with the listed --dance-moves-Nt property, register the page animation scope, and use a 16- or 64-tick deferred start for beat/bar alignment when audio-driven.
268	Fully Nocturnal	https://kieransimkin.co.uk/fully-nocturnal/	120	page-inline	inline:style:fnx-interactive-style-v1	css	.ks-epk.fn-live[data-fnx-motion="off"] .fnx-lamps i,.ks-epk.fn-live[data-fnx-motion="off"] .fnx-meter i	animation	none!important						Keep unchanged; reduced-motion/accessibility override is authoritative.
268	Fully Nocturnal	https://kieransimkin.co.uk/fully-nocturnal/	120	page-inline	inline:style:fnx-interactive-style-v1	css	.ks-epk.fn-live[data-fnx-motion="off"] .fnx-trail,.ks-epk.fn-live[data-fnx-motion="off"] .fnx-road,.ks-epk.fn-live[data-fnx-motion="off"] .fnx-horizon-glow,.ks-epk.fn-live[data-fn…	transition	none!important						Keep unchanged; reduced-motion/accessibility override is authoritative.
268	Fully Nocturnal	https://kieransimkin.co.uk/fully-nocturnal/	120	page-inline	inline:style:fnx-interactive-style-v1	css	@media(prefers-reduced-motion:reduce) { .fnx-lamps i,.fnx-meter i	animation	none!important						Keep unchanged; reduced-motion/accessibility override is authoritative.
268	Fully Nocturnal	https://kieransimkin.co.uk/fully-nocturnal/	120	page-inline	inline:style:fnx-interactive-style-v1	css	.fnx-trail,.fnx-road,.fnx-horizon-glow,.ks-epk.fn-live .epk-cover,.fnx-horizon span,.fnx-magnetic,.ks-epk.fn-live .epk-button,.ks-epk.fn-live .epk-download	transition	none!important						Keep unchanged; reduced-motion/accessibility override is authoritative.
268	Fully Nocturnal	https://kieransimkin.co.uk/fully-nocturnal/	120	page-inline	inline:style:ks-epk-lyrics-style	css	.ks-epk-lyrics-track summary span[aria-hidden]	transition	transform .2s ease	.2s	200	6	187.5	var(--dance-moves-6t)	Replace each fixed duration with the listed --dance-moves-Nt property; when a class/state change must wait for a boundary, trigger it through deferStart/onNextInterval.
268	Fully Nocturnal	https://kieransimkin.co.uk/fully-nocturnal/	120	page-inline	inline:style:ks-epk-lyrics-style	css	@media(prefers-reduced-motion:reduce){.ks-epk-lyrics-track summary span[aria-hidden]	transition	none						Keep unchanged; reduced-motion/accessibility override is authoritative.
268	Fully Nocturnal	https://kieransimkin.co.uk/fully-nocturnal/	120	page-inline	inline:script:fnx-interactive-script-v1	js	requestAnimationFrame		function queuePointer(event) { if (!finePointer.matches || !motionAllowed()) return; pointerX = event.clientX; pointerY = event.clientY; if (!framePending) { framePending = true; requestAnimationFrame(renderPointer); } } function resetPointer() { epk.style.setProperty("--fnx-pointer-strength", "0"); epk.style.setProperty("--fnx-shift-x", "0px"); epk.style.setProperty("--fnx-shift-y", "0px"); } function updateScroll() { const rect = epk.getBoundingClientRect(); const available = Math.max(epk.scrollHeight - innerHei…						Keep the pointer/scroll/sensor/requestAnimationFrame driver event-based; convert only its visual CSS easing or release duration.
268	Fully Nocturnal	https://kieransimkin.co.uk/fully-nocturnal/	120	page-inline	inline:script:fnx-interactive-script-v1	js	addEventListener("pointer		onState(); if (typeof motionQuery.addEventListener === "function") motionQuery.addEventListener("change", preferenceChange); else motionQuery.addListener(preferenceChange); window.addEventListener("pointermove", queuePointer, { passive: true }); document.documentElement.addEventListener("pointerleave", resetPointer, { passive: true }); window.addEventListener("scroll", updateScroll, { passive: true }); window.addEventListener("resize", updateScroll, { passive: true }); magneticItems.forEach(item => { const reset =…						Keep the pointer/scroll/sensor/requestAnimationFrame driver event-based; convert only its visual CSS easing or release duration.
268	Fully Nocturnal	https://kieransimkin.co.uk/fully-nocturnal/	120	page-inline	inline:script:fnx-interactive-script-v1	js	addEventListener("pointer		ener("change", preferenceChange); else motionQuery.addListener(preferenceChange); window.addEventListener("pointermove", queuePointer, { passive: true }); document.documentElement.addEventListener("pointerleave", resetPointer, { passive: true }); window.addEventListener("scroll", updateScroll, { passive: true }); window.addEventListener("resize", updateScroll, { passive: true }); magneticItems.forEach(item => { const reset = () => { item.style.setProperty("--fnx-mag-x", "0px"); item.style.setProperty("--fnx-mag-y"…						Keep the pointer/scroll/sensor/requestAnimationFrame driver event-based; convert only its visual CSS easing or release duration.
268	Fully Nocturnal	https://kieransimkin.co.uk/fully-nocturnal/	120	page-inline	inline:script:fnx-interactive-script-v1	js	addEventListener("scroll		hange); window.addEventListener("pointermove", queuePointer, { passive: true }); document.documentElement.addEventListener("pointerleave", resetPointer, { passive: true }); window.addEventListener("scroll", updateScroll, { passive: true }); window.addEventListener("resize", updateScroll, { passive: true }); magneticItems.forEach(item => { const reset = () => { item.style.setProperty("--fnx-mag-x", "0px"); item.style.setProperty("--fnx-mag-y", "0px"); }; item.addEventListener("pointermove", event => { if (!finePoin…						Keep the pointer/scroll/sensor/requestAnimationFrame driver event-based; convert only its visual CSS easing or release duration.
268	Fully Nocturnal	https://kieransimkin.co.uk/fully-nocturnal/	120	page-inline	inline:script:fnx-interactive-script-v1	js	addEventListener("pointer		roll, { passive: true }); magneticItems.forEach(item => { const reset = () => { item.style.setProperty("--fnx-mag-x", "0px"); item.style.setProperty("--fnx-mag-y", "0px"); }; item.addEventListener("pointermove", event => { if (!finePointer.matches || !motionAllowed()) return; const rect = item.getBoundingClientRect(); const x = (event.clientX - rect.left - rect.width / 2) / rect.width; const y = (event.clientY - rect.top - rect.height / 2) / rect.height; item.style.setProperty("--fnx-mag-x", `${x * 7}px`); item.st…						Keep the pointer/scroll/sensor/requestAnimationFrame driver event-based; convert only its visual CSS easing or release duration.
268	Fully Nocturnal	https://kieransimkin.co.uk/fully-nocturnal/	120	page-inline	inline:script:fnx-interactive-script-v1	js	addEventListener("pointer		- rect.top - rect.height / 2) / rect.height; item.style.setProperty("--fnx-mag-x", `${x * 7}px`); item.style.setProperty("--fnx-mag-y", `${y * 5}px`); }, { passive: true }); item.addEventListener("pointerleave", reset, { passive: true }); item.addEventListener("blur", reset); }); if (coverWrap) { const resetCover = () => { coverWrap.style.setProperty("--fnx-card-x", "0deg"); coverWrap.style.setProperty("--fnx-card-y", "0deg"); coverWrap.style.setProperty("--fnx-card-shift-x", "0px"); coverWrap.style.setProperty("-…						Keep the pointer/scroll/sensor/requestAnimationFrame driver event-based; convert only its visual CSS easing or release duration.
268	Fully Nocturnal	https://kieransimkin.co.uk/fully-nocturnal/	120	page-inline	inline:script:fnx-interactive-script-v1	js	addEventListener("pointer		verWrap.style.setProperty("--fnx-card-y", "0deg"); coverWrap.style.setProperty("--fnx-card-shift-x", "0px"); coverWrap.style.setProperty("--fnx-card-shift-y", "0px"); }; coverWrap.addEventListener("pointermove", event => { if (!finePointer.matches || !motionAllowed()) return; const rect = coverWrap.getBoundingClientRect(); const x = (event.clientX - rect.left) / rect.width - .5; const y = (event.clientY - rect.top) / rect.height - .5; coverWrap.style.setProperty("--fnx-card-x", `${-y * 7}deg`); coverWrap.style.set…						Keep the pointer/scroll/sensor/requestAnimationFrame driver event-based; convert only its visual CSS easing or release duration.
268	Fully Nocturnal	https://kieransimkin.co.uk/fully-nocturnal/	120	page-inline	inline:script:fnx-interactive-script-v1	js	addEventListener("pointer		`${x * 7}deg`); coverWrap.style.setProperty("--fnx-card-shift-x", `${x * 5}px`); coverWrap.style.setProperty("--fnx-card-shift-y", `${y * 5}px`); }, { passive: true }); coverWrap.addEventListener("pointerleave", resetCover, { passive: true }); } function activateRouteStop(stop) { const index = Number(stop.dataset.fnxStop); const maxIndex = Math.max(routeStops.length - 1, 1); route.style.setProperty("--fnx-route-progress", `${index / maxIndex * 100}%`); routeStops.forEach(item => { const current = item === stop; if…						Keep the pointer/scroll/sensor/requestAnimationFrame driver event-based; convert only its visual CSS easing or release duration.
268	Fully Nocturnal	https://kieransimkin.co.uk/fully-nocturnal/	120	page-inline	inline:script:fnx-interactive-script-v1	js	addEventListener("pointer		| ""; const label = stop.querySelector("span")?.textContent.trim() || ""; if (routeReadout) routeReadout.textContent = `${heading} - ${label}`; } routeStops.forEach(stop => { stop.addEventListener("pointerenter", () => activateRouteStop(stop), { passive: true }); stop.addEventListener("focus", () => activateRouteStop(stop)); stop.addEventListener("click", () => activateRouteStop(stop)); stop.addEventListener("keydown", event => { if (!["ArrowLeft","ArrowRight","ArrowUp","ArrowDown","Home","End"].includes(event.key…						Keep the pointer/scroll/sensor/requestAnimationFrame driver event-based; convert only its visual CSS easing or release duration.
268	Fully Nocturnal	https://kieransimkin.co.uk/fully-nocturnal/	120	page-inline	inline:script:fnx-interactive-script-v1	js	addEventListener("play		= Math.min(current + 1, routeStops.length - 1); else next = Math.max(current - 1, 0); routeStops[next].focus(); }); }); if (routeStops[0]) activateRouteStop(routeStops[0]); audio?.addEventListener("play", () => epk.classList.add("fnx-audio-playing")); audio?.addEventListener("pause", () => epk.classList.remove("fnx-audio-playing")); audio?.addEventListener("ended", () => epk.classList.remove("fnx-audio-playing")); setMotionState(); updateScroll(); renderPointer(); })();						Keep the audio state driver; move named song moments to DanceMoves.onCue and align optional starts with onNextBeat/onNextBar.
268	Fully Nocturnal	https://kieransimkin.co.uk/fully-nocturnal/	120	page-inline	inline:script:fnx-interactive-script-v1	js	addEventListener("pause		1, 0); routeStops[next].focus(); }); }); if (routeStops[0]) activateRouteStop(routeStops[0]); audio?.addEventListener("play", () => epk.classList.add("fnx-audio-playing")); audio?.addEventListener("pause", () => epk.classList.remove("fnx-audio-playing")); audio?.addEventListener("ended", () => epk.classList.remove("fnx-audio-playing")); setMotionState(); updateScroll(); renderPointer(); })();						Keep the audio state driver; move named song moments to DanceMoves.onCue and align optional starts with onNextBeat/onNextBar.
268	Fully Nocturnal	https://kieransimkin.co.uk/fully-nocturnal/	120	page-inline	inline:script:fnx-interactive-script-v1	js	addEventListener("ended		Stops[0]); audio?.addEventListener("play", () => epk.classList.add("fnx-audio-playing")); audio?.addEventListener("pause", () => epk.classList.remove("fnx-audio-playing")); audio?.addEventListener("ended", () => epk.classList.remove("fnx-audio-playing")); setMotionState(); updateScroll(); renderPointer(); })();						Keep the audio state driver; move named song moments to DanceMoves.onCue and align optional starts with onNextBeat/onNextBar.
270	Amnesty, honestly? (Spanish Migrant Invasion)	https://kieransimkin.co.uk/amnesty-honestly-spanish-migrant-invasion/	120	page-inline	inline:style:global-styles-inline-css	css	.wpforms-container .wpforms-image-choices-modern label:not(.wpforms-error)	transition	all 0.5s	0.5s	500	16	500	var(--dance-moves-16t)	Replace each fixed duration with the listed --dance-moves-Nt property; when a class/state change must wait for a boundary, trigger it through deferStart/onNextInterval.
270	Amnesty, honestly? (Spanish Migrant Invasion)	https://kieransimkin.co.uk/amnesty-honestly-spanish-migrant-invasion/	120	page-inline	inline:style:global-styles-inline-css	css	.wpforms-container .wpforms-image-choices-modern .wpforms-image-choices-image:after	transition	all 0.5s	0.5s	500	16	500	var(--dance-moves-16t)	Replace each fixed duration with the listed --dance-moves-Nt property; when a class/state change must wait for a boundary, trigger it through deferStart/onNextInterval.
270	Amnesty, honestly? (Spanish Migrant Invasion)	https://kieransimkin.co.uk/amnesty-honestly-spanish-migrant-invasion/	120	page-inline	inline:style:global-styles-inline-css	css	div.wpforms-container-full input[type=date],div.wpforms-container-full input[type=datetime],div.wpforms-container-full input[type=datetime-local],div.wpforms-container-full input[…	transition	border 0.15s, box-shadow 0.15s	0.15s	150	5	156.25	var(--dance-moves-5t)	Replace each fixed duration with the listed --dance-moves-Nt property; when a class/state change must wait for a boundary, trigger it through deferStart/onNextInterval.
270	Amnesty, honestly? (Spanish Migrant Invasion)	https://kieransimkin.co.uk/amnesty-honestly-spanish-migrant-invasion/	120	page-inline	inline:style:global-styles-inline-css	css	div.wpforms-container-full input[type=date],div.wpforms-container-full input[type=datetime],div.wpforms-container-full input[type=datetime-local],div.wpforms-container-full input[…	transition	border 0.15s, box-shadow 0.15s	0.15s	150	5	156.25	var(--dance-moves-5t)	Replace each fixed duration with the listed --dance-moves-Nt property; when a class/state change must wait for a boundary, trigger it through deferStart/onNextInterval.
270	Amnesty, honestly? (Spanish Migrant Invasion)	https://kieransimkin.co.uk/amnesty-honestly-spanish-migrant-invasion/	120	page-inline	inline:style:global-styles-inline-css	css	div.wpforms-container-full input[type=submit],div.wpforms-container-full button[type=submit],div.wpforms-container-full .wpforms-page-button	transition	all 0.15s ease-in-out	0.15s	150	5	156.25	var(--dance-moves-5t)	Replace each fixed duration with the listed --dance-moves-Nt property; when a class/state change must wait for a boundary, trigger it through deferStart/onNextInterval.
270	Amnesty, honestly? (Spanish Migrant Invasion)	https://kieransimkin.co.uk/amnesty-honestly-spanish-migrant-invasion/	120	page-inline	inline:style:9	css	.epk-button,.epk-download	transition	.25s ease	.25s	250	8	250	var(--dance-moves-8t)	Replace each fixed duration with the listed --dance-moves-Nt property; when a class/state change must wait for a boundary, trigger it through deferStart/onNextInterval.
270	Amnesty, honestly? (Spanish Migrant Invasion)	https://kieransimkin.co.uk/amnesty-honestly-spanish-migrant-invasion/	120	page-inline	inline:style:amnesty-civil-aid-visual-v2	css	.ks-epk .epk-atmosphere::before	animation	amnesty-rain 18s linear infinite	18s	18000	576	18000	var(--dance-moves-576t)	Replace each fixed duration with the listed --dance-moves-Nt property, register the page animation scope, and use a 16- or 64-tick deferred start for beat/bar alignment when audio-driven.
270	Amnesty, honestly? (Spanish Migrant Invasion)	https://kieransimkin.co.uk/amnesty-honestly-spanish-migrant-invasion/	120	page-inline	inline:style:amnesty-civil-aid-visual-v2	css	@media (prefers-reduced-motion:reduce){.ks-epk *,.ks-epk *::before,.ks-epk *::after	scroll-behavior	auto !important						Keep unchanged; reduced-motion/accessibility override is authoritative.
270	Amnesty, honestly? (Spanish Migrant Invasion)	https://kieransimkin.co.uk/amnesty-honestly-spanish-migrant-invasion/	120	page-inline	inline:style:amnesty-civil-aid-visual-v2	css	@media (prefers-reduced-motion:reduce){.ks-epk *,.ks-epk *::before,.ks-epk *::after	animation	none !important						Keep unchanged; reduced-motion/accessibility override is authoritative.
270	Amnesty, honestly? (Spanish Migrant Invasion)	https://kieransimkin.co.uk/amnesty-honestly-spanish-migrant-invasion/	120	page-inline	inline:style:amnesty-civil-aid-visual-v2	css	@media (prefers-reduced-motion:reduce){.ks-epk *,.ks-epk *::before,.ks-epk *::after	transition	none !important						Keep unchanged; reduced-motion/accessibility override is authoritative.
270	Amnesty, honestly? (Spanish Migrant Invasion)	https://kieransimkin.co.uk/amnesty-honestly-spanish-migrant-invasion/	120	page-inline	inline:style:amnesty-motion-3d-v3	css	.ks-epk .epk-weather::after	animation	epk-wet-breathe 18s ease-in-out infinite alternate	18s	18000	576	18000	var(--dance-moves-576t)	Replace each fixed duration with the listed --dance-moves-Nt property, register the page animation scope, and use a 16- or 64-tick deferred start for beat/bar alignment when audio-driven.
270	Amnesty, honestly? (Spanish Migrant Invasion)	https://kieransimkin.co.uk/amnesty-honestly-spanish-migrant-invasion/	120	page-inline	inline:style:amnesty-motion-3d-v3	css	.ks-epk .epk-rain-far	animation	epk-rain-fall 11s linear infinite	11s	11000	352	11000	var(--dance-moves-352t)	Replace each fixed duration with the listed --dance-moves-Nt property, register the page animation scope, and use a 16- or 64-tick deferred start for beat/bar alignment when audio-driven.
270	Amnesty, honestly? (Spanish Migrant Invasion)	https://kieransimkin.co.uk/amnesty-honestly-spanish-migrant-invasion/	120	page-inline	inline:style:amnesty-motion-3d-v3	css	.ks-epk .epk-rain-mid	animation	epk-rain-fall 7.5s linear infinite	7.5s	7500	240	7500	var(--dance-moves-240t)	Replace each fixed duration with the listed --dance-moves-Nt property, register the page animation scope, and use a 16- or 64-tick deferred start for beat/bar alignment when audio-driven.
270	Amnesty, honestly? (Spanish Migrant Invasion)	https://kieransimkin.co.uk/amnesty-honestly-spanish-migrant-invasion/	120	page-inline	inline:style:amnesty-motion-3d-v3	css	.ks-epk .epk-rain-near	animation	epk-rain-fall-near 5.25s linear infinite	5.25s	5250	176	5500	var(--dance-moves-176t)	Replace each fixed duration with the listed --dance-moves-Nt property, register the page animation scope, and use a 16- or 64-tick deferred start for beat/bar alignment when audio-driven.
270	Amnesty, honestly? (Spanish Migrant Invasion)	https://kieransimkin.co.uk/amnesty-honestly-spanish-migrant-invasion/	120	page-inline	inline:style:amnesty-motion-3d-v3	css	.ks-epk .epk-cover-wrap	transition	transform .55s cubic-bezier(.2,.8,.2,1)	.55s	550	16	500	var(--dance-moves-16t)	Replace each fixed duration with the listed --dance-moves-Nt property; when a class/state change must wait for a boundary, trigger it through deferStart/onNextInterval.
270	Amnesty, honestly? (Spanish Migrant Invasion)	https://kieransimkin.co.uk/amnesty-honestly-spanish-migrant-invasion/	120	page-inline	inline:style:amnesty-motion-3d-v3	css	.ks-epk .epk-heading	transition	transform .65s cubic-bezier(.2,.8,.2,1)	.65s	650	16	500	var(--dance-moves-16t)	Replace each fixed duration with the listed --dance-moves-Nt property; when a class/state change must wait for a boundary, trigger it through deferStart/onNextInterval.
270	Amnesty, honestly? (Spanish Migrant Invasion)	https://kieransimkin.co.uk/amnesty-honestly-spanish-migrant-invasion/	120	page-inline	inline:style:amnesty-motion-3d-v3	css	.ks-epk .epk-facts div	transition	transform .28s ease,border-color .28s ease,box-shadow .28s ease	.28s	280	9	281.25	var(--dance-moves-9t)	Replace each fixed duration with the listed --dance-moves-Nt property; when a class/state change must wait for a boundary, trigger it through deferStart/onNextInterval.
270	Amnesty, honestly? (Spanish Migrant Invasion)	https://kieransimkin.co.uk/amnesty-honestly-spanish-migrant-invasion/	120	page-inline	inline:style:amnesty-motion-3d-v3	css	.ks-epk .epk-facts div	transition	transform .28s ease,border-color .28s ease,box-shadow .28s ease	.28s	280	9	281.25	var(--dance-moves-9t)	Replace each fixed duration with the listed --dance-moves-Nt property; when a class/state change must wait for a boundary, trigger it through deferStart/onNextInterval.
270	Amnesty, honestly? (Spanish Migrant Invasion)	https://kieransimkin.co.uk/amnesty-honestly-spanish-migrant-invasion/	120	page-inline	inline:style:amnesty-motion-3d-v3	css	.ks-epk .epk-facts div	transition	transform .28s ease,border-color .28s ease,box-shadow .28s ease	.28s	280	9	281.25	var(--dance-moves-9t)	Replace each fixed duration with the listed --dance-moves-Nt property; when a class/state change must wait for a boundary, trigger it through deferStart/onNextInterval.
270	Amnesty, honestly? (Spanish Migrant Invasion)	https://kieransimkin.co.uk/amnesty-honestly-spanish-migrant-invasion/	120	page-inline	inline:style:amnesty-motion-3d-v3	css	.ks-epk .epk-rain-far	animation-duration	16s	16s	16000	512	16000	var(--dance-moves-512t)	Replace each fixed duration with the listed --dance-moves-Nt property, register the page animation scope, and use a 16- or 64-tick deferred start for beat/bar alignment when audio-driven.
270	Amnesty, honestly? (Spanish Migrant Invasion)	https://kieransimkin.co.uk/amnesty-honestly-spanish-migrant-invasion/	120	page-inline	inline:style:amnesty-motion-3d-v3	css	.ks-epk .epk-rain-mid	animation-duration	12s	12s	12000	384	12000	var(--dance-moves-384t)	Replace each fixed duration with the listed --dance-moves-Nt property, register the page animation scope, and use a 16- or 64-tick deferred start for beat/bar alignment when audio-driven.
270	Amnesty, honestly? (Spanish Migrant Invasion)	https://kieransimkin.co.uk/amnesty-honestly-spanish-migrant-invasion/	120	page-inline	inline:style:amnesty-motion-3d-v3	css	@media (prefers-reduced-motion:reduce){.ks-epk .epk-rain-plane,.ks-epk .epk-weather::after,.ks-epk .epk-cover-wrap,.ks-epk .epk-heading,.ks-epk .epk-facts div	animation	none !important						Keep unchanged; reduced-motion/accessibility override is authoritative.
270	Amnesty, honestly? (Spanish Migrant Invasion)	https://kieransimkin.co.uk/amnesty-honestly-spanish-migrant-invasion/	120	page-inline	inline:style:amnesty-motion-3d-v3	css	@media (prefers-reduced-motion:reduce){.ks-epk .epk-rain-plane,.ks-epk .epk-weather::after,.ks-epk .epk-cover-wrap,.ks-epk .epk-heading,.ks-epk .epk-facts div	transition	none !important						Keep unchanged; reduced-motion/accessibility override is authoritative.
270	Amnesty, honestly? (Spanish Migrant Invasion)	https://kieransimkin.co.uk/amnesty-honestly-spanish-migrant-invasion/	120	page-inline	inline:style:amnesty-motion-3d-v3	css	.ks-epk .epk-weather::before	transition	transform .85s cubic-bezier(.2,.8,.2,1),opacity .85s ease	.85s	850	32	1000	var(--dance-moves-32t)	Replace each fixed duration with the listed --dance-moves-Nt property; when a class/state change must wait for a boundary, trigger it through deferStart/onNextInterval.
270	Amnesty, honestly? (Spanish Migrant Invasion)	https://kieransimkin.co.uk/amnesty-honestly-spanish-migrant-invasion/	120	page-inline	inline:style:amnesty-motion-3d-v3	css	.ks-epk .epk-weather::before	transition	transform .85s cubic-bezier(.2,.8,.2,1),opacity .85s ease	.85s	850	32	1000	var(--dance-moves-32t)	Replace each fixed duration with the listed --dance-moves-Nt property; when a class/state change must wait for a boundary, trigger it through deferStart/onNextInterval.
270	Amnesty, honestly? (Spanish Migrant Invasion)	https://kieransimkin.co.uk/amnesty-honestly-spanish-migrant-invasion/	120	page-inline	inline:style:amnesty-motion-3d-v3	css	@media (max-width:760px),(hover:none),(pointer:coarse){.ks-epk .epk-weather::before	transition	none						Keep unchanged; reduced-motion/accessibility override is authoritative.
270	Amnesty, honestly? (Spanish Migrant Invasion)	https://kieransimkin.co.uk/amnesty-honestly-spanish-migrant-invasion/	120	page-inline	inline:style:amnesty-motion-3d-v3	css	@media (prefers-reduced-motion:reduce){.ks-epk .epk-weather::before	transition	none !important						Keep unchanged; reduced-motion/accessibility override is authoritative.
270	Amnesty, honestly? (Spanish Migrant Invasion)	https://kieransimkin.co.uk/amnesty-honestly-spanish-migrant-invasion/	120	page-inline	inline:style:ks-epk-lyrics-style	css	.ks-epk-lyrics-track summary span[aria-hidden]	transition	transform .2s ease	.2s	200	6	187.5	var(--dance-moves-6t)	Replace each fixed duration with the listed --dance-moves-Nt property; when a class/state change must wait for a boundary, trigger it through deferStart/onNextInterval.
270	Amnesty, honestly? (Spanish Migrant Invasion)	https://kieransimkin.co.uk/amnesty-honestly-spanish-migrant-invasion/	120	page-inline	inline:style:ks-epk-lyrics-style	css	@media(prefers-reduced-motion:reduce){.ks-epk-lyrics-track summary span[aria-hidden]	transition	none						Keep unchanged; reduced-motion/accessibility override is authoritative.
270	Amnesty, honestly? (Spanish Migrant Invasion)	https://kieransimkin.co.uk/amnesty-honestly-spanish-migrant-invasion/	120	page-inline	inline:script:amnesty-motion-3d-script	js	requestAnimationFrame		etProperty('--epk-puddle-x',`${(nextX * 7).toFixed(2)}px`);epk.style.setProperty('--epk-puddle-y',`${(nextY * 3).toFixed(2)}px`);};const reset=()=>{nextX=0;nextY=0;if(!frame)frame=requestAnimationFrame(render);};hero.addEventListener('pointermove',event=>{const bounds=hero.getBoundingClientRect();nextX=Math.max(-1,Math.min(1,((event.clientX - bounds.left)/ bounds.width - .5)* 2));nextY=Math.max(-1,Math.min(1,((event.clientY - bounds.top)/ bounds.height - .5)* 2));if(!frame)frame=requestAnimationFrame(render);},{pa…						Keep the pointer/scroll/sensor/requestAnimationFrame driver event-based; convert only its visual CSS easing or release duration.
270	Amnesty, honestly? (Spanish Migrant Invasion)	https://kieransimkin.co.uk/amnesty-honestly-spanish-migrant-invasion/	120	page-inline	inline:script:amnesty-motion-3d-script	js	addEventListener('pointer		* 7).toFixed(2)}px`);epk.style.setProperty('--epk-puddle-y',`${(nextY * 3).toFixed(2)}px`);};const reset=()=>{nextX=0;nextY=0;if(!frame)frame=requestAnimationFrame(render);};hero.addEventListener('pointermove',event=>{const bounds=hero.getBoundingClientRect();nextX=Math.max(-1,Math.min(1,((event.clientX - bounds.left)/ bounds.width - .5)* 2));nextY=Math.max(-1,Math.min(1,((event.clientY - bounds.top)/ bounds.height - .5)* 2));if(!frame)frame=requestAnimationFrame(render);},{passive:true});hero.addEventListener('po…						Keep the pointer/scroll/sensor/requestAnimationFrame driver event-based; convert only its visual CSS easing or release duration.
270	Amnesty, honestly? (Spanish Migrant Invasion)	https://kieransimkin.co.uk/amnesty-honestly-spanish-migrant-invasion/	120	page-inline	inline:script:amnesty-motion-3d-script	js	requestAnimationFrame		Math.max(-1,Math.min(1,((event.clientX - bounds.left)/ bounds.width - .5)* 2));nextY=Math.max(-1,Math.min(1,((event.clientY - bounds.top)/ bounds.height - .5)* 2));if(!frame)frame=requestAnimationFrame(render);},{passive:true});hero.addEventListener('pointerleave',reset,{passive:true});document.addEventListener('visibilitychange',()=>{if(document.hidden)reset();},{passive:true});window.addEventListener('orientationchange',reset,{passive:true});})();						Keep the pointer/scroll/sensor/requestAnimationFrame driver event-based; convert only its visual CSS easing or release duration.
270	Amnesty, honestly? (Spanish Migrant Invasion)	https://kieransimkin.co.uk/amnesty-honestly-spanish-migrant-invasion/	120	page-inline	inline:script:amnesty-motion-3d-script	js	addEventListener('pointer		/ bounds.width - .5)* 2));nextY=Math.max(-1,Math.min(1,((event.clientY - bounds.top)/ bounds.height - .5)* 2));if(!frame)frame=requestAnimationFrame(render);},{passive:true});hero.addEventListener('pointerleave',reset,{passive:true});document.addEventListener('visibilitychange',()=>{if(document.hidden)reset();},{passive:true});window.addEventListener('orientationchange',reset,{passive:true});})();						Keep the pointer/scroll/sensor/requestAnimationFrame driver event-based; convert only its visual CSS easing or release duration.
272	So you're a racist now, father?	https://kieransimkin.co.uk/so-youre-a-racist-now-father/	120	page-inline	inline:style:global-styles-inline-css	css	.wpforms-container .wpforms-image-choices-modern label:not(.wpforms-error)	transition	all 0.5s	0.5s	500	16	500	var(--dance-moves-16t)	Replace each fixed duration with the listed --dance-moves-Nt property; when a class/state change must wait for a boundary, trigger it through deferStart/onNextInterval.
272	So you're a racist now, father?	https://kieransimkin.co.uk/so-youre-a-racist-now-father/	120	page-inline	inline:style:global-styles-inline-css	css	.wpforms-container .wpforms-image-choices-modern .wpforms-image-choices-image:after	transition	all 0.5s	0.5s	500	16	500	var(--dance-moves-16t)	Replace each fixed duration with the listed --dance-moves-Nt property; when a class/state change must wait for a boundary, trigger it through deferStart/onNextInterval.
272	So you're a racist now, father?	https://kieransimkin.co.uk/so-youre-a-racist-now-father/	120	page-inline	inline:style:global-styles-inline-css	css	div.wpforms-container-full input[type=date],div.wpforms-container-full input[type=datetime],div.wpforms-container-full input[type=datetime-local],div.wpforms-container-full input[…	transition	border 0.15s, box-shadow 0.15s	0.15s	150	5	156.25	var(--dance-moves-5t)	Replace each fixed duration with the listed --dance-moves-Nt property; when a class/state change must wait for a boundary, trigger it through deferStart/onNextInterval.
272	So you're a racist now, father?	https://kieransimkin.co.uk/so-youre-a-racist-now-father/	120	page-inline	inline:style:global-styles-inline-css	css	div.wpforms-container-full input[type=date],div.wpforms-container-full input[type=datetime],div.wpforms-container-full input[type=datetime-local],div.wpforms-container-full input[…	transition	border 0.15s, box-shadow 0.15s	0.15s	150	5	156.25	var(--dance-moves-5t)	Replace each fixed duration with the listed --dance-moves-Nt property; when a class/state change must wait for a boundary, trigger it through deferStart/onNextInterval.
272	So you're a racist now, father?	https://kieransimkin.co.uk/so-youre-a-racist-now-father/	120	page-inline	inline:style:global-styles-inline-css	css	div.wpforms-container-full input[type=submit],div.wpforms-container-full button[type=submit],div.wpforms-container-full .wpforms-page-button	transition	all 0.15s ease-in-out	0.15s	150	5	156.25	var(--dance-moves-5t)	Replace each fixed duration with the listed --dance-moves-Nt property; when a class/state change must wait for a boundary, trigger it through deferStart/onNextInterval.
272	So you're a racist now, father?	https://kieransimkin.co.uk/so-youre-a-racist-now-father/	120	page-inline	inline:style:9	css	.epk-button,.epk-download	transition	.25s ease	.25s	250	8	250	var(--dance-moves-8t)	Replace each fixed duration with the listed --dance-moves-Nt property; when a class/state change must wait for a boundary, trigger it through deferStart/onNextInterval.
272	So you're a racist now, father?	https://kieransimkin.co.uk/so-youre-a-racist-now-father/	120	page-inline	inline:style:ks-epk-lyrics-style	css	.ks-epk-lyrics-track summary span[aria-hidden]	transition	transform .2s ease	.2s	200	6	187.5	var(--dance-moves-6t)	Replace each fixed duration with the listed --dance-moves-Nt property; when a class/state change must wait for a boundary, trigger it through deferStart/onNextInterval.
272	So you're a racist now, father?	https://kieransimkin.co.uk/so-youre-a-racist-now-father/	120	page-inline	inline:style:ks-epk-lyrics-style	css	@media(prefers-reduced-motion:reduce){.ks-epk-lyrics-track summary span[aria-hidden]	transition	none						Keep unchanged; reduced-motion/accessibility override is authoritative.
274	Bed of Lies	https://kieransimkin.co.uk/bed-of-lies/	120	page-inline	inline:style:global-styles-inline-css	css	.wpforms-container .wpforms-image-choices-modern label:not(.wpforms-error)	transition	all 0.5s	0.5s	500	16	500	var(--dance-moves-16t)	Replace each fixed duration with the listed --dance-moves-Nt property; when a class/state change must wait for a boundary, trigger it through deferStart/onNextInterval.
274	Bed of Lies	https://kieransimkin.co.uk/bed-of-lies/	120	page-inline	inline:style:global-styles-inline-css	css	.wpforms-container .wpforms-image-choices-modern .wpforms-image-choices-image:after	transition	all 0.5s	0.5s	500	16	500	var(--dance-moves-16t)	Replace each fixed duration with the listed --dance-moves-Nt property; when a class/state change must wait for a boundary, trigger it through deferStart/onNextInterval.
274	Bed of Lies	https://kieransimkin.co.uk/bed-of-lies/	120	page-inline	inline:style:global-styles-inline-css	css	div.wpforms-container-full input[type=date],div.wpforms-container-full input[type=datetime],div.wpforms-container-full input[type=datetime-local],div.wpforms-container-full input[…	transition	border 0.15s, box-shadow 0.15s	0.15s	150	5	156.25	var(--dance-moves-5t)	Replace each fixed duration with the listed --dance-moves-Nt property; when a class/state change must wait for a boundary, trigger it through deferStart/onNextInterval.
274	Bed of Lies	https://kieransimkin.co.uk/bed-of-lies/	120	page-inline	inline:style:global-styles-inline-css	css	div.wpforms-container-full input[type=date],div.wpforms-container-full input[type=datetime],div.wpforms-container-full input[type=datetime-local],div.wpforms-container-full input[…	transition	border 0.15s, box-shadow 0.15s	0.15s	150	5	156.25	var(--dance-moves-5t)	Replace each fixed duration with the listed --dance-moves-Nt property; when a class/state change must wait for a boundary, trigger it through deferStart/onNextInterval.
274	Bed of Lies	https://kieransimkin.co.uk/bed-of-lies/	120	page-inline	inline:style:global-styles-inline-css	css	div.wpforms-container-full input[type=submit],div.wpforms-container-full button[type=submit],div.wpforms-container-full .wpforms-page-button	transition	all 0.15s ease-in-out	0.15s	150	5	156.25	var(--dance-moves-5t)	Replace each fixed duration with the listed --dance-moves-Nt property; when a class/state change must wait for a boundary, trigger it through deferStart/onNextInterval.
274	Bed of Lies	https://kieransimkin.co.uk/bed-of-lies/	120	page-inline	inline:style:9	css	.epk-button,.epk-download	transition	.25s ease	.25s	250	8	250	var(--dance-moves-8t)	Replace each fixed duration with the listed --dance-moves-Nt property; when a class/state change must wait for a boundary, trigger it through deferStart/onNextInterval.
274	Bed of Lies	https://kieransimkin.co.uk/bed-of-lies/	120	page-inline	inline:style:ks-epk-lyrics-style	css	.ks-epk-lyrics-track summary span[aria-hidden]	transition	transform .2s ease	.2s	200	6	187.5	var(--dance-moves-6t)	Replace each fixed duration with the listed --dance-moves-Nt property; when a class/state change must wait for a boundary, trigger it through deferStart/onNextInterval.
274	Bed of Lies	https://kieransimkin.co.uk/bed-of-lies/	120	page-inline	inline:style:ks-epk-lyrics-style	css	@media(prefers-reduced-motion:reduce){.ks-epk-lyrics-track summary span[aria-hidden]	transition	none						Keep unchanged; reduced-motion/accessibility override is authoritative.
276	Walk With Me	https://kieransimkin.co.uk/walk-with-me/	120	page-inline	inline:style:global-styles-inline-css	css	.wpforms-container .wpforms-image-choices-modern label:not(.wpforms-error)	transition	all 0.5s	0.5s	500	16	500	var(--dance-moves-16t)	Replace each fixed duration with the listed --dance-moves-Nt property; when a class/state change must wait for a boundary, trigger it through deferStart/onNextInterval.
276	Walk With Me	https://kieransimkin.co.uk/walk-with-me/	120	page-inline	inline:style:global-styles-inline-css	css	.wpforms-container .wpforms-image-choices-modern .wpforms-image-choices-image:after	transition	all 0.5s	0.5s	500	16	500	var(--dance-moves-16t)	Replace each fixed duration with the listed --dance-moves-Nt property; when a class/state change must wait for a boundary, trigger it through deferStart/onNextInterval.
276	Walk With Me	https://kieransimkin.co.uk/walk-with-me/	120	page-inline	inline:style:global-styles-inline-css	css	div.wpforms-container-full input[type=date],div.wpforms-container-full input[type=datetime],div.wpforms-container-full input[type=datetime-local],div.wpforms-container-full input[…	transition	border 0.15s, box-shadow 0.15s	0.15s	150	5	156.25	var(--dance-moves-5t)	Replace each fixed duration with the listed --dance-moves-Nt property; when a class/state change must wait for a boundary, trigger it through deferStart/onNextInterval.
276	Walk With Me	https://kieransimkin.co.uk/walk-with-me/	120	page-inline	inline:style:global-styles-inline-css	css	div.wpforms-container-full input[type=date],div.wpforms-container-full input[type=datetime],div.wpforms-container-full input[type=datetime-local],div.wpforms-container-full input[…	transition	border 0.15s, box-shadow 0.15s	0.15s	150	5	156.25	var(--dance-moves-5t)	Replace each fixed duration with the listed --dance-moves-Nt property; when a class/state change must wait for a boundary, trigger it through deferStart/onNextInterval.
276	Walk With Me	https://kieransimkin.co.uk/walk-with-me/	120	page-inline	inline:style:global-styles-inline-css	css	div.wpforms-container-full input[type=submit],div.wpforms-container-full button[type=submit],div.wpforms-container-full .wpforms-page-button	transition	all 0.15s ease-in-out	0.15s	150	5	156.25	var(--dance-moves-5t)	Replace each fixed duration with the listed --dance-moves-Nt property; when a class/state change must wait for a boundary, trigger it through deferStart/onNextInterval.
276	Walk With Me	https://kieransimkin.co.uk/walk-with-me/	120	page-inline	inline:style:9	css	.epk-button,.epk-download	transition	.25s ease	.25s	250	8	250	var(--dance-moves-8t)	Replace each fixed duration with the listed --dance-moves-Nt property; when a class/state change must wait for a boundary, trigger it through deferStart/onNextInterval.
276	Walk With Me	https://kieransimkin.co.uk/walk-with-me/	120	page-inline	inline:style:wwm-motion-v1	css	.ks-epk[data-release="walk-with-me"] .wwm-cover-stage	transition	transform 180ms var(--wwm-ease),filter 300ms linear	180ms	180	6	187.5	var(--dance-moves-6t)	Replace each fixed duration with the listed --dance-moves-Nt property; when a class/state change must wait for a boundary, trigger it through deferStart/onNextInterval.
276	Walk With Me	https://kieransimkin.co.uk/walk-with-me/	120	page-inline	inline:style:wwm-motion-v1	css	.ks-epk[data-release="walk-with-me"] .wwm-cover-stage	transition	transform 180ms var(--wwm-ease),filter 300ms linear	300ms	300	10	312.5	var(--dance-moves-10t)	Replace each fixed duration with the listed --dance-moves-Nt property; when a class/state change must wait for a boundary, trigger it through deferStart/onNextInterval.
276	Walk With Me	https://kieransimkin.co.uk/walk-with-me/	120	page-inline	inline:style:wwm-motion-v1	css	.wwm-route-ready .ks-epk[data-release="walk-with-me"] .wwm-route-draw,.wwm-route-ready .ks-epk[data-release="walk-with-me"] .wwm-route-shadow	animation	wwm-route-arrive 5.8s var(--wwm-ease) forwards	5.8s	5800	192	6000	var(--dance-moves-192t)	Replace each fixed duration with the listed --dance-moves-Nt property, register the page animation scope, and use a 16- or 64-tick deferred start for beat/bar alignment when audio-driven.
276	Walk With Me	https://kieransimkin.co.uk/walk-with-me/	120	page-inline	inline:style:wwm-motion-v1	css	.wwm-route-ready .ks-epk[data-release="walk-with-me"] .wwm-route-draw.secondary	animation-delay	.55s	.55s	550	16	500	var(--dance-moves-16t)	Replace the literal/variable with a DanceMoves tick property; use deferStart or onNextInterval when the delay represents musical boundary alignment rather than phase staggering.
276	Walk With Me	https://kieransimkin.co.uk/walk-with-me/	120	page-inline	inline:style:wwm-motion-v1	css	.wwm-route-ready .ks-epk[data-release="walk-with-me"] .wwm-route-draw.secondary	animation-duration	6.6s	6.6s	6600	208	6500	var(--dance-moves-208t)	Replace each fixed duration with the listed --dance-moves-Nt property, register the page animation scope, and use a 16- or 64-tick deferred start for beat/bar alignment when audio-driven.
276	Walk With Me	https://kieransimkin.co.uk/walk-with-me/	120	page-inline	inline:style:wwm-motion-v1	css	.ks-epk[data-release="walk-with-me"][data-wwm-audio="playing"] .wwm-route-pulse	animation	wwm-route-pulse 7.5s linear infinite	7.5s	7500	240	7500	var(--dance-moves-240t)	Replace each fixed duration with the listed --dance-moves-Nt property, register the page animation scope, and use a 16- or 64-tick deferred start for beat/bar alignment when audio-driven.
276	Walk With Me	https://kieransimkin.co.uk/walk-with-me/	120	page-inline	inline:style:wwm-motion-v1	css	.ks-epk[data-release="walk-with-me"] .epk-button	transition	transform 160ms var(--wwm-ease),border-color 160ms linear,color 160ms linear,background 160ms linear	160ms	160	5	156.25	var(--dance-moves-5t)	Replace each fixed duration with the listed --dance-moves-Nt property; when a class/state change must wait for a boundary, trigger it through deferStart/onNextInterval.
276	Walk With Me	https://kieransimkin.co.uk/walk-with-me/	120	page-inline	inline:style:wwm-motion-v1	css	.ks-epk[data-release="walk-with-me"] .epk-button	transition	transform 160ms var(--wwm-ease),border-color 160ms linear,color 160ms linear,background 160ms linear	160ms	160	5	156.25	var(--dance-moves-5t)	Replace each fixed duration with the listed --dance-moves-Nt property; when a class/state change must wait for a boundary, trigger it through deferStart/onNextInterval.
276	Walk With Me	https://kieransimkin.co.uk/walk-with-me/	120	page-inline	inline:style:wwm-motion-v1	css	.ks-epk[data-release="walk-with-me"] .epk-button	transition	transform 160ms var(--wwm-ease),border-color 160ms linear,color 160ms linear,background 160ms linear	160ms	160	5	156.25	var(--dance-moves-5t)	Replace each fixed duration with the listed --dance-moves-Nt property; when a class/state change must wait for a boundary, trigger it through deferStart/onNextInterval.
276	Walk With Me	https://kieransimkin.co.uk/walk-with-me/	120	page-inline	inline:style:wwm-motion-v1	css	.ks-epk[data-release="walk-with-me"] .epk-button	transition	transform 160ms var(--wwm-ease),border-color 160ms linear,color 160ms linear,background 160ms linear	160ms	160	5	156.25	var(--dance-moves-5t)	Replace each fixed duration with the listed --dance-moves-Nt property; when a class/state change must wait for a boundary, trigger it through deferStart/onNextInterval.
276	Walk With Me	https://kieransimkin.co.uk/walk-with-me/	120	page-inline	inline:style:wwm-motion-v1	css	.ks-epk[data-release="walk-with-me"] .epk-button:before	transition	opacity 180ms linear	180ms	180	6	187.5	var(--dance-moves-6t)	Replace each fixed duration with the listed --dance-moves-Nt property; when a class/state change must wait for a boundary, trigger it through deferStart/onNextInterval.
276	Walk With Me	https://kieransimkin.co.uk/walk-with-me/	120	page-inline	inline:style:wwm-motion-v1	css	.ks-epk[data-release="walk-with-me"][data-wwm-audio="playing"] .wwm-audio-line i	animation	wwm-audio-travel 7.5s linear infinite	7.5s	7500	240	7500	var(--dance-moves-240t)	Replace each fixed duration with the listed --dance-moves-Nt property, register the page animation scope, and use a 16- or 64-tick deferred start for beat/bar alignment when audio-driven.
276	Walk With Me	https://kieransimkin.co.uk/walk-with-me/	120	page-inline	inline:style:wwm-motion-v1	css	.ks-epk[data-release="walk-with-me"] .wwm-mile	transition	transform 160ms var(--wwm-ease),background 160ms linear,border-color 160ms linear	160ms	160	5	156.25	var(--dance-moves-5t)	Replace each fixed duration with the listed --dance-moves-Nt property; when a class/state change must wait for a boundary, trigger it through deferStart/onNextInterval.
276	Walk With Me	https://kieransimkin.co.uk/walk-with-me/	120	page-inline	inline:style:wwm-motion-v1	css	.ks-epk[data-release="walk-with-me"] .wwm-mile	transition	transform 160ms var(--wwm-ease),background 160ms linear,border-color 160ms linear	160ms	160	5	156.25	var(--dance-moves-5t)	Replace each fixed duration with the listed --dance-moves-Nt property; when a class/state change must wait for a boundary, trigger it through deferStart/onNextInterval.
276	Walk With Me	https://kieransimkin.co.uk/walk-with-me/	120	page-inline	inline:style:wwm-motion-v1	css	.ks-epk[data-release="walk-with-me"] .wwm-mile	transition	transform 160ms var(--wwm-ease),background 160ms linear,border-color 160ms linear	160ms	160	5	156.25	var(--dance-moves-5t)	Replace each fixed duration with the listed --dance-moves-Nt property; when a class/state change must wait for a boundary, trigger it through deferStart/onNextInterval.
276	Walk With Me	https://kieransimkin.co.uk/walk-with-me/	120	page-inline	inline:style:wwm-motion-v1	css	.ks-epk[data-release="walk-with-me"] .wwm-anniversary summary span:last-child	transition	transform 180ms var(--wwm-ease)	180ms	180	6	187.5	var(--dance-moves-6t)	Replace each fixed duration with the listed --dance-moves-Nt property; when a class/state change must wait for a boundary, trigger it through deferStart/onNextInterval.
276	Walk With Me	https://kieransimkin.co.uk/walk-with-me/	120	page-inline	inline:style:wwm-motion-v1	css	.ks-epk[data-release="walk-with-me"] .ks-epk-lyrics	transition	background 900ms linear,box-shadow 900ms linear,padding 500ms var(--wwm-ease)	900ms	900	32	1000	var(--dance-moves-32t)	Replace each fixed duration with the listed --dance-moves-Nt property; when a class/state change must wait for a boundary, trigger it through deferStart/onNextInterval.
276	Walk With Me	https://kieransimkin.co.uk/walk-with-me/	120	page-inline	inline:style:wwm-motion-v1	css	.ks-epk[data-release="walk-with-me"] .ks-epk-lyrics	transition	background 900ms linear,box-shadow 900ms linear,padding 500ms var(--wwm-ease)	900ms	900	32	1000	var(--dance-moves-32t)	Replace each fixed duration with the listed --dance-moves-Nt property; when a class/state change must wait for a boundary, trigger it through deferStart/onNextInterval.
276	Walk With Me	https://kieransimkin.co.uk/walk-with-me/	120	page-inline	inline:style:wwm-motion-v1	css	.ks-epk[data-release="walk-with-me"] .ks-epk-lyrics	transition	background 900ms linear,box-shadow 900ms linear,padding 500ms var(--wwm-ease)	500ms	500	16	500	var(--dance-moves-16t)	Replace each fixed duration with the listed --dance-moves-Nt property; when a class/state change must wait for a boundary, trigger it through deferStart/onNextInterval.
276	Walk With Me	https://kieransimkin.co.uk/walk-with-me/	120	page-inline	inline:style:wwm-motion-v1	css	.ks-epk[data-release="walk-with-me"] .wwm-page-hidden *	animation-play-state	paused!important						Replace each fixed duration with the listed --dance-moves-Nt property, register the page animation scope, and use a 16- or 64-tick deferred start for beat/bar alignment when audio-driven.
276	Walk With Me	https://kieransimkin.co.uk/walk-with-me/	120	page-inline	inline:style:wwm-motion-v1	css	@media(prefers-reduced-motion:reduce){.ks-epk[data-release="walk-with-me"] *,.ks-epk[data-release="walk-with-me"] *:before,.ks-epk[data-release="walk-with-me"] *:after	scroll-behavior	auto!important						Keep unchanged; reduced-motion/accessibility override is authoritative.
276	Walk With Me	https://kieransimkin.co.uk/walk-with-me/	120	page-inline	inline:style:wwm-motion-v1	css	@media(prefers-reduced-motion:reduce){.ks-epk[data-release="walk-with-me"] *,.ks-epk[data-release="walk-with-me"] *:before,.ks-epk[data-release="walk-with-me"] *:after	animation-duration	.001ms!important	.001ms	0.001	1	31.25	var(--dance-moves-1t)	Keep unchanged; reduced-motion/accessibility override is authoritative.
276	Walk With Me	https://kieransimkin.co.uk/walk-with-me/	120	page-inline	inline:style:wwm-motion-v1	css	@media(prefers-reduced-motion:reduce){.ks-epk[data-release="walk-with-me"] *,.ks-epk[data-release="walk-with-me"] *:before,.ks-epk[data-release="walk-with-me"] *:after	animation-iteration-count	1!important						Replace each fixed duration with the listed --dance-moves-Nt property, register the page animation scope, and use a 16- or 64-tick deferred start for beat/bar alignment when audio-driven.
276	Walk With Me	https://kieransimkin.co.uk/walk-with-me/	120	page-inline	inline:style:wwm-motion-v1	css	@media(prefers-reduced-motion:reduce){.ks-epk[data-release="walk-with-me"] *,.ks-epk[data-release="walk-with-me"] *:before,.ks-epk[data-release="walk-with-me"] *:after	transition-duration	.001ms!important	.001ms	0.001	1	31.25	var(--dance-moves-1t)	Keep unchanged; reduced-motion/accessibility override is authoritative.
276	Walk With Me	https://kieransimkin.co.uk/walk-with-me/	120	page-inline	inline:style:ks-epk-lyrics-style	css	.ks-epk-lyrics-track summary span[aria-hidden]	transition	transform .2s ease	.2s	200	6	187.5	var(--dance-moves-6t)	Replace each fixed duration with the listed --dance-moves-Nt property; when a class/state change must wait for a boundary, trigger it through deferStart/onNextInterval.
276	Walk With Me	https://kieransimkin.co.uk/walk-with-me/	120	page-inline	inline:style:ks-epk-lyrics-style	css	@media(prefers-reduced-motion:reduce){.ks-epk-lyrics-track summary span[aria-hidden]	transition	none						Keep unchanged; reduced-motion/accessibility override is authoritative.
276	Walk With Me	https://kieransimkin.co.uk/walk-with-me/	120	page-inline	inline:script:wwm-motion-v1-script	js	setTimeout		rsectionObserver((entries) => { if (entries.some((entry) => entry.isIntersecting)) { revealRoute(); observer.disconnect(); } }, { threshold: 0.3 }); observer.observe(hero); window.setTimeout(revealRoute, 1400); } else { revealRoute(); } const resetCover = () => { if (!cover) return; cover.style.setProperty('--wwm-tilt-x', '0deg'); cover.style.setProperty('--wwm-tilt-y', '0deg'); cover.style.setProperty('--wwm-shift-x', '0px'); cover.style.setProperty('--wwm-shift-y', '0px'); cover.style.setProperty('--wwm-glow-x',…						If visual, replace the delay with DanceMoves.durationMilliseconds(ticks); if it starts a page update, use onNextInterval/onEveryInterval. Keep functional sampling or availability timers time-based.
276	Walk With Me	https://kieransimkin.co.uk/walk-with-me/	120	page-inline	inline:script:wwm-motion-v1-script	js	addEventListener('pointer		(y - 0.5) * 8).toFixed(1)}px`); cover.style.setProperty('--wwm-glow-x', `${(x * 100).toFixed(1)}%`); cover.style.setProperty('--wwm-glow-y', `${(y * 100).toFixed(1)}%`); }; cover?.addEventListener('pointermove', moveCover); cover?.addEventListener('pointerleave', resetCover); reduceMotion.addEventListener?.('change', resetCover); coarsePointer.addEventListener?.('change', resetCover); root.querySelectorAll('.epk-button').forEach((button) => { button.addEventListener('pointermove', (event) => { const box = button.g…						Keep the pointer/scroll/sensor/requestAnimationFrame driver event-based; convert only its visual CSS easing or release duration.
276	Walk With Me	https://kieransimkin.co.uk/walk-with-me/	120	page-inline	inline:script:wwm-motion-v1-script	js	addEventListener('pointer		erty('--wwm-glow-x', `${(x * 100).toFixed(1)}%`); cover.style.setProperty('--wwm-glow-y', `${(y * 100).toFixed(1)}%`); }; cover?.addEventListener('pointermove', moveCover); cover?.addEventListener('pointerleave', resetCover); reduceMotion.addEventListener?.('change', resetCover); coarsePointer.addEventListener?.('change', resetCover); root.querySelectorAll('.epk-button').forEach((button) => { button.addEventListener('pointermove', (event) => { const box = button.getBoundingClientRect(); button.style.setProperty('-…						Keep the pointer/scroll/sensor/requestAnimationFrame driver event-based; convert only its visual CSS easing or release duration.
276	Walk With Me	https://kieransimkin.co.uk/walk-with-me/	120	page-inline	inline:script:wwm-motion-v1-script	js	addEventListener('pointer		); reduceMotion.addEventListener?.('change', resetCover); coarsePointer.addEventListener?.('change', resetCover); root.querySelectorAll('.epk-button').forEach((button) => { button.addEventListener('pointermove', (event) => { const box = button.getBoundingClientRect(); button.style.setProperty('--wwm-pointer-x', `${event.clientX - box.left}px`); button.style.setProperty('--wwm-pointer-y', `${event.clientY - box.top}px`); }); }); const setAudio = (state, message) => { root.dataset.wwmAudio = state; if (audioState) a…						Keep the pointer/scroll/sensor/requestAnimationFrame driver event-based; convert only its visual CSS easing or release duration.
276	Walk With Me	https://kieransimkin.co.uk/walk-with-me/	120	page-inline	inline:script:wwm-motion-v1-script	js	addEventListener('play		nter-y', `${event.clientY - box.top}px`); }); }); const setAudio = (state, message) => { root.dataset.wwmAudio = state; if (audioState) audioState.textContent = message; }; audio?.addEventListener('play', () => setAudio('playing', 'Audio playing · route in motion')); audio?.addEventListener('pause', () => setAudio(audio.ended ? 'ended' : 'paused', audio.ended ? 'Audio ended · route at rest' : 'Audio paused · route held')); audio?.addEventListener('ended', () => setAudio('ended', 'Audio ended · route at rest')); co…						Keep the audio state driver; move named song moments to DanceMoves.onCue and align optional starts with onNextBeat/onNextBar.
276	Walk With Me	https://kieransimkin.co.uk/walk-with-me/	120	page-inline	inline:script:wwm-motion-v1-script	js	addEventListener('pause		ataset.wwmAudio = state; if (audioState) audioState.textContent = message; }; audio?.addEventListener('play', () => setAudio('playing', 'Audio playing · route in motion')); audio?.addEventListener('pause', () => setAudio(audio.ended ? 'ended' : 'paused', audio.ended ? 'Audio ended · route at rest' : 'Audio paused · route held')); audio?.addEventListener('ended', () => setAudio('ended', 'Audio ended · route at rest')); const syncLyricsDawn = () => { const open = Boolean(lyrics?.querySelector('details[open]')); lyri…						Keep the audio state driver; move named song moments to DanceMoves.onCue and align optional starts with onNextBeat/onNextBar.
276	Walk With Me	https://kieransimkin.co.uk/walk-with-me/	120	page-inline	inline:script:wwm-motion-v1-script	js	addEventListener('ended		in motion')); audio?.addEventListener('pause', () => setAudio(audio.ended ? 'ended' : 'paused', audio.ended ? 'Audio ended · route at rest' : 'Audio paused · route held')); audio?.addEventListener('ended', () => setAudio('ended', 'Audio ended · route at rest')); const syncLyricsDawn = () => { const open = Boolean(lyrics?.querySelector('details[open]')); lyrics?.classList.toggle('wwm-dawn', open); }; lyrics?.querySelectorAll('details').forEach((details) => details.addEventListener('toggle', syncLyricsDawn)); syncLy…						Keep the audio state driver; move named song moments to DanceMoves.onCue and align optional starts with onNextBeat/onNextBar.
278	Battling a Bin (Nigel Farage Vs Count BinFace)	https://kieransimkin.co.uk/battling-a-bin-nigel-farage-vs-count-binface/	120	page-inline	inline:style:global-styles-inline-css	css	.wpforms-container .wpforms-image-choices-modern label:not(.wpforms-error)	transition	all 0.5s	0.5s	500	16	500	var(--dance-moves-16t)	Replace each fixed duration with the listed --dance-moves-Nt property; when a class/state change must wait for a boundary, trigger it through deferStart/onNextInterval.
278	Battling a Bin (Nigel Farage Vs Count BinFace)	https://kieransimkin.co.uk/battling-a-bin-nigel-farage-vs-count-binface/	120	page-inline	inline:style:global-styles-inline-css	css	.wpforms-container .wpforms-image-choices-modern .wpforms-image-choices-image:after	transition	all 0.5s	0.5s	500	16	500	var(--dance-moves-16t)	Replace each fixed duration with the listed --dance-moves-Nt property; when a class/state change must wait for a boundary, trigger it through deferStart/onNextInterval.
278	Battling a Bin (Nigel Farage Vs Count BinFace)	https://kieransimkin.co.uk/battling-a-bin-nigel-farage-vs-count-binface/	120	page-inline	inline:style:global-styles-inline-css	css	div.wpforms-container-full input[type=date],div.wpforms-container-full input[type=datetime],div.wpforms-container-full input[type=datetime-local],div.wpforms-container-full input[…	transition	border 0.15s, box-shadow 0.15s	0.15s	150	5	156.25	var(--dance-moves-5t)	Replace each fixed duration with the listed --dance-moves-Nt property; when a class/state change must wait for a boundary, trigger it through deferStart/onNextInterval.
278	Battling a Bin (Nigel Farage Vs Count BinFace)	https://kieransimkin.co.uk/battling-a-bin-nigel-farage-vs-count-binface/	120	page-inline	inline:style:global-styles-inline-css	css	div.wpforms-container-full input[type=date],div.wpforms-container-full input[type=datetime],div.wpforms-container-full input[type=datetime-local],div.wpforms-container-full input[…	transition	border 0.15s, box-shadow 0.15s	0.15s	150	5	156.25	var(--dance-moves-5t)	Replace each fixed duration with the listed --dance-moves-Nt property; when a class/state change must wait for a boundary, trigger it through deferStart/onNextInterval.
278	Battling a Bin (Nigel Farage Vs Count BinFace)	https://kieransimkin.co.uk/battling-a-bin-nigel-farage-vs-count-binface/	120	page-inline	inline:style:global-styles-inline-css	css	div.wpforms-container-full input[type=submit],div.wpforms-container-full button[type=submit],div.wpforms-container-full .wpforms-page-button	transition	all 0.15s ease-in-out	0.15s	150	5	156.25	var(--dance-moves-5t)	Replace each fixed duration with the listed --dance-moves-Nt property; when a class/state change must wait for a boundary, trigger it through deferStart/onNextInterval.
278	Battling a Bin (Nigel Farage Vs Count BinFace)	https://kieransimkin.co.uk/battling-a-bin-nigel-farage-vs-count-binface/	120	page-inline	inline:style:9	css	.epk-button,.epk-download	transition	.25s ease	.25s	250	8	250	var(--dance-moves-8t)	Replace each fixed duration with the listed --dance-moves-Nt property; when a class/state change must wait for a boundary, trigger it through deferStart/onNextInterval.
278	Battling a Bin (Nigel Farage Vs Count BinFace)	https://kieransimkin.co.uk/battling-a-bin-nigel-farage-vs-count-binface/	120	page-inline	inline:style:ks-epk-lyrics-style	css	.ks-epk-lyrics-track summary span[aria-hidden]	transition	transform .2s ease	.2s	200	6	187.5	var(--dance-moves-6t)	Replace each fixed duration with the listed --dance-moves-Nt property; when a class/state change must wait for a boundary, trigger it through deferStart/onNextInterval.
278	Battling a Bin (Nigel Farage Vs Count BinFace)	https://kieransimkin.co.uk/battling-a-bin-nigel-farage-vs-count-binface/	120	page-inline	inline:style:ks-epk-lyrics-style	css	@media(prefers-reduced-motion:reduce){.ks-epk-lyrics-track summary span[aria-hidden]	transition	none						Keep unchanged; reduced-motion/accessibility override is authoritative.
280	Fur Coat Taxi	https://kieransimkin.co.uk/fur-coat-taxi/	120	page-inline	inline:style:global-styles-inline-css	css	.wpforms-container .wpforms-image-choices-modern label:not(.wpforms-error)	transition	all 0.5s	0.5s	500	16	500	var(--dance-moves-16t)	Replace each fixed duration with the listed --dance-moves-Nt property; when a class/state change must wait for a boundary, trigger it through deferStart/onNextInterval.
280	Fur Coat Taxi	https://kieransimkin.co.uk/fur-coat-taxi/	120	page-inline	inline:style:global-styles-inline-css	css	.wpforms-container .wpforms-image-choices-modern .wpforms-image-choices-image:after	transition	all 0.5s	0.5s	500	16	500	var(--dance-moves-16t)	Replace each fixed duration with the listed --dance-moves-Nt property; when a class/state change must wait for a boundary, trigger it through deferStart/onNextInterval.
280	Fur Coat Taxi	https://kieransimkin.co.uk/fur-coat-taxi/	120	page-inline	inline:style:global-styles-inline-css	css	div.wpforms-container-full input[type=date],div.wpforms-container-full input[type=datetime],div.wpforms-container-full input[type=datetime-local],div.wpforms-container-full input[…	transition	border 0.15s, box-shadow 0.15s	0.15s	150	5	156.25	var(--dance-moves-5t)	Replace each fixed duration with the listed --dance-moves-Nt property; when a class/state change must wait for a boundary, trigger it through deferStart/onNextInterval.
280	Fur Coat Taxi	https://kieransimkin.co.uk/fur-coat-taxi/	120	page-inline	inline:style:global-styles-inline-css	css	div.wpforms-container-full input[type=date],div.wpforms-container-full input[type=datetime],div.wpforms-container-full input[type=datetime-local],div.wpforms-container-full input[…	transition	border 0.15s, box-shadow 0.15s	0.15s	150	5	156.25	var(--dance-moves-5t)	Replace each fixed duration with the listed --dance-moves-Nt property; when a class/state change must wait for a boundary, trigger it through deferStart/onNextInterval.
280	Fur Coat Taxi	https://kieransimkin.co.uk/fur-coat-taxi/	120	page-inline	inline:style:global-styles-inline-css	css	div.wpforms-container-full input[type=submit],div.wpforms-container-full button[type=submit],div.wpforms-container-full .wpforms-page-button	transition	all 0.15s ease-in-out	0.15s	150	5	156.25	var(--dance-moves-5t)	Replace each fixed duration with the listed --dance-moves-Nt property; when a class/state change must wait for a boundary, trigger it through deferStart/onNextInterval.
280	Fur Coat Taxi	https://kieransimkin.co.uk/fur-coat-taxi/	120	page-inline	inline:style:9	css	.epk-button,.epk-download	transition	.25s ease	.25s	250	8	250	var(--dance-moves-8t)	Replace each fixed duration with the listed --dance-moves-Nt property; when a class/state change must wait for a boundary, trigger it through deferStart/onNextInterval.
280	Fur Coat Taxi	https://kieransimkin.co.uk/fur-coat-taxi/	120	page-inline	inline:style:ks-epk-lyrics-style	css	.ks-epk-lyrics-track summary span[aria-hidden]	transition	transform .2s ease	.2s	200	6	187.5	var(--dance-moves-6t)	Replace each fixed duration with the listed --dance-moves-Nt property; when a class/state change must wait for a boundary, trigger it through deferStart/onNextInterval.
280	Fur Coat Taxi	https://kieransimkin.co.uk/fur-coat-taxi/	120	page-inline	inline:style:ks-epk-lyrics-style	css	@media(prefers-reduced-motion:reduce){.ks-epk-lyrics-track summary span[aria-hidden]	transition	none						Keep unchanged; reduced-motion/accessibility override is authoritative.
282	Tool of the State	https://kieransimkin.co.uk/tool-of-the-state/	120	page-inline	inline:style:global-styles-inline-css	css	.wpforms-container .wpforms-image-choices-modern label:not(.wpforms-error)	transition	all 0.5s	0.5s	500	16	500	var(--dance-moves-16t)	Replace each fixed duration with the listed --dance-moves-Nt property; when a class/state change must wait for a boundary, trigger it through deferStart/onNextInterval.
282	Tool of the State	https://kieransimkin.co.uk/tool-of-the-state/	120	page-inline	inline:style:global-styles-inline-css	css	.wpforms-container .wpforms-image-choices-modern .wpforms-image-choices-image:after	transition	all 0.5s	0.5s	500	16	500	var(--dance-moves-16t)	Replace each fixed duration with the listed --dance-moves-Nt property; when a class/state change must wait for a boundary, trigger it through deferStart/onNextInterval.
282	Tool of the State	https://kieransimkin.co.uk/tool-of-the-state/	120	page-inline	inline:style:global-styles-inline-css	css	div.wpforms-container-full input[type=date],div.wpforms-container-full input[type=datetime],div.wpforms-container-full input[type=datetime-local],div.wpforms-container-full input[…	transition	border 0.15s, box-shadow 0.15s	0.15s	150	5	156.25	var(--dance-moves-5t)	Replace each fixed duration with the listed --dance-moves-Nt property; when a class/state change must wait for a boundary, trigger it through deferStart/onNextInterval.
282	Tool of the State	https://kieransimkin.co.uk/tool-of-the-state/	120	page-inline	inline:style:global-styles-inline-css	css	div.wpforms-container-full input[type=date],div.wpforms-container-full input[type=datetime],div.wpforms-container-full input[type=datetime-local],div.wpforms-container-full input[…	transition	border 0.15s, box-shadow 0.15s	0.15s	150	5	156.25	var(--dance-moves-5t)	Replace each fixed duration with the listed --dance-moves-Nt property; when a class/state change must wait for a boundary, trigger it through deferStart/onNextInterval.
282	Tool of the State	https://kieransimkin.co.uk/tool-of-the-state/	120	page-inline	inline:style:global-styles-inline-css	css	div.wpforms-container-full input[type=submit],div.wpforms-container-full button[type=submit],div.wpforms-container-full .wpforms-page-button	transition	all 0.15s ease-in-out	0.15s	150	5	156.25	var(--dance-moves-5t)	Replace each fixed duration with the listed --dance-moves-Nt property; when a class/state change must wait for a boundary, trigger it through deferStart/onNextInterval.
282	Tool of the State	https://kieransimkin.co.uk/tool-of-the-state/	120	page-inline	inline:style:9	css	.epk-button,.epk-download	transition	.25s ease	.25s	250	8	250	var(--dance-moves-8t)	Replace each fixed duration with the listed --dance-moves-Nt property; when a class/state change must wait for a boundary, trigger it through deferStart/onNextInterval.
282	Tool of the State	https://kieransimkin.co.uk/tool-of-the-state/	120	page-inline	inline:style:ks-epk-lyrics-style	css	.ks-epk-lyrics-track summary span[aria-hidden]	transition	transform .2s ease	.2s	200	6	187.5	var(--dance-moves-6t)	Replace each fixed duration with the listed --dance-moves-Nt property; when a class/state change must wait for a boundary, trigger it through deferStart/onNextInterval.
282	Tool of the State	https://kieransimkin.co.uk/tool-of-the-state/	120	page-inline	inline:style:ks-epk-lyrics-style	css	@media(prefers-reduced-motion:reduce){.ks-epk-lyrics-track summary span[aria-hidden]	transition	none						Keep unchanged; reduced-motion/accessibility override is authoritative.
284	Wardialing	https://kieransimkin.co.uk/wardialing/	120	page-inline	inline:style:global-styles-inline-css	css	.wpforms-container .wpforms-image-choices-modern label:not(.wpforms-error)	transition	all 0.5s	0.5s	500	16	500	var(--dance-moves-16t)	Replace each fixed duration with the listed --dance-moves-Nt property; when a class/state change must wait for a boundary, trigger it through deferStart/onNextInterval.
284	Wardialing	https://kieransimkin.co.uk/wardialing/	120	page-inline	inline:style:global-styles-inline-css	css	.wpforms-container .wpforms-image-choices-modern .wpforms-image-choices-image:after	transition	all 0.5s	0.5s	500	16	500	var(--dance-moves-16t)	Replace each fixed duration with the listed --dance-moves-Nt property; when a class/state change must wait for a boundary, trigger it through deferStart/onNextInterval.
284	Wardialing	https://kieransimkin.co.uk/wardialing/	120	page-inline	inline:style:global-styles-inline-css	css	div.wpforms-container-full input[type=date],div.wpforms-container-full input[type=datetime],div.wpforms-container-full input[type=datetime-local],div.wpforms-container-full input[…	transition	border 0.15s, box-shadow 0.15s	0.15s	150	5	156.25	var(--dance-moves-5t)	Replace each fixed duration with the listed --dance-moves-Nt property; when a class/state change must wait for a boundary, trigger it through deferStart/onNextInterval.
284	Wardialing	https://kieransimkin.co.uk/wardialing/	120	page-inline	inline:style:global-styles-inline-css	css	div.wpforms-container-full input[type=date],div.wpforms-container-full input[type=datetime],div.wpforms-container-full input[type=datetime-local],div.wpforms-container-full input[…	transition	border 0.15s, box-shadow 0.15s	0.15s	150	5	156.25	var(--dance-moves-5t)	Replace each fixed duration with the listed --dance-moves-Nt property; when a class/state change must wait for a boundary, trigger it through deferStart/onNextInterval.
284	Wardialing	https://kieransimkin.co.uk/wardialing/	120	page-inline	inline:style:global-styles-inline-css	css	div.wpforms-container-full input[type=submit],div.wpforms-container-full button[type=submit],div.wpforms-container-full .wpforms-page-button	transition	all 0.15s ease-in-out	0.15s	150	5	156.25	var(--dance-moves-5t)	Replace each fixed duration with the listed --dance-moves-Nt property; when a class/state change must wait for a boundary, trigger it through deferStart/onNextInterval.
284	Wardialing	https://kieransimkin.co.uk/wardialing/	120	page-inline	inline:style:9	css	.epk-button,.epk-download	transition	.25s ease	.25s	250	8	250	var(--dance-moves-8t)	Replace each fixed duration with the listed --dance-moves-Nt property; when a class/state change must wait for a boundary, trigger it through deferStart/onNextInterval.
284	Wardialing	https://kieransimkin.co.uk/wardialing/	120	page-inline	inline:style:ks-epk-lyrics-style	css	.ks-epk-lyrics-track summary span[aria-hidden]	transition	transform .2s ease	.2s	200	6	187.5	var(--dance-moves-6t)	Replace each fixed duration with the listed --dance-moves-Nt property; when a class/state change must wait for a boundary, trigger it through deferStart/onNextInterval.
284	Wardialing	https://kieransimkin.co.uk/wardialing/	120	page-inline	inline:style:ks-epk-lyrics-style	css	@media(prefers-reduced-motion:reduce){.ks-epk-lyrics-track summary span[aria-hidden]	transition	none						Keep unchanged; reduced-motion/accessibility override is authoritative.
286	They Listen	https://kieransimkin.co.uk/they-listen/	120	page-inline	inline:style:global-styles-inline-css	css	.wpforms-container .wpforms-image-choices-modern label:not(.wpforms-error)	transition	all 0.5s	0.5s	500	16	500	var(--dance-moves-16t)	Replace each fixed duration with the listed --dance-moves-Nt property; when a class/state change must wait for a boundary, trigger it through deferStart/onNextInterval.
286	They Listen	https://kieransimkin.co.uk/they-listen/	120	page-inline	inline:style:global-styles-inline-css	css	.wpforms-container .wpforms-image-choices-modern .wpforms-image-choices-image:after	transition	all 0.5s	0.5s	500	16	500	var(--dance-moves-16t)	Replace each fixed duration with the listed --dance-moves-Nt property; when a class/state change must wait for a boundary, trigger it through deferStart/onNextInterval.
286	They Listen	https://kieransimkin.co.uk/they-listen/	120	page-inline	inline:style:global-styles-inline-css	css	div.wpforms-container-full input[type=date],div.wpforms-container-full input[type=datetime],div.wpforms-container-full input[type=datetime-local],div.wpforms-container-full input[…	transition	border 0.15s, box-shadow 0.15s	0.15s	150	5	156.25	var(--dance-moves-5t)	Replace each fixed duration with the listed --dance-moves-Nt property; when a class/state change must wait for a boundary, trigger it through deferStart/onNextInterval.
286	They Listen	https://kieransimkin.co.uk/they-listen/	120	page-inline	inline:style:global-styles-inline-css	css	div.wpforms-container-full input[type=date],div.wpforms-container-full input[type=datetime],div.wpforms-container-full input[type=datetime-local],div.wpforms-container-full input[…	transition	border 0.15s, box-shadow 0.15s	0.15s	150	5	156.25	var(--dance-moves-5t)	Replace each fixed duration with the listed --dance-moves-Nt property; when a class/state change must wait for a boundary, trigger it through deferStart/onNextInterval.
286	They Listen	https://kieransimkin.co.uk/they-listen/	120	page-inline	inline:style:global-styles-inline-css	css	div.wpforms-container-full input[type=submit],div.wpforms-container-full button[type=submit],div.wpforms-container-full .wpforms-page-button	transition	all 0.15s ease-in-out	0.15s	150	5	156.25	var(--dance-moves-5t)	Replace each fixed duration with the listed --dance-moves-Nt property; when a class/state change must wait for a boundary, trigger it through deferStart/onNextInterval.
286	They Listen	https://kieransimkin.co.uk/they-listen/	120	page-inline	inline:style:9	css	.epk-button,.epk-download	transition	.25s ease	.25s	250	8	250	var(--dance-moves-8t)	Replace each fixed duration with the listed --dance-moves-Nt property; when a class/state change must wait for a boundary, trigger it through deferStart/onNextInterval.
286	They Listen	https://kieransimkin.co.uk/they-listen/	120	page-inline	inline:style:ks-epk-lyrics-style	css	.ks-epk-lyrics-track summary span[aria-hidden]	transition	transform .2s ease	.2s	200	6	187.5	var(--dance-moves-6t)	Replace each fixed duration with the listed --dance-moves-Nt property; when a class/state change must wait for a boundary, trigger it through deferStart/onNextInterval.
286	They Listen	https://kieransimkin.co.uk/they-listen/	120	page-inline	inline:style:ks-epk-lyrics-style	css	@media(prefers-reduced-motion:reduce){.ks-epk-lyrics-track summary span[aria-hidden]	transition	none						Keep unchanged; reduced-motion/accessibility override is authoritative.
288	I Don't Care (Restore Britain Anthem)	https://kieransimkin.co.uk/i-dont-care-restore-britain-anthem/	120	page-inline	inline:style:global-styles-inline-css	css	.wpforms-container .wpforms-image-choices-modern label:not(.wpforms-error)	transition	all 0.5s	0.5s	500	16	500	var(--dance-moves-16t)	Replace each fixed duration with the listed --dance-moves-Nt property; when a class/state change must wait for a boundary, trigger it through deferStart/onNextInterval.
288	I Don't Care (Restore Britain Anthem)	https://kieransimkin.co.uk/i-dont-care-restore-britain-anthem/	120	page-inline	inline:style:global-styles-inline-css	css	.wpforms-container .wpforms-image-choices-modern .wpforms-image-choices-image:after	transition	all 0.5s	0.5s	500	16	500	var(--dance-moves-16t)	Replace each fixed duration with the listed --dance-moves-Nt property; when a class/state change must wait for a boundary, trigger it through deferStart/onNextInterval.
288	I Don't Care (Restore Britain Anthem)	https://kieransimkin.co.uk/i-dont-care-restore-britain-anthem/	120	page-inline	inline:style:global-styles-inline-css	css	div.wpforms-container-full input[type=date],div.wpforms-container-full input[type=datetime],div.wpforms-container-full input[type=datetime-local],div.wpforms-container-full input[…	transition	border 0.15s, box-shadow 0.15s	0.15s	150	5	156.25	var(--dance-moves-5t)	Replace each fixed duration with the listed --dance-moves-Nt property; when a class/state change must wait for a boundary, trigger it through deferStart/onNextInterval.
288	I Don't Care (Restore Britain Anthem)	https://kieransimkin.co.uk/i-dont-care-restore-britain-anthem/	120	page-inline	inline:style:global-styles-inline-css	css	div.wpforms-container-full input[type=date],div.wpforms-container-full input[type=datetime],div.wpforms-container-full input[type=datetime-local],div.wpforms-container-full input[…	transition	border 0.15s, box-shadow 0.15s	0.15s	150	5	156.25	var(--dance-moves-5t)	Replace each fixed duration with the listed --dance-moves-Nt property; when a class/state change must wait for a boundary, trigger it through deferStart/onNextInterval.
288	I Don't Care (Restore Britain Anthem)	https://kieransimkin.co.uk/i-dont-care-restore-britain-anthem/	120	page-inline	inline:style:global-styles-inline-css	css	div.wpforms-container-full input[type=submit],div.wpforms-container-full button[type=submit],div.wpforms-container-full .wpforms-page-button	transition	all 0.15s ease-in-out	0.15s	150	5	156.25	var(--dance-moves-5t)	Replace each fixed duration with the listed --dance-moves-Nt property; when a class/state change must wait for a boundary, trigger it through deferStart/onNextInterval.
288	I Don't Care (Restore Britain Anthem)	https://kieransimkin.co.uk/i-dont-care-restore-britain-anthem/	120	page-inline	inline:style:9	css	.epk-button,.epk-download	transition	.25s ease	.25s	250	8	250	var(--dance-moves-8t)	Replace each fixed duration with the listed --dance-moves-Nt property; when a class/state change must wait for a boundary, trigger it through deferStart/onNextInterval.
288	I Don't Care (Restore Britain Anthem)	https://kieransimkin.co.uk/i-dont-care-restore-britain-anthem/	120	page-inline	inline:style:ks-epk-lyrics-style	css	.ks-epk-lyrics-track summary span[aria-hidden]	transition	transform .2s ease	.2s	200	6	187.5	var(--dance-moves-6t)	Replace each fixed duration with the listed --dance-moves-Nt property; when a class/state change must wait for a boundary, trigger it through deferStart/onNextInterval.
288	I Don't Care (Restore Britain Anthem)	https://kieransimkin.co.uk/i-dont-care-restore-britain-anthem/	120	page-inline	inline:style:ks-epk-lyrics-style	css	@media(prefers-reduced-motion:reduce){.ks-epk-lyrics-track summary span[aria-hidden]	transition	none						Keep unchanged; reduced-motion/accessibility override is authoritative.
290	On Top Of The World	https://kieransimkin.co.uk/on-top-of-the-world/	120	page-inline	inline:style:global-styles-inline-css	css	.wpforms-container .wpforms-image-choices-modern label:not(.wpforms-error)	transition	all 0.5s	0.5s	500	16	500	var(--dance-moves-16t)	Replace each fixed duration with the listed --dance-moves-Nt property; when a class/state change must wait for a boundary, trigger it through deferStart/onNextInterval.
290	On Top Of The World	https://kieransimkin.co.uk/on-top-of-the-world/	120	page-inline	inline:style:global-styles-inline-css	css	.wpforms-container .wpforms-image-choices-modern .wpforms-image-choices-image:after	transition	all 0.5s	0.5s	500	16	500	var(--dance-moves-16t)	Replace each fixed duration with the listed --dance-moves-Nt property; when a class/state change must wait for a boundary, trigger it through deferStart/onNextInterval.
290	On Top Of The World	https://kieransimkin.co.uk/on-top-of-the-world/	120	page-inline	inline:style:global-styles-inline-css	css	div.wpforms-container-full input[type=date],div.wpforms-container-full input[type=datetime],div.wpforms-container-full input[type=datetime-local],div.wpforms-container-full input[…	transition	border 0.15s, box-shadow 0.15s	0.15s	150	5	156.25	var(--dance-moves-5t)	Replace each fixed duration with the listed --dance-moves-Nt property; when a class/state change must wait for a boundary, trigger it through deferStart/onNextInterval.
290	On Top Of The World	https://kieransimkin.co.uk/on-top-of-the-world/	120	page-inline	inline:style:global-styles-inline-css	css	div.wpforms-container-full input[type=date],div.wpforms-container-full input[type=datetime],div.wpforms-container-full input[type=datetime-local],div.wpforms-container-full input[…	transition	border 0.15s, box-shadow 0.15s	0.15s	150	5	156.25	var(--dance-moves-5t)	Replace each fixed duration with the listed --dance-moves-Nt property; when a class/state change must wait for a boundary, trigger it through deferStart/onNextInterval.
290	On Top Of The World	https://kieransimkin.co.uk/on-top-of-the-world/	120	page-inline	inline:style:global-styles-inline-css	css	div.wpforms-container-full input[type=submit],div.wpforms-container-full button[type=submit],div.wpforms-container-full .wpforms-page-button	transition	all 0.15s ease-in-out	0.15s	150	5	156.25	var(--dance-moves-5t)	Replace each fixed duration with the listed --dance-moves-Nt property; when a class/state change must wait for a boundary, trigger it through deferStart/onNextInterval.
290	On Top Of The World	https://kieransimkin.co.uk/on-top-of-the-world/	120	page-inline	inline:style:9	css	.epk-button,.epk-download	transition	.25s ease	.25s	250	8	250	var(--dance-moves-8t)	Replace each fixed duration with the listed --dance-moves-Nt property; when a class/state change must wait for a boundary, trigger it through deferStart/onNextInterval.
290	On Top Of The World	https://kieransimkin.co.uk/on-top-of-the-world/	120	page-inline	inline:style:ks-epk-lyrics-style	css	.ks-epk-lyrics-track summary span[aria-hidden]	transition	transform .2s ease	.2s	200	6	187.5	var(--dance-moves-6t)	Replace each fixed duration with the listed --dance-moves-Nt property; when a class/state change must wait for a boundary, trigger it through deferStart/onNextInterval.
290	On Top Of The World	https://kieransimkin.co.uk/on-top-of-the-world/	120	page-inline	inline:style:ks-epk-lyrics-style	css	@media(prefers-reduced-motion:reduce){.ks-epk-lyrics-track summary span[aria-hidden]	transition	none						Keep unchanged; reduced-motion/accessibility override is authoritative.
292	Gremlins	https://kieransimkin.co.uk/gremlins/	120	page-inline	inline:style:global-styles-inline-css	css	.wpforms-container .wpforms-image-choices-modern label:not(.wpforms-error)	transition	all 0.5s	0.5s	500	16	500	var(--dance-moves-16t)	Replace each fixed duration with the listed --dance-moves-Nt property; when a class/state change must wait for a boundary, trigger it through deferStart/onNextInterval.
292	Gremlins	https://kieransimkin.co.uk/gremlins/	120	page-inline	inline:style:global-styles-inline-css	css	.wpforms-container .wpforms-image-choices-modern .wpforms-image-choices-image:after	transition	all 0.5s	0.5s	500	16	500	var(--dance-moves-16t)	Replace each fixed duration with the listed --dance-moves-Nt property; when a class/state change must wait for a boundary, trigger it through deferStart/onNextInterval.
292	Gremlins	https://kieransimkin.co.uk/gremlins/	120	page-inline	inline:style:global-styles-inline-css	css	div.wpforms-container-full input[type=date],div.wpforms-container-full input[type=datetime],div.wpforms-container-full input[type=datetime-local],div.wpforms-container-full input[…	transition	border 0.15s, box-shadow 0.15s	0.15s	150	5	156.25	var(--dance-moves-5t)	Replace each fixed duration with the listed --dance-moves-Nt property; when a class/state change must wait for a boundary, trigger it through deferStart/onNextInterval.
292	Gremlins	https://kieransimkin.co.uk/gremlins/	120	page-inline	inline:style:global-styles-inline-css	css	div.wpforms-container-full input[type=date],div.wpforms-container-full input[type=datetime],div.wpforms-container-full input[type=datetime-local],div.wpforms-container-full input[…	transition	border 0.15s, box-shadow 0.15s	0.15s	150	5	156.25	var(--dance-moves-5t)	Replace each fixed duration with the listed --dance-moves-Nt property; when a class/state change must wait for a boundary, trigger it through deferStart/onNextInterval.
292	Gremlins	https://kieransimkin.co.uk/gremlins/	120	page-inline	inline:style:global-styles-inline-css	css	div.wpforms-container-full input[type=submit],div.wpforms-container-full button[type=submit],div.wpforms-container-full .wpforms-page-button	transition	all 0.15s ease-in-out	0.15s	150	5	156.25	var(--dance-moves-5t)	Replace each fixed duration with the listed --dance-moves-Nt property; when a class/state change must wait for a boundary, trigger it through deferStart/onNextInterval.
292	Gremlins	https://kieransimkin.co.uk/gremlins/	120	page-inline	inline:style:9	css	.epk-button,.epk-download	transition	.25s ease	.25s	250	8	250	var(--dance-moves-8t)	Replace each fixed duration with the listed --dance-moves-Nt property; when a class/state change must wait for a boundary, trigger it through deferStart/onNextInterval.
292	Gremlins	https://kieransimkin.co.uk/gremlins/	120	page-inline	inline:style:ks-epk-lyrics-style	css	.ks-epk-lyrics-track summary span[aria-hidden]	transition	transform .2s ease	.2s	200	6	187.5	var(--dance-moves-6t)	Replace each fixed duration with the listed --dance-moves-Nt property; when a class/state change must wait for a boundary, trigger it through deferStart/onNextInterval.
292	Gremlins	https://kieransimkin.co.uk/gremlins/	120	page-inline	inline:style:ks-epk-lyrics-style	css	@media(prefers-reduced-motion:reduce){.ks-epk-lyrics-track summary span[aria-hidden]	transition	none						Keep unchanged; reduced-motion/accessibility override is authoritative.
294	Time is a gift	https://kieransimkin.co.uk/time-is-a-gift/	120	page-inline	inline:style:global-styles-inline-css	css	.wpforms-container .wpforms-image-choices-modern label:not(.wpforms-error)	transition	all 0.5s	0.5s	500	16	500	var(--dance-moves-16t)	Replace each fixed duration with the listed --dance-moves-Nt property; when a class/state change must wait for a boundary, trigger it through deferStart/onNextInterval.
294	Time is a gift	https://kieransimkin.co.uk/time-is-a-gift/	120	page-inline	inline:style:global-styles-inline-css	css	.wpforms-container .wpforms-image-choices-modern .wpforms-image-choices-image:after	transition	all 0.5s	0.5s	500	16	500	var(--dance-moves-16t)	Replace each fixed duration with the listed --dance-moves-Nt property; when a class/state change must wait for a boundary, trigger it through deferStart/onNextInterval.
294	Time is a gift	https://kieransimkin.co.uk/time-is-a-gift/	120	page-inline	inline:style:global-styles-inline-css	css	div.wpforms-container-full input[type=date],div.wpforms-container-full input[type=datetime],div.wpforms-container-full input[type=datetime-local],div.wpforms-container-full input[…	transition	border 0.15s, box-shadow 0.15s	0.15s	150	5	156.25	var(--dance-moves-5t)	Replace each fixed duration with the listed --dance-moves-Nt property; when a class/state change must wait for a boundary, trigger it through deferStart/onNextInterval.
294	Time is a gift	https://kieransimkin.co.uk/time-is-a-gift/	120	page-inline	inline:style:global-styles-inline-css	css	div.wpforms-container-full input[type=date],div.wpforms-container-full input[type=datetime],div.wpforms-container-full input[type=datetime-local],div.wpforms-container-full input[…	transition	border 0.15s, box-shadow 0.15s	0.15s	150	5	156.25	var(--dance-moves-5t)	Replace each fixed duration with the listed --dance-moves-Nt property; when a class/state change must wait for a boundary, trigger it through deferStart/onNextInterval.
294	Time is a gift	https://kieransimkin.co.uk/time-is-a-gift/	120	page-inline	inline:style:global-styles-inline-css	css	div.wpforms-container-full input[type=submit],div.wpforms-container-full button[type=submit],div.wpforms-container-full .wpforms-page-button	transition	all 0.15s ease-in-out	0.15s	150	5	156.25	var(--dance-moves-5t)	Replace each fixed duration with the listed --dance-moves-Nt property; when a class/state change must wait for a boundary, trigger it through deferStart/onNextInterval.
294	Time is a gift	https://kieransimkin.co.uk/time-is-a-gift/	120	page-inline	inline:style:9	css	.epk-button,.epk-download	transition	.25s ease	.25s	250	8	250	var(--dance-moves-8t)	Replace each fixed duration with the listed --dance-moves-Nt property; when a class/state change must wait for a boundary, trigger it through deferStart/onNextInterval.
294	Time is a gift	https://kieransimkin.co.uk/time-is-a-gift/	120	page-inline	inline:style:ks-epk-lyrics-style	css	.ks-epk-lyrics-track summary span[aria-hidden]	transition	transform .2s ease	.2s	200	6	187.5	var(--dance-moves-6t)	Replace each fixed duration with the listed --dance-moves-Nt property; when a class/state change must wait for a boundary, trigger it through deferStart/onNextInterval.
294	Time is a gift	https://kieransimkin.co.uk/time-is-a-gift/	120	page-inline	inline:style:ks-epk-lyrics-style	css	@media(prefers-reduced-motion:reduce){.ks-epk-lyrics-track summary span[aria-hidden]	transition	none						Keep unchanged; reduced-motion/accessibility override is authoritative.
296	Lost Girls	https://kieransimkin.co.uk/lost-girls/	120	page-inline	inline:style:global-styles-inline-css	css	.wpforms-container .wpforms-image-choices-modern label:not(.wpforms-error)	transition	all 0.5s	0.5s	500	16	500	var(--dance-moves-16t)	Replace each fixed duration with the listed --dance-moves-Nt property; when a class/state change must wait for a boundary, trigger it through deferStart/onNextInterval.
296	Lost Girls	https://kieransimkin.co.uk/lost-girls/	120	page-inline	inline:style:global-styles-inline-css	css	.wpforms-container .wpforms-image-choices-modern .wpforms-image-choices-image:after	transition	all 0.5s	0.5s	500	16	500	var(--dance-moves-16t)	Replace each fixed duration with the listed --dance-moves-Nt property; when a class/state change must wait for a boundary, trigger it through deferStart/onNextInterval.
296	Lost Girls	https://kieransimkin.co.uk/lost-girls/	120	page-inline	inline:style:global-styles-inline-css	css	div.wpforms-container-full input[type=date],div.wpforms-container-full input[type=datetime],div.wpforms-container-full input[type=datetime-local],div.wpforms-container-full input[…	transition	border 0.15s, box-shadow 0.15s	0.15s	150	5	156.25	var(--dance-moves-5t)	Replace each fixed duration with the listed --dance-moves-Nt property; when a class/state change must wait for a boundary, trigger it through deferStart/onNextInterval.
296	Lost Girls	https://kieransimkin.co.uk/lost-girls/	120	page-inline	inline:style:global-styles-inline-css	css	div.wpforms-container-full input[type=date],div.wpforms-container-full input[type=datetime],div.wpforms-container-full input[type=datetime-local],div.wpforms-container-full input[…	transition	border 0.15s, box-shadow 0.15s	0.15s	150	5	156.25	var(--dance-moves-5t)	Replace each fixed duration with the listed --dance-moves-Nt property; when a class/state change must wait for a boundary, trigger it through deferStart/onNextInterval.
296	Lost Girls	https://kieransimkin.co.uk/lost-girls/	120	page-inline	inline:style:global-styles-inline-css	css	div.wpforms-container-full input[type=submit],div.wpforms-container-full button[type=submit],div.wpforms-container-full .wpforms-page-button	transition	all 0.15s ease-in-out	0.15s	150	5	156.25	var(--dance-moves-5t)	Replace each fixed duration with the listed --dance-moves-Nt property; when a class/state change must wait for a boundary, trigger it through deferStart/onNextInterval.
296	Lost Girls	https://kieransimkin.co.uk/lost-girls/	120	page-inline	inline:style:9	css	.epk-button,.epk-download	transition	.25s ease	.25s	250	8	250	var(--dance-moves-8t)	Replace each fixed duration with the listed --dance-moves-Nt property; when a class/state change must wait for a boundary, trigger it through deferStart/onNextInterval.
296	Lost Girls	https://kieransimkin.co.uk/lost-girls/	120	page-inline	inline:style:ks-epk-lyrics-style	css	.ks-epk-lyrics-track summary span[aria-hidden]	transition	transform .2s ease	.2s	200	6	187.5	var(--dance-moves-6t)	Replace each fixed duration with the listed --dance-moves-Nt property; when a class/state change must wait for a boundary, trigger it through deferStart/onNextInterval.
296	Lost Girls	https://kieransimkin.co.uk/lost-girls/	120	page-inline	inline:style:ks-epk-lyrics-style	css	@media(prefers-reduced-motion:reduce){.ks-epk-lyrics-track summary span[aria-hidden]	transition	none						Keep unchanged; reduced-motion/accessibility override is authoritative.
298	Dmitri My Talisman	https://kieransimkin.co.uk/dmitri-my-talisman/	120	page-inline	inline:style:global-styles-inline-css	css	.wpforms-container .wpforms-image-choices-modern label:not(.wpforms-error)	transition	all 0.5s	0.5s	500	16	500	var(--dance-moves-16t)	Replace each fixed duration with the listed --dance-moves-Nt property; when a class/state change must wait for a boundary, trigger it through deferStart/onNextInterval.
298	Dmitri My Talisman	https://kieransimkin.co.uk/dmitri-my-talisman/	120	page-inline	inline:style:global-styles-inline-css	css	.wpforms-container .wpforms-image-choices-modern .wpforms-image-choices-image:after	transition	all 0.5s	0.5s	500	16	500	var(--dance-moves-16t)	Replace each fixed duration with the listed --dance-moves-Nt property; when a class/state change must wait for a boundary, trigger it through deferStart/onNextInterval.
298	Dmitri My Talisman	https://kieransimkin.co.uk/dmitri-my-talisman/	120	page-inline	inline:style:global-styles-inline-css	css	div.wpforms-container-full input[type=date],div.wpforms-container-full input[type=datetime],div.wpforms-container-full input[type=datetime-local],div.wpforms-container-full input[…	transition	border 0.15s, box-shadow 0.15s	0.15s	150	5	156.25	var(--dance-moves-5t)	Replace each fixed duration with the listed --dance-moves-Nt property; when a class/state change must wait for a boundary, trigger it through deferStart/onNextInterval.
298	Dmitri My Talisman	https://kieransimkin.co.uk/dmitri-my-talisman/	120	page-inline	inline:style:global-styles-inline-css	css	div.wpforms-container-full input[type=date],div.wpforms-container-full input[type=datetime],div.wpforms-container-full input[type=datetime-local],div.wpforms-container-full input[…	transition	border 0.15s, box-shadow 0.15s	0.15s	150	5	156.25	var(--dance-moves-5t)	Replace each fixed duration with the listed --dance-moves-Nt property; when a class/state change must wait for a boundary, trigger it through deferStart/onNextInterval.
298	Dmitri My Talisman	https://kieransimkin.co.uk/dmitri-my-talisman/	120	page-inline	inline:style:global-styles-inline-css	css	div.wpforms-container-full input[type=submit],div.wpforms-container-full button[type=submit],div.wpforms-container-full .wpforms-page-button	transition	all 0.15s ease-in-out	0.15s	150	5	156.25	var(--dance-moves-5t)	Replace each fixed duration with the listed --dance-moves-Nt property; when a class/state change must wait for a boundary, trigger it through deferStart/onNextInterval.
298	Dmitri My Talisman	https://kieransimkin.co.uk/dmitri-my-talisman/	120	page-inline	inline:style:dmt-epk-style	css	.dmt-epk	scroll-behavior	smooth						Keep as scroll/view-driven behavior; convert only any accompanying fixed visual duration.
298	Dmitri My Talisman	https://kieransimkin.co.uk/dmitri-my-talisman/	120	page-inline	inline:style:dmt-epk-style	css	.dmt-epk .altar::before, .dmt-epk .altar::after	animation	talisman-breathe 7s ease-in-out infinite	7s	7000	224	7000	var(--dance-moves-224t)	Replace each fixed duration with the listed --dance-moves-Nt property, register the page animation scope, and use a 16- or 64-tick deferred start for beat/bar alignment when audio-driven.
298	Dmitri My Talisman	https://kieransimkin.co.uk/dmitri-my-talisman/	120	page-inline	inline:style:dmt-epk-style	css	.dmt-epk .altar::after	animation-delay	-3.5s	-3.5s	-3500	-112	-3500	var(--dance-moves-neg-112t)	Replace the literal/variable with a DanceMoves tick property; use deferStart or onNextInterval when the delay represents musical boundary alignment rather than phase staggering.
298	Dmitri My Talisman	https://kieransimkin.co.uk/dmitri-my-talisman/	120	page-inline	inline:style:dmt-epk-style	css	.dmt-epk .orbit	animation	orbit-pulse 3.8s ease-in-out infinite	3.8s	3800	128	4000	var(--dance-moves-128t)	Replace each fixed duration with the listed --dance-moves-Nt property, register the page animation scope, and use a 16- or 64-tick deferred start for beat/bar alignment when audio-driven.
298	Dmitri My Talisman	https://kieransimkin.co.uk/dmitri-my-talisman/	120	page-inline	inline:style:dmt-epk-style	css	.dmt-epk .button	transition	transform .25s ease, color .25s ease, border-color .25s ease	.25s	250	8	250	var(--dance-moves-8t)	Replace each fixed duration with the listed --dance-moves-Nt property; when a class/state change must wait for a boundary, trigger it through deferStart/onNextInterval.
298	Dmitri My Talisman	https://kieransimkin.co.uk/dmitri-my-talisman/	120	page-inline	inline:style:dmt-epk-style	css	.dmt-epk .button	transition	transform .25s ease, color .25s ease, border-color .25s ease	.25s	250	8	250	var(--dance-moves-8t)	Replace each fixed duration with the listed --dance-moves-Nt property; when a class/state change must wait for a boundary, trigger it through deferStart/onNextInterval.
298	Dmitri My Talisman	https://kieransimkin.co.uk/dmitri-my-talisman/	120	page-inline	inline:style:dmt-epk-style	css	.dmt-epk .button	transition	transform .25s ease, color .25s ease, border-color .25s ease	.25s	250	8	250	var(--dance-moves-8t)	Replace each fixed duration with the listed --dance-moves-Nt property; when a class/state change must wait for a boundary, trigger it through deferStart/onNextInterval.
298	Dmitri My Talisman	https://kieransimkin.co.uk/dmitri-my-talisman/	120	page-inline	inline:style:dmt-epk-style	css	.dmt-epk .button::before	transition	transform .35s ease	.35s	350	11	343.75	var(--dance-moves-11t)	Replace each fixed duration with the listed --dance-moves-Nt property; when a class/state change must wait for a boundary, trigger it through deferStart/onNextInterval.
298	Dmitri My Talisman	https://kieransimkin.co.uk/dmitri-my-talisman/	120	page-inline	inline:style:dmt-epk-style	css	.dmt-epk .state	transition	flex .35s ease, background .35s ease, transform .35s ease	.35s	350	11	343.75	var(--dance-moves-11t)	Replace each fixed duration with the listed --dance-moves-Nt property; when a class/state change must wait for a boundary, trigger it through deferStart/onNextInterval.
298	Dmitri My Talisman	https://kieransimkin.co.uk/dmitri-my-talisman/	120	page-inline	inline:style:dmt-epk-style	css	.dmt-epk .state	transition	flex .35s ease, background .35s ease, transform .35s ease	.35s	350	11	343.75	var(--dance-moves-11t)	Replace each fixed duration with the listed --dance-moves-Nt property; when a class/state change must wait for a boundary, trigger it through deferStart/onNextInterval.
298	Dmitri My Talisman	https://kieransimkin.co.uk/dmitri-my-talisman/	120	page-inline	inline:style:dmt-epk-style	css	.dmt-epk .state	transition	flex .35s ease, background .35s ease, transform .35s ease	.35s	350	11	343.75	var(--dance-moves-11t)	Replace each fixed duration with the listed --dance-moves-Nt property; when a class/state change must wait for a boundary, trigger it through deferStart/onNextInterval.
298	Dmitri My Talisman	https://kieransimkin.co.uk/dmitri-my-talisman/	120	page-inline	inline:style:dmt-epk-style	css	.dmt-epk .state::after	transition	transform .45s ease, opacity .45s ease	.45s	450	14	437.5	var(--dance-moves-14t)	Replace each fixed duration with the listed --dance-moves-Nt property; when a class/state change must wait for a boundary, trigger it through deferStart/onNextInterval.
298	Dmitri My Talisman	https://kieransimkin.co.uk/dmitri-my-talisman/	120	page-inline	inline:style:dmt-epk-style	css	.dmt-epk .state::after	transition	transform .45s ease, opacity .45s ease	.45s	450	14	437.5	var(--dance-moves-14t)	Replace each fixed duration with the listed --dance-moves-Nt property; when a class/state change must wait for a boundary, trigger it through deferStart/onNextInterval.
298	Dmitri My Talisman	https://kieransimkin.co.uk/dmitri-my-talisman/	120	page-inline	inline:style:dmt-epk-style	css	.dmt-epk .portal::before, .dmt-epk .portal::after	animation	spin 28s linear infinite	28s	28000	896	28000	var(--dance-moves-896t)	Replace each fixed duration with the listed --dance-moves-Nt property, register the page animation scope, and use a 16- or 64-tick deferred start for beat/bar alignment when audio-driven.
298	Dmitri My Talisman	https://kieransimkin.co.uk/dmitri-my-talisman/	120	page-inline	inline:style:dmt-epk-style	css	.dmt-epk .portal::after	animation-direction	reverse						Replace each fixed duration with the listed --dance-moves-Nt property, register the page animation scope, and use a 16- or 64-tick deferred start for beat/bar alignment when audio-driven.
298	Dmitri My Talisman	https://kieransimkin.co.uk/dmitri-my-talisman/	120	page-inline	inline:style:dmt-epk-style	css	.dmt-epk .portal::after	animation-duration	19s	19s	19000	608	19000	var(--dance-moves-608t)	Replace each fixed duration with the listed --dance-moves-Nt property, register the page animation scope, and use a 16- or 64-tick deferred start for beat/bar alignment when audio-driven.
298	Dmitri My Talisman	https://kieransimkin.co.uk/dmitri-my-talisman/	120	page-inline	inline:style:dmt-epk-style	css	.dmt-epk .play	transition	transform .25s ease, background .25s ease, color .25s ease	.25s	250	8	250	var(--dance-moves-8t)	Replace each fixed duration with the listed --dance-moves-Nt property; when a class/state change must wait for a boundary, trigger it through deferStart/onNextInterval.
298	Dmitri My Talisman	https://kieransimkin.co.uk/dmitri-my-talisman/	120	page-inline	inline:style:dmt-epk-style	css	.dmt-epk .play	transition	transform .25s ease, background .25s ease, color .25s ease	.25s	250	8	250	var(--dance-moves-8t)	Replace each fixed duration with the listed --dance-moves-Nt property; when a class/state change must wait for a boundary, trigger it through deferStart/onNextInterval.
298	Dmitri My Talisman	https://kieransimkin.co.uk/dmitri-my-talisman/	120	page-inline	inline:style:dmt-epk-style	css	.dmt-epk .play	transition	transform .25s ease, background .25s ease, color .25s ease	.25s	250	8	250	var(--dance-moves-8t)	Replace each fixed duration with the listed --dance-moves-Nt property; when a class/state change must wait for a boundary, trigger it through deferStart/onNextInterval.
298	Dmitri My Talisman	https://kieransimkin.co.uk/dmitri-my-talisman/	120	page-inline	inline:style:dmt-epk-style	css	.dmt-epk .branch	transition	transform .35s ease, border-color .35s ease, box-shadow .35s ease	.35s	350	11	343.75	var(--dance-moves-11t)	Replace each fixed duration with the listed --dance-moves-Nt property; when a class/state change must wait for a boundary, trigger it through deferStart/onNextInterval.
298	Dmitri My Talisman	https://kieransimkin.co.uk/dmitri-my-talisman/	120	page-inline	inline:style:dmt-epk-style	css	.dmt-epk .branch	transition	transform .35s ease, border-color .35s ease, box-shadow .35s ease	.35s	350	11	343.75	var(--dance-moves-11t)	Replace each fixed duration with the listed --dance-moves-Nt property; when a class/state change must wait for a boundary, trigger it through deferStart/onNextInterval.
298	Dmitri My Talisman	https://kieransimkin.co.uk/dmitri-my-talisman/	120	page-inline	inline:style:dmt-epk-style	css	.dmt-epk .branch	transition	transform .35s ease, border-color .35s ease, box-shadow .35s ease	.35s	350	11	343.75	var(--dance-moves-11t)	Replace each fixed duration with the listed --dance-moves-Nt property; when a class/state change must wait for a boundary, trigger it through deferStart/onNextInterval.
298	Dmitri My Talisman	https://kieransimkin.co.uk/dmitri-my-talisman/	120	page-inline	inline:style:dmt-epk-style	css	.dmt-epk .reveal	transition	opacity .75s ease, transform .75s ease	.75s	750	32	1000	var(--dance-moves-32t)	Replace each fixed duration with the listed --dance-moves-Nt property; when a class/state change must wait for a boundary, trigger it through deferStart/onNextInterval.
298	Dmitri My Talisman	https://kieransimkin.co.uk/dmitri-my-talisman/	120	page-inline	inline:style:dmt-epk-style	css	.dmt-epk .reveal	transition	opacity .75s ease, transform .75s ease	.75s	750	32	1000	var(--dance-moves-32t)	Replace each fixed duration with the listed --dance-moves-Nt property; when a class/state change must wait for a boundary, trigger it through deferStart/onNextInterval.
298	Dmitri My Talisman	https://kieransimkin.co.uk/dmitri-my-talisman/	120	page-inline	inline:style:dmt-epk-style	css	.dmt-epk.reduce-motion *, .dmt-epk.reduce-motion *::before, .dmt-epk.reduce-motion *::after	animation-duration	.001ms !important	.001ms	0.001	1	31.25	var(--dance-moves-1t)	Keep unchanged; reduced-motion/accessibility override is authoritative.
298	Dmitri My Talisman	https://kieransimkin.co.uk/dmitri-my-talisman/	120	page-inline	inline:style:dmt-epk-style	css	.dmt-epk.reduce-motion *, .dmt-epk.reduce-motion *::before, .dmt-epk.reduce-motion *::after	animation-iteration-count	1 !important						Replace each fixed duration with the listed --dance-moves-Nt property, register the page animation scope, and use a 16- or 64-tick deferred start for beat/bar alignment when audio-driven.
298	Dmitri My Talisman	https://kieransimkin.co.uk/dmitri-my-talisman/	120	page-inline	inline:style:dmt-epk-style	css	.dmt-epk.reduce-motion *, .dmt-epk.reduce-motion *::before, .dmt-epk.reduce-motion *::after	scroll-behavior	auto !important						Keep unchanged; reduced-motion/accessibility override is authoritative.
298	Dmitri My Talisman	https://kieransimkin.co.uk/dmitri-my-talisman/	120	page-inline	inline:style:dmt-epk-style	css	.dmt-epk.reduce-motion *, .dmt-epk.reduce-motion *::before, .dmt-epk.reduce-motion *::after	transition-duration	.001ms !important	.001ms	0.001	1	31.25	var(--dance-moves-1t)	Keep unchanged; reduced-motion/accessibility override is authoritative.
298	Dmitri My Talisman	https://kieransimkin.co.uk/dmitri-my-talisman/	120	page-inline	inline:style:dmt-epk-style	css	@media (prefers-reduced-motion: reduce) { .dmt-epk	scroll-behavior	auto						Keep unchanged; reduced-motion/accessibility override is authoritative.
298	Dmitri My Talisman	https://kieransimkin.co.uk/dmitri-my-talisman/	120	page-inline	inline:style:dmt-epk-style	css	.dmt-epk *, .dmt-epk *::before, .dmt-epk *::after	animation-duration	.001ms !important	.001ms	0.001	1	31.25	var(--dance-moves-1t)	Keep unchanged; reduced-motion/accessibility override is authoritative.
298	Dmitri My Talisman	https://kieransimkin.co.uk/dmitri-my-talisman/	120	page-inline	inline:style:dmt-epk-style	css	.dmt-epk *, .dmt-epk *::before, .dmt-epk *::after	animation-iteration-count	1 !important						Replace each fixed duration with the listed --dance-moves-Nt property, register the page animation scope, and use a 16- or 64-tick deferred start for beat/bar alignment when audio-driven.
298	Dmitri My Talisman	https://kieransimkin.co.uk/dmitri-my-talisman/	120	page-inline	inline:style:dmt-epk-style	css	.dmt-epk *, .dmt-epk *::before, .dmt-epk *::after	transition-duration	.001ms !important	.001ms	0.001	1	31.25	var(--dance-moves-1t)	Keep unchanged; reduced-motion/accessibility override is authoritative.
298	Dmitri My Talisman	https://kieransimkin.co.uk/dmitri-my-talisman/	120	page-inline	inline:script:dmt-epk-script	js	cancelAnimationFrame		tion(mediaReduce.matches); motionButton.addEventListener('click', () => { const reduced = !userReduced; setMotion(reduced); if (!reduced) { cancelAnimationFrame(frame); drawNetwork(performance.now()); } }); const reveals = [...root.querySelectorAll('.reveal')]; if ('IntersectionObserver' in window && !mediaReduce.matches) { const observer = new IntersectionObserver(entries => { for (const entry of entries) { if (entry.isIntersecting) { entry.target.classList.add('visible');						Keep the pointer/scroll/sensor/requestAnimationFrame driver event-based; convert only its visual CSS easing or release duration.
298	Dmitri My Talisman	https://kieransimkin.co.uk/dmitri-my-talisman/	120	page-inline	inline:script:dmt-epk-script	js	addEventListener('pointer		{ threshold: .12 }); reveals.forEach(node => observer.observe(node)); } else { reveals.forEach(node => node.classList.add('visible')); } window.addEventListener('pointermove', event => { if (body.classList.contains('reduce-motion')) return; const x = event.clientX / innerWidth; const y = event.clientY / innerHeight; body.style.setProperty('--mx', `${x * 100}%`); body.style.setProperty('--my', `${y * 100}%`); body.style.setProperty('--parallax-x', `${(0.5 - x) * 18}px`); body.style.setProperty('--paralla						Keep the pointer/scroll/sensor/requestAnimationFrame driver event-based; convert only its visual CSS easing or release duration.
298	Dmitri My Talisman	https://kieransimkin.co.uk/dmitri-my-talisman/	120	page-inline	inline:script:dmt-epk-script	js	requestAnimationFrame		ctx.arc(points[i].x, points[i].y, i % 7 === 0 ? 2.6 : 1.5, 0, Math.PI * 2); ctx.fill(); } if (!body.classList.contains('reduce-motion')) frame = requestAnimationFrame(drawNetwork); } sizeNetwork(); drawNetwork(); window.addEventListener('resize', () => { cancelAnimationFrame(frame); sizeNetwork(); drawAllAutomata(); drawNetwork(); }); })();						Keep the pointer/scroll/sensor/requestAnimationFrame driver event-based; convert only its visual CSS easing or release duration.
298	Dmitri My Talisman	https://kieransimkin.co.uk/dmitri-my-talisman/	120	page-inline	inline:script:dmt-epk-script	js	cancelAnimationFrame		t.contains('reduce-motion')) frame = requestAnimationFrame(drawNetwork); } sizeNetwork(); drawNetwork(); window.addEventListener('resize', () => { cancelAnimationFrame(frame); sizeNetwork(); drawAllAutomata(); drawNetwork(); }); })();						Keep the pointer/scroll/sensor/requestAnimationFrame driver event-based; convert only its visual CSS easing or release duration.
300	Edie Rose (feat. DarthTwisty101's Music)	https://kieransimkin.co.uk/edie-rose-feat-darthtwisty101s-music/	120	page-inline	inline:style:global-styles-inline-css	css	.wpforms-container .wpforms-image-choices-modern label:not(.wpforms-error)	transition	all 0.5s	0.5s	500	16	500	var(--dance-moves-16t)	Replace each fixed duration with the listed --dance-moves-Nt property; when a class/state change must wait for a boundary, trigger it through deferStart/onNextInterval.
300	Edie Rose (feat. DarthTwisty101's Music)	https://kieransimkin.co.uk/edie-rose-feat-darthtwisty101s-music/	120	page-inline	inline:style:global-styles-inline-css	css	.wpforms-container .wpforms-image-choices-modern .wpforms-image-choices-image:after	transition	all 0.5s	0.5s	500	16	500	var(--dance-moves-16t)	Replace each fixed duration with the listed --dance-moves-Nt property; when a class/state change must wait for a boundary, trigger it through deferStart/onNextInterval.
300	Edie Rose (feat. DarthTwisty101's Music)	https://kieransimkin.co.uk/edie-rose-feat-darthtwisty101s-music/	120	page-inline	inline:style:global-styles-inline-css	css	div.wpforms-container-full input[type=date],div.wpforms-container-full input[type=datetime],div.wpforms-container-full input[type=datetime-local],div.wpforms-container-full input[…	transition	border 0.15s, box-shadow 0.15s	0.15s	150	5	156.25	var(--dance-moves-5t)	Replace each fixed duration with the listed --dance-moves-Nt property; when a class/state change must wait for a boundary, trigger it through deferStart/onNextInterval.
300	Edie Rose (feat. DarthTwisty101's Music)	https://kieransimkin.co.uk/edie-rose-feat-darthtwisty101s-music/	120	page-inline	inline:style:global-styles-inline-css	css	div.wpforms-container-full input[type=date],div.wpforms-container-full input[type=datetime],div.wpforms-container-full input[type=datetime-local],div.wpforms-container-full input[…	transition	border 0.15s, box-shadow 0.15s	0.15s	150	5	156.25	var(--dance-moves-5t)	Replace each fixed duration with the listed --dance-moves-Nt property; when a class/state change must wait for a boundary, trigger it through deferStart/onNextInterval.
300	Edie Rose (feat. DarthTwisty101's Music)	https://kieransimkin.co.uk/edie-rose-feat-darthtwisty101s-music/	120	page-inline	inline:style:global-styles-inline-css	css	div.wpforms-container-full input[type=submit],div.wpforms-container-full button[type=submit],div.wpforms-container-full .wpforms-page-button	transition	all 0.15s ease-in-out	0.15s	150	5	156.25	var(--dance-moves-5t)	Replace each fixed duration with the listed --dance-moves-Nt property; when a class/state change must wait for a boundary, trigger it through deferStart/onNextInterval.
300	Edie Rose (feat. DarthTwisty101's Music)	https://kieransimkin.co.uk/edie-rose-feat-darthtwisty101s-music/	120	page-inline	inline:style:9	css	.epk-button,.epk-download	transition	.25s ease	.25s	250	8	250	var(--dance-moves-8t)	Replace each fixed duration with the listed --dance-moves-Nt property; when a class/state change must wait for a boundary, trigger it through deferStart/onNextInterval.
300	Edie Rose (feat. DarthTwisty101's Music)	https://kieransimkin.co.uk/edie-rose-feat-darthtwisty101s-music/	120	page-inline	inline:style:ks-epk-lyrics-style	css	.ks-epk-lyrics-track summary span[aria-hidden]	transition	transform .2s ease	.2s	200	6	187.5	var(--dance-moves-6t)	Replace each fixed duration with the listed --dance-moves-Nt property; when a class/state change must wait for a boundary, trigger it through deferStart/onNextInterval.
300	Edie Rose (feat. DarthTwisty101's Music)	https://kieransimkin.co.uk/edie-rose-feat-darthtwisty101s-music/	120	page-inline	inline:style:ks-epk-lyrics-style	css	@media(prefers-reduced-motion:reduce){.ks-epk-lyrics-track summary span[aria-hidden]	transition	none						Keep unchanged; reduced-motion/accessibility override is authoritative.
302	Vibe Killer	https://kieransimkin.co.uk/vibe-killer/	120	page-inline	inline:style:global-styles-inline-css	css	.wpforms-container .wpforms-image-choices-modern label:not(.wpforms-error)	transition	all 0.5s	0.5s	500	16	500	var(--dance-moves-16t)	Replace each fixed duration with the listed --dance-moves-Nt property; when a class/state change must wait for a boundary, trigger it through deferStart/onNextInterval.
302	Vibe Killer	https://kieransimkin.co.uk/vibe-killer/	120	page-inline	inline:style:global-styles-inline-css	css	.wpforms-container .wpforms-image-choices-modern .wpforms-image-choices-image:after	transition	all 0.5s	0.5s	500	16	500	var(--dance-moves-16t)	Replace each fixed duration with the listed --dance-moves-Nt property; when a class/state change must wait for a boundary, trigger it through deferStart/onNextInterval.
302	Vibe Killer	https://kieransimkin.co.uk/vibe-killer/	120	page-inline	inline:style:global-styles-inline-css	css	div.wpforms-container-full input[type=date],div.wpforms-container-full input[type=datetime],div.wpforms-container-full input[type=datetime-local],div.wpforms-container-full input[…	transition	border 0.15s, box-shadow 0.15s	0.15s	150	5	156.25	var(--dance-moves-5t)	Replace each fixed duration with the listed --dance-moves-Nt property; when a class/state change must wait for a boundary, trigger it through deferStart/onNextInterval.
302	Vibe Killer	https://kieransimkin.co.uk/vibe-killer/	120	page-inline	inline:style:global-styles-inline-css	css	div.wpforms-container-full input[type=date],div.wpforms-container-full input[type=datetime],div.wpforms-container-full input[type=datetime-local],div.wpforms-container-full input[…	transition	border 0.15s, box-shadow 0.15s	0.15s	150	5	156.25	var(--dance-moves-5t)	Replace each fixed duration with the listed --dance-moves-Nt property; when a class/state change must wait for a boundary, trigger it through deferStart/onNextInterval.
302	Vibe Killer	https://kieransimkin.co.uk/vibe-killer/	120	page-inline	inline:style:global-styles-inline-css	css	div.wpforms-container-full input[type=submit],div.wpforms-container-full button[type=submit],div.wpforms-container-full .wpforms-page-button	transition	all 0.15s ease-in-out	0.15s	150	5	156.25	var(--dance-moves-5t)	Replace each fixed duration with the listed --dance-moves-Nt property; when a class/state change must wait for a boundary, trigger it through deferStart/onNextInterval.
302	Vibe Killer	https://kieransimkin.co.uk/vibe-killer/	120	page-inline	inline:style:9	css	.epk-button,.epk-download	transition	.25s ease	.25s	250	8	250	var(--dance-moves-8t)	Replace each fixed duration with the listed --dance-moves-Nt property; when a class/state change must wait for a boundary, trigger it through deferStart/onNextInterval.
302	Vibe Killer	https://kieransimkin.co.uk/vibe-killer/	120	page-inline	inline:style:ks-epk-lyrics-style	css	.ks-epk-lyrics-track summary span[aria-hidden]	transition	transform .2s ease	.2s	200	6	187.5	var(--dance-moves-6t)	Replace each fixed duration with the listed --dance-moves-Nt property; when a class/state change must wait for a boundary, trigger it through deferStart/onNextInterval.
302	Vibe Killer	https://kieransimkin.co.uk/vibe-killer/	120	page-inline	inline:style:ks-epk-lyrics-style	css	@media(prefers-reduced-motion:reduce){.ks-epk-lyrics-track summary span[aria-hidden]	transition	none						Keep unchanged; reduced-motion/accessibility override is authoritative.
304	Tarquin and the Hairy Biker	https://kieransimkin.co.uk/tarquin-and-the-hairy-biker/	120	page-inline	inline:style:global-styles-inline-css	css	.wpforms-container .wpforms-image-choices-modern label:not(.wpforms-error)	transition	all 0.5s	0.5s	500	16	500	var(--dance-moves-16t)	Replace each fixed duration with the listed --dance-moves-Nt property; when a class/state change must wait for a boundary, trigger it through deferStart/onNextInterval.
304	Tarquin and the Hairy Biker	https://kieransimkin.co.uk/tarquin-and-the-hairy-biker/	120	page-inline	inline:style:global-styles-inline-css	css	.wpforms-container .wpforms-image-choices-modern .wpforms-image-choices-image:after	transition	all 0.5s	0.5s	500	16	500	var(--dance-moves-16t)	Replace each fixed duration with the listed --dance-moves-Nt property; when a class/state change must wait for a boundary, trigger it through deferStart/onNextInterval.
304	Tarquin and the Hairy Biker	https://kieransimkin.co.uk/tarquin-and-the-hairy-biker/	120	page-inline	inline:style:global-styles-inline-css	css	div.wpforms-container-full input[type=date],div.wpforms-container-full input[type=datetime],div.wpforms-container-full input[type=datetime-local],div.wpforms-container-full input[…	transition	border 0.15s, box-shadow 0.15s	0.15s	150	5	156.25	var(--dance-moves-5t)	Replace each fixed duration with the listed --dance-moves-Nt property; when a class/state change must wait for a boundary, trigger it through deferStart/onNextInterval.
304	Tarquin and the Hairy Biker	https://kieransimkin.co.uk/tarquin-and-the-hairy-biker/	120	page-inline	inline:style:global-styles-inline-css	css	div.wpforms-container-full input[type=date],div.wpforms-container-full input[type=datetime],div.wpforms-container-full input[type=datetime-local],div.wpforms-container-full input[…	transition	border 0.15s, box-shadow 0.15s	0.15s	150	5	156.25	var(--dance-moves-5t)	Replace each fixed duration with the listed --dance-moves-Nt property; when a class/state change must wait for a boundary, trigger it through deferStart/onNextInterval.
304	Tarquin and the Hairy Biker	https://kieransimkin.co.uk/tarquin-and-the-hairy-biker/	120	page-inline	inline:style:global-styles-inline-css	css	div.wpforms-container-full input[type=submit],div.wpforms-container-full button[type=submit],div.wpforms-container-full .wpforms-page-button	transition	all 0.15s ease-in-out	0.15s	150	5	156.25	var(--dance-moves-5t)	Replace each fixed duration with the listed --dance-moves-Nt property; when a class/state change must wait for a boundary, trigger it through deferStart/onNextInterval.
304	Tarquin and the Hairy Biker	https://kieransimkin.co.uk/tarquin-and-the-hairy-biker/	120	page-inline	inline:style:9	css	.epk-button,.epk-download	transition	.25s ease	.25s	250	8	250	var(--dance-moves-8t)	Replace each fixed duration with the listed --dance-moves-Nt property; when a class/state change must wait for a boundary, trigger it through deferStart/onNextInterval.
304	Tarquin and the Hairy Biker	https://kieransimkin.co.uk/tarquin-and-the-hairy-biker/	120	page-inline	inline:style:ks-epk-lyrics-style	css	.ks-epk-lyrics-track summary span[aria-hidden]	transition	transform .2s ease	.2s	200	6	187.5	var(--dance-moves-6t)	Replace each fixed duration with the listed --dance-moves-Nt property; when a class/state change must wait for a boundary, trigger it through deferStart/onNextInterval.
304	Tarquin and the Hairy Biker	https://kieransimkin.co.uk/tarquin-and-the-hairy-biker/	120	page-inline	inline:style:ks-epk-lyrics-style	css	@media(prefers-reduced-motion:reduce){.ks-epk-lyrics-track summary span[aria-hidden]	transition	none						Keep unchanged; reduced-motion/accessibility override is authoritative.
306	Emerald Shooting Star	https://kieransimkin.co.uk/emerald-shooting-star/	120	page-inline	inline:style:global-styles-inline-css	css	.wpforms-container .wpforms-image-choices-modern label:not(.wpforms-error)	transition	all 0.5s	0.5s	500	16	500	var(--dance-moves-16t)	Replace each fixed duration with the listed --dance-moves-Nt property; when a class/state change must wait for a boundary, trigger it through deferStart/onNextInterval.
306	Emerald Shooting Star	https://kieransimkin.co.uk/emerald-shooting-star/	120	page-inline	inline:style:global-styles-inline-css	css	.wpforms-container .wpforms-image-choices-modern .wpforms-image-choices-image:after	transition	all 0.5s	0.5s	500	16	500	var(--dance-moves-16t)	Replace each fixed duration with the listed --dance-moves-Nt property; when a class/state change must wait for a boundary, trigger it through deferStart/onNextInterval.
306	Emerald Shooting Star	https://kieransimkin.co.uk/emerald-shooting-star/	120	page-inline	inline:style:global-styles-inline-css	css	div.wpforms-container-full input[type=date],div.wpforms-container-full input[type=datetime],div.wpforms-container-full input[type=datetime-local],div.wpforms-container-full input[…	transition	border 0.15s, box-shadow 0.15s	0.15s	150	5	156.25	var(--dance-moves-5t)	Replace each fixed duration with the listed --dance-moves-Nt property; when a class/state change must wait for a boundary, trigger it through deferStart/onNextInterval.
306	Emerald Shooting Star	https://kieransimkin.co.uk/emerald-shooting-star/	120	page-inline	inline:style:global-styles-inline-css	css	div.wpforms-container-full input[type=date],div.wpforms-container-full input[type=datetime],div.wpforms-container-full input[type=datetime-local],div.wpforms-container-full input[…	transition	border 0.15s, box-shadow 0.15s	0.15s	150	5	156.25	var(--dance-moves-5t)	Replace each fixed duration with the listed --dance-moves-Nt property; when a class/state change must wait for a boundary, trigger it through deferStart/onNextInterval.
306	Emerald Shooting Star	https://kieransimkin.co.uk/emerald-shooting-star/	120	page-inline	inline:style:global-styles-inline-css	css	div.wpforms-container-full input[type=submit],div.wpforms-container-full button[type=submit],div.wpforms-container-full .wpforms-page-button	transition	all 0.15s ease-in-out	0.15s	150	5	156.25	var(--dance-moves-5t)	Replace each fixed duration with the listed --dance-moves-Nt property; when a class/state change must wait for a boundary, trigger it through deferStart/onNextInterval.
306	Emerald Shooting Star	https://kieransimkin.co.uk/emerald-shooting-star/	120	page-inline	inline:style:9	css	.epk-button,.epk-download	transition	.25s ease	.25s	250	8	250	var(--dance-moves-8t)	Replace each fixed duration with the listed --dance-moves-Nt property; when a class/state change must wait for a boundary, trigger it through deferStart/onNextInterval.
306	Emerald Shooting Star	https://kieransimkin.co.uk/emerald-shooting-star/	120	page-inline	inline:style:9	css	@media (prefers-reduced-motion: reduce) { .ks-emerald-story *, .ks-emerald-story *::before, .ks-emerald-story *::after	animation	none !important						Keep unchanged; reduced-motion/accessibility override is authoritative.
306	Emerald Shooting Star	https://kieransimkin.co.uk/emerald-shooting-star/	120	page-inline	inline:style:9	css	@media (prefers-reduced-motion: reduce) { .ks-emerald-story *, .ks-emerald-story *::before, .ks-emerald-story *::after	transition	none !important						Keep unchanged; reduced-motion/accessibility override is authoritative.
306	Emerald Shooting Star	https://kieransimkin.co.uk/emerald-shooting-star/	120	page-inline	inline:style:ks-epk-lyrics-style	css	.ks-epk-lyrics-track summary span[aria-hidden]	transition	transform .2s ease	.2s	200	6	187.5	var(--dance-moves-6t)	Replace each fixed duration with the listed --dance-moves-Nt property; when a class/state change must wait for a boundary, trigger it through deferStart/onNextInterval.
306	Emerald Shooting Star	https://kieransimkin.co.uk/emerald-shooting-star/	120	page-inline	inline:style:ks-epk-lyrics-style	css	@media(prefers-reduced-motion:reduce){.ks-epk-lyrics-track summary span[aria-hidden]	transition	none						Keep unchanged; reduced-motion/accessibility override is authoritative.
308	Faded Dreams	https://kieransimkin.co.uk/faded-dreams/	120	page-inline	inline:style:global-styles-inline-css	css	.wpforms-container .wpforms-image-choices-modern label:not(.wpforms-error)	transition	all 0.5s	0.5s	500	16	500	var(--dance-moves-16t)	Replace each fixed duration with the listed --dance-moves-Nt property; when a class/state change must wait for a boundary, trigger it through deferStart/onNextInterval.
308	Faded Dreams	https://kieransimkin.co.uk/faded-dreams/	120	page-inline	inline:style:global-styles-inline-css	css	.wpforms-container .wpforms-image-choices-modern .wpforms-image-choices-image:after	transition	all 0.5s	0.5s	500	16	500	var(--dance-moves-16t)	Replace each fixed duration with the listed --dance-moves-Nt property; when a class/state change must wait for a boundary, trigger it through deferStart/onNextInterval.
308	Faded Dreams	https://kieransimkin.co.uk/faded-dreams/	120	page-inline	inline:style:global-styles-inline-css	css	div.wpforms-container-full input[type=date],div.wpforms-container-full input[type=datetime],div.wpforms-container-full input[type=datetime-local],div.wpforms-container-full input[…	transition	border 0.15s, box-shadow 0.15s	0.15s	150	5	156.25	var(--dance-moves-5t)	Replace each fixed duration with the listed --dance-moves-Nt property; when a class/state change must wait for a boundary, trigger it through deferStart/onNextInterval.
308	Faded Dreams	https://kieransimkin.co.uk/faded-dreams/	120	page-inline	inline:style:global-styles-inline-css	css	div.wpforms-container-full input[type=date],div.wpforms-container-full input[type=datetime],div.wpforms-container-full input[type=datetime-local],div.wpforms-container-full input[…	transition	border 0.15s, box-shadow 0.15s	0.15s	150	5	156.25	var(--dance-moves-5t)	Replace each fixed duration with the listed --dance-moves-Nt property; when a class/state change must wait for a boundary, trigger it through deferStart/onNextInterval.
308	Faded Dreams	https://kieransimkin.co.uk/faded-dreams/	120	page-inline	inline:style:global-styles-inline-css	css	div.wpforms-container-full input[type=submit],div.wpforms-container-full button[type=submit],div.wpforms-container-full .wpforms-page-button	transition	all 0.15s ease-in-out	0.15s	150	5	156.25	var(--dance-moves-5t)	Replace each fixed duration with the listed --dance-moves-Nt property; when a class/state change must wait for a boundary, trigger it through deferStart/onNextInterval.
308	Faded Dreams	https://kieransimkin.co.uk/faded-dreams/	120	page-inline	inline:style:9	css	.epk-button,.epk-download	transition	.25s ease	.25s	250	8	250	var(--dance-moves-8t)	Replace each fixed duration with the listed --dance-moves-Nt property; when a class/state change must wait for a boundary, trigger it through deferStart/onNextInterval.
308	Faded Dreams	https://kieransimkin.co.uk/faded-dreams/	120	page-inline	inline:style:ks-epk-lyrics-style	css	.ks-epk-lyrics-track summary span[aria-hidden]	transition	transform .2s ease	.2s	200	6	187.5	var(--dance-moves-6t)	Replace each fixed duration with the listed --dance-moves-Nt property; when a class/state change must wait for a boundary, trigger it through deferStart/onNextInterval.
308	Faded Dreams	https://kieransimkin.co.uk/faded-dreams/	120	page-inline	inline:style:ks-epk-lyrics-style	css	@media(prefers-reduced-motion:reduce){.ks-epk-lyrics-track summary span[aria-hidden]	transition	none						Keep unchanged; reduced-motion/accessibility override is authoritative.
310	We Don't Need No Room To Roll	https://kieransimkin.co.uk/we-dont-need-no-room-to-roll/	120	page-inline	inline:style:global-styles-inline-css	css	.wpforms-container .wpforms-image-choices-modern label:not(.wpforms-error)	transition	all 0.5s	0.5s	500	16	500	var(--dance-moves-16t)	Replace each fixed duration with the listed --dance-moves-Nt property; when a class/state change must wait for a boundary, trigger it through deferStart/onNextInterval.
310	We Don't Need No Room To Roll	https://kieransimkin.co.uk/we-dont-need-no-room-to-roll/	120	page-inline	inline:style:global-styles-inline-css	css	.wpforms-container .wpforms-image-choices-modern .wpforms-image-choices-image:after	transition	all 0.5s	0.5s	500	16	500	var(--dance-moves-16t)	Replace each fixed duration with the listed --dance-moves-Nt property; when a class/state change must wait for a boundary, trigger it through deferStart/onNextInterval.
310	We Don't Need No Room To Roll	https://kieransimkin.co.uk/we-dont-need-no-room-to-roll/	120	page-inline	inline:style:global-styles-inline-css	css	div.wpforms-container-full input[type=date],div.wpforms-container-full input[type=datetime],div.wpforms-container-full input[type=datetime-local],div.wpforms-container-full input[…	transition	border 0.15s, box-shadow 0.15s	0.15s	150	5	156.25	var(--dance-moves-5t)	Replace each fixed duration with the listed --dance-moves-Nt property; when a class/state change must wait for a boundary, trigger it through deferStart/onNextInterval.
310	We Don't Need No Room To Roll	https://kieransimkin.co.uk/we-dont-need-no-room-to-roll/	120	page-inline	inline:style:global-styles-inline-css	css	div.wpforms-container-full input[type=date],div.wpforms-container-full input[type=datetime],div.wpforms-container-full input[type=datetime-local],div.wpforms-container-full input[…	transition	border 0.15s, box-shadow 0.15s	0.15s	150	5	156.25	var(--dance-moves-5t)	Replace each fixed duration with the listed --dance-moves-Nt property; when a class/state change must wait for a boundary, trigger it through deferStart/onNextInterval.
310	We Don't Need No Room To Roll	https://kieransimkin.co.uk/we-dont-need-no-room-to-roll/	120	page-inline	inline:style:global-styles-inline-css	css	div.wpforms-container-full input[type=submit],div.wpforms-container-full button[type=submit],div.wpforms-container-full .wpforms-page-button	transition	all 0.15s ease-in-out	0.15s	150	5	156.25	var(--dance-moves-5t)	Replace each fixed duration with the listed --dance-moves-Nt property; when a class/state change must wait for a boundary, trigger it through deferStart/onNextInterval.
310	We Don't Need No Room To Roll	https://kieransimkin.co.uk/we-dont-need-no-room-to-roll/	120	page-inline	inline:style:9	css	.epk-button,.epk-download	transition	.25s ease	.25s	250	8	250	var(--dance-moves-8t)	Replace each fixed duration with the listed --dance-moves-Nt property; when a class/state change must wait for a boundary, trigger it through deferStart/onNextInterval.
310	We Don't Need No Room To Roll	https://kieransimkin.co.uk/we-dont-need-no-room-to-roll/	120	page-inline	inline:style:9	css	@media(prefers-reduced-motion:reduce){.epk-story *,.epk-press *	scroll-behavior	auto!important						Keep unchanged; reduced-motion/accessibility override is authoritative.
310	We Don't Need No Room To Roll	https://kieransimkin.co.uk/we-dont-need-no-room-to-roll/	120	page-inline	inline:style:9	css	@media(prefers-reduced-motion:reduce){.epk-story *,.epk-press *	animation	none!important						Keep unchanged; reduced-motion/accessibility override is authoritative.
310	We Don't Need No Room To Roll	https://kieransimkin.co.uk/we-dont-need-no-room-to-roll/	120	page-inline	inline:style:9	css	@media(prefers-reduced-motion:reduce){.epk-story *,.epk-press *	transition	none!important						Keep unchanged; reduced-motion/accessibility override is authoritative.
310	We Don't Need No Room To Roll	https://kieransimkin.co.uk/we-dont-need-no-room-to-roll/	120	page-inline	inline:style:ks-epk-lyrics-style	css	.ks-epk-lyrics-track summary span[aria-hidden]	transition	transform .2s ease	.2s	200	6	187.5	var(--dance-moves-6t)	Replace each fixed duration with the listed --dance-moves-Nt property; when a class/state change must wait for a boundary, trigger it through deferStart/onNextInterval.
310	We Don't Need No Room To Roll	https://kieransimkin.co.uk/we-dont-need-no-room-to-roll/	120	page-inline	inline:style:ks-epk-lyrics-style	css	@media(prefers-reduced-motion:reduce){.ks-epk-lyrics-track summary span[aria-hidden]	transition	none						Keep unchanged; reduced-motion/accessibility override is authoritative.
310	We Don't Need No Room To Roll	https://kieransimkin.co.uk/we-dont-need-no-room-to-roll/	120	page-inline	inline:style:ks-epk-garden-environment-2026-08-28	css	.ks-epk[data-release="we-dont-need-no-room-to-roll"]:before	animation	garden-light-drift 24s ease-in-out infinite alternate	24s	24000	768	24000	var(--dance-moves-768t)	Replace each fixed duration with the listed --dance-moves-Nt property, register the page animation scope, and use a 16- or 64-tick deferred start for beat/bar alignment when audio-driven.
310	We Don't Need No Room To Roll	https://kieransimkin.co.uk/we-dont-need-no-room-to-roll/	120	page-inline	inline:style:ks-epk-garden-environment-2026-08-28	css	.ks-epk[data-release="we-dont-need-no-room-to-roll"].pattern-stars .epk-atmosphere:after	animation	garden-mist-drift 20s ease-in-out infinite alternate	20s	20000	640	20000	var(--dance-moves-640t)	Replace each fixed duration with the listed --dance-moves-Nt property, register the page animation scope, and use a 16- or 64-tick deferred start for beat/bar alignment when audio-driven.
310	We Don't Need No Room To Roll	https://kieransimkin.co.uk/we-dont-need-no-room-to-roll/	120	page-inline	inline:style:ks-epk-garden-environment-2026-08-28	css	.ks-epk[data-release="we-dont-need-no-room-to-roll"] .epk-cover-wrap:after	animation	garden-lantern-breathe 7s ease-in-out infinite alternate	7s	7000	224	7000	var(--dance-moves-224t)	Replace each fixed duration with the listed --dance-moves-Nt property, register the page animation scope, and use a 16- or 64-tick deferred start for beat/bar alignment when audio-driven.
310	We Don't Need No Room To Roll	https://kieransimkin.co.uk/we-dont-need-no-room-to-roll/	120	page-inline	inline:style:ks-epk-garden-environment-2026-08-28	css	.ks-epk[data-release="we-dont-need-no-room-to-roll"] .epk-footer:before	animation	garden-lantern-breathe 7s ease-in-out infinite alternate	7s	7000	224	7000	var(--dance-moves-224t)	Replace each fixed duration with the listed --dance-moves-Nt property, register the page animation scope, and use a 16- or 64-tick deferred start for beat/bar alignment when audio-driven.
310	We Don't Need No Room To Roll	https://kieransimkin.co.uk/we-dont-need-no-room-to-roll/	120	page-inline	inline:style:ks-epk-garden-environment-2026-08-28	css	@media(prefers-reduced-motion:reduce){ .ks-epk[data-release="we-dont-need-no-room-to-roll"] *, .ks-epk[data-release="we-dont-need-no-room-to-roll"] *:before, .ks-epk[data-release=…	animation	none!important						Keep unchanged; reduced-motion/accessibility override is authoritative.
310	We Don't Need No Room To Roll	https://kieransimkin.co.uk/we-dont-need-no-room-to-roll/	120	page-inline	inline:style:ks-epk-garden-environment-2026-08-28	css	@media(prefers-reduced-motion:reduce){ .ks-epk[data-release="we-dont-need-no-room-to-roll"] *, .ks-epk[data-release="we-dont-need-no-room-to-roll"] *:before, .ks-epk[data-release=…	scroll-behavior	auto!important						Keep unchanged; reduced-motion/accessibility override is authoritative.
310	We Don't Need No Room To Roll	https://kieransimkin.co.uk/we-dont-need-no-room-to-roll/	120	page-inline	inline:style:ks-epk-garden-environment-2026-08-28	css	@media(prefers-reduced-motion:reduce){ .ks-epk[data-release="we-dont-need-no-room-to-roll"] *, .ks-epk[data-release="we-dont-need-no-room-to-roll"] *:before, .ks-epk[data-release=…	transition	none!important						Keep unchanged; reduced-motion/accessibility override is authoritative.
310	We Don't Need No Room To Roll	https://kieransimkin.co.uk/we-dont-need-no-room-to-roll/	120	page-inline	inline:style:ks-epk-garden-effects-v3-3-2026-08-28	css	.ks-epk[data-release="we-dont-need-no-room-to-roll"] .epk-wind-leaf	animation	garden-wind-leaf var(--duration) linear var(--delay) infinite						Replace each fixed duration with the listed --dance-moves-Nt property, register the page animation scope, and use a 16- or 64-tick deferred start for beat/bar alignment when audio-driven.
310	We Don't Need No Room To Roll	https://kieransimkin.co.uk/we-dont-need-no-room-to-roll/	120	page-inline	inline:style:ks-epk-garden-effects-v3-3-2026-08-28	css	.ks-epk[data-release="we-dont-need-no-room-to-roll"] .epk-leaf-shadow-left	animation	garden-leaf-shadow-left 16s ease-in-out infinite alternate	16s	16000	512	16000	var(--dance-moves-512t)	Replace each fixed duration with the listed --dance-moves-Nt property, register the page animation scope, and use a 16- or 64-tick deferred start for beat/bar alignment when audio-driven.
310	We Don't Need No Room To Roll	https://kieransimkin.co.uk/we-dont-need-no-room-to-roll/	120	page-inline	inline:style:ks-epk-garden-effects-v3-3-2026-08-28	css	.ks-epk[data-release="we-dont-need-no-room-to-roll"] .epk-leaf-shadow-right	animation	garden-leaf-shadow-right 19s ease-in-out infinite alternate	19s	19000	608	19000	var(--dance-moves-608t)	Replace each fixed duration with the listed --dance-moves-Nt property, register the page animation scope, and use a 16- or 64-tick deferred start for beat/bar alignment when audio-driven.
310	We Don't Need No Room To Roll	https://kieransimkin.co.uk/we-dont-need-no-room-to-roll/	120	page-inline	inline:style:ks-epk-garden-effects-v3-3-2026-08-28	css	.ks-epk[data-release="we-dont-need-no-room-to-roll"] .epk-vine-trace	animation	garden-vine-grow 4.8s cubic-bezier(.22,.72,.21,1) forwards	4.8s	4800	160	5000	var(--dance-moves-160t)	Replace each fixed duration with the listed --dance-moves-Nt property, register the page animation scope, and use a 16- or 64-tick deferred start for beat/bar alignment when audio-driven.
310	We Don't Need No Room To Roll	https://kieransimkin.co.uk/we-dont-need-no-room-to-roll/	120	page-inline	inline:style:ks-epk-garden-effects-v3-3-2026-08-28	css	.ks-epk[data-release="we-dont-need-no-room-to-roll"] .epk-vine-right	animation-delay	.18s	.18s	180	6	187.5	var(--dance-moves-6t)	Replace the literal/variable with a DanceMoves tick property; use deferStart or onNextInterval when the delay represents musical boundary alignment rather than phase staggering.
310	We Don't Need No Room To Roll	https://kieransimkin.co.uk/we-dont-need-no-room-to-roll/	120	page-inline	inline:style:ks-epk-garden-effects-v3-3-2026-08-28	css	.ks-epk[data-release="we-dont-need-no-room-to-roll"] .epk-vine-curl-left	animation-delay	.8s	.8s	800	32	1000	var(--dance-moves-32t)	Replace the literal/variable with a DanceMoves tick property; use deferStart or onNextInterval when the delay represents musical boundary alignment rather than phase staggering.
310	We Don't Need No Room To Roll	https://kieransimkin.co.uk/we-dont-need-no-room-to-roll/	120	page-inline	inline:style:ks-epk-garden-effects-v3-3-2026-08-28	css	.ks-epk[data-release="we-dont-need-no-room-to-roll"] .epk-vine-curl-right	animation-delay	1s	1s	1000	32	1000	var(--dance-moves-32t)	Replace the literal/variable with a DanceMoves tick property; use deferStart or onNextInterval when the delay represents musical boundary alignment rather than phase staggering.
310	We Don't Need No Room To Roll	https://kieransimkin.co.uk/we-dont-need-no-room-to-roll/	120	page-inline	inline:style:ks-epk-garden-effects-v3-3-2026-08-28	css	.ks-epk[data-release="we-dont-need-no-room-to-roll"] .epk-vine-lanterns .epk-vine-lantern	animation	garden-vine-lantern-arrive-float-release 18.6s cubic-bezier(.28,.08,.24,1) var(--cycle-delay) 1 both	18.6s	18600	592	18500	var(--dance-moves-592t)	Replace each fixed duration with the listed --dance-moves-Nt property, register the page animation scope, and use a 16- or 64-tick deferred start for beat/bar alignment when audio-driven.
310	We Don't Need No Room To Roll	https://kieransimkin.co.uk/we-dont-need-no-room-to-roll/	120	page-inline	inline:style:ks-epk-garden-effects-v3-3-2026-08-28	css	.ks-epk[data-release="we-dont-need-no-room-to-roll"] .epk-lantern-flame	animation	garden-vine-lantern-breathe var(--glow-duration) ease-in-out var(--glow-delay) infinite alternate						Replace each fixed duration with the listed --dance-moves-Nt property, register the page animation scope, and use a 16- or 64-tick deferred start for beat/bar alignment when audio-driven.
310	We Don't Need No Room To Roll	https://kieransimkin.co.uk/we-dont-need-no-room-to-roll/	120	page-inline	inline:style:ks-epk-garden-effects-v3-3-2026-08-28	css	.ks-epk[data-release="we-dont-need-no-room-to-roll"] .epk-wind-leaf	animation-duration	calc(var(--duration) * 1.14)						Replace each fixed duration with the listed --dance-moves-Nt property, register the page animation scope, and use a 16- or 64-tick deferred start for beat/bar alignment when audio-driven.
310	We Don't Need No Room To Roll	https://kieransimkin.co.uk/we-dont-need-no-room-to-roll/	120	page-inline	inline:style:ks-epk-garden-effects-v3-3-2026-08-28	css	.ks-epk[data-release="we-dont-need-no-room-to-roll"] .epk-leaf-shadow	animation	none!important						Keep unchanged; reduced-motion/accessibility override is authoritative.
310	We Don't Need No Room To Roll	https://kieransimkin.co.uk/we-dont-need-no-room-to-roll/	120	page-inline	inline:style:ks-epk-garden-effects-v3-3-2026-08-28	css	.ks-epk[data-release="we-dont-need-no-room-to-roll"] .epk-vine-trace	animation	none!important						Keep unchanged; reduced-motion/accessibility override is authoritative.
310	We Don't Need No Room To Roll	https://kieransimkin.co.uk/we-dont-need-no-room-to-roll/	120	page-inline	inline:style:ks-epk-garden-effects-v3-3-2026-08-28	css	.ks-epk[data-release="we-dont-need-no-room-to-roll"] .epk-vine-lanterns .epk-vine-lantern, .ks-epk[data-release="we-dont-need-no-room-to-roll"] .epk-lantern-flame	animation	none!important						Keep unchanged; reduced-motion/accessibility override is authoritative.
310	We Don't Need No Room To Roll	https://kieransimkin.co.uk/we-dont-need-no-room-to-roll/	120	page-inline	inline:style:ks-epk-garden-effects-v3-3-2026-08-28	css-variable	.ks-epk[data-release="we-dont-need-no-room-to-roll"] .epk-vine-lantern:nth-child(1)	--cycle-delay	0s	0s	0				Replace the literal/variable with a DanceMoves tick property; use deferStart or onNextInterval when the delay represents musical boundary alignment rather than phase staggering.
310	We Don't Need No Room To Roll	https://kieransimkin.co.uk/we-dont-need-no-room-to-roll/	120	page-inline	inline:style:ks-epk-garden-effects-v3-3-2026-08-28	css-variable	.ks-epk[data-release="we-dont-need-no-room-to-roll"] .epk-vine-lantern:nth-child(2)	--cycle-delay	.25s	.25s	250	8	250	var(--dance-moves-8t)	Replace the literal/variable with a DanceMoves tick property; use deferStart or onNextInterval when the delay represents musical boundary alignment rather than phase staggering.
310	We Don't Need No Room To Roll	https://kieransimkin.co.uk/we-dont-need-no-room-to-roll/	120	page-inline	inline:style:ks-epk-garden-effects-v3-3-2026-08-28	css-variable	.ks-epk[data-release="we-dont-need-no-room-to-roll"] .epk-vine-lantern:nth-child(3)	--cycle-delay	.45s	.45s	450	14	437.5	var(--dance-moves-14t)	Replace the literal/variable with a DanceMoves tick property; use deferStart or onNextInterval when the delay represents musical boundary alignment rather than phase staggering.
310	We Don't Need No Room To Roll	https://kieransimkin.co.uk/we-dont-need-no-room-to-roll/	120	page-inline	inline:style:ks-epk-garden-effects-v3-3-2026-08-28	css-variable	.ks-epk[data-release="we-dont-need-no-room-to-roll"] .epk-vine-lantern:nth-child(4)	--cycle-delay	.7s	.7s	700	16	500	var(--dance-moves-16t)	Replace the literal/variable with a DanceMoves tick property; use deferStart or onNextInterval when the delay represents musical boundary alignment rather than phase staggering.
310	We Don't Need No Room To Roll	https://kieransimkin.co.uk/we-dont-need-no-room-to-roll/	120	page-inline	inline:style:ks-epk-garden-effects-v3-3-2026-08-28	css-variable	.ks-epk[data-release="we-dont-need-no-room-to-roll"] .epk-vine-lantern:nth-child(5)	--cycle-delay	.15s	.15s	150	5	156.25	var(--dance-moves-5t)	Replace the literal/variable with a DanceMoves tick property; use deferStart or onNextInterval when the delay represents musical boundary alignment rather than phase staggering.
310	We Don't Need No Room To Roll	https://kieransimkin.co.uk/we-dont-need-no-room-to-roll/	120	page-inline	inline:style:ks-epk-garden-effects-v3-3-2026-08-28	css-variable	.ks-epk[data-release="we-dont-need-no-room-to-roll"] .epk-vine-lantern:nth-child(6)	--cycle-delay	.35s	.35s	350	11	343.75	var(--dance-moves-11t)	Replace the literal/variable with a DanceMoves tick property; use deferStart or onNextInterval when the delay represents musical boundary alignment rather than phase staggering.
310	We Don't Need No Room To Roll	https://kieransimkin.co.uk/we-dont-need-no-room-to-roll/	120	page-inline	inline:style:ks-epk-garden-effects-v3-3-2026-08-28	css-variable	.ks-epk[data-release="we-dont-need-no-room-to-roll"] .epk-vine-lantern:nth-child(7)	--cycle-delay	.6s	.6s	600	16	500	var(--dance-moves-16t)	Replace the literal/variable with a DanceMoves tick property; use deferStart or onNextInterval when the delay represents musical boundary alignment rather than phase staggering.
310	We Don't Need No Room To Roll	https://kieransimkin.co.uk/we-dont-need-no-room-to-roll/	120	page-inline	inline:style:ks-epk-garden-effects-v3-3-2026-08-28	css-variable	.ks-epk[data-release="we-dont-need-no-room-to-roll"] .epk-vine-lantern:nth-child(8)	--cycle-delay	.8s	.8s	800	32	1000	var(--dance-moves-32t)	Replace the literal/variable with a DanceMoves tick property; use deferStart or onNextInterval when the delay represents musical boundary alignment rather than phase staggering.
310	We Don't Need No Room To Roll	https://kieransimkin.co.uk/we-dont-need-no-room-to-roll/	120	page-inline	inline:style:ks-epk-garden-effects-v3-3-2026-08-28	css-variable	.ks-epk[data-release="we-dont-need-no-room-to-roll"] .epk-vine-lantern:nth-child(9)	--cycle-delay	.1s	.1s	100	3	93.75	var(--dance-moves-3t)	Replace the literal/variable with a DanceMoves tick property; use deferStart or onNextInterval when the delay represents musical boundary alignment rather than phase staggering.
310	We Don't Need No Room To Roll	https://kieransimkin.co.uk/we-dont-need-no-room-to-roll/	120	page-inline	inline:style:ks-epk-garden-effects-v3-3-2026-08-28	css-variable	.ks-epk[data-release="we-dont-need-no-room-to-roll"] .epk-vine-lantern:nth-child(10)	--cycle-delay	.5s	.5s	500	16	500	var(--dance-moves-16t)	Replace the literal/variable with a DanceMoves tick property; use deferStart or onNextInterval when the delay represents musical boundary alignment rather than phase staggering.
310	We Don't Need No Room To Roll	https://kieransimkin.co.uk/we-dont-need-no-room-to-roll/	120	page-inline	inline:attribute:style:3	css-variable	i.epk-wind-leaf.leaf-oak.tone-emerald	--duration	22s	22s	22000	704	22000	var(--dance-moves-704t)	Replace fixed visual time values with the listed DanceMoves tick properties.
310	We Don't Need No Room To Roll	https://kieransimkin.co.uk/we-dont-need-no-room-to-roll/	120	page-inline	inline:attribute:style:3	css-variable	i.epk-wind-leaf.leaf-oak.tone-emerald	--delay	-3s	-3s	-3000	-96	-3000	var(--dance-moves-neg-96t)	Replace the literal/variable with a DanceMoves tick property; use deferStart or onNextInterval when the delay represents musical boundary alignment rather than phase staggering.
310	We Don't Need No Room To Roll	https://kieransimkin.co.uk/we-dont-need-no-room-to-roll/	120	page-inline	inline:attribute:style:4	css-variable	i.epk-wind-leaf.leaf-lime.tone-amber	--duration	27s	27s	27000	864	27000	var(--dance-moves-864t)	Replace fixed visual time values with the listed DanceMoves tick properties.
310	We Don't Need No Room To Roll	https://kieransimkin.co.uk/we-dont-need-no-room-to-roll/	120	page-inline	inline:attribute:style:4	css-variable	i.epk-wind-leaf.leaf-lime.tone-amber	--delay	-18s	-18s	-18000	-576	-18000	var(--dance-moves-neg-576t)	Replace the literal/variable with a DanceMoves tick property; use deferStart or onNextInterval when the delay represents musical boundary alignment rather than phase staggering.
310	We Don't Need No Room To Roll	https://kieransimkin.co.uk/we-dont-need-no-room-to-roll/	120	page-inline	inline:attribute:style:5	css-variable	i.epk-wind-leaf.leaf-willow.tone-deep	--duration	19s	19s	19000	608	19000	var(--dance-moves-608t)	Replace fixed visual time values with the listed DanceMoves tick properties.
310	We Don't Need No Room To Roll	https://kieransimkin.co.uk/we-dont-need-no-room-to-roll/	120	page-inline	inline:attribute:style:5	css-variable	i.epk-wind-leaf.leaf-willow.tone-deep	--delay	-9s	-9s	-9000	-288	-9000	var(--dance-moves-neg-288t)	Replace the literal/variable with a DanceMoves tick property; use deferStart or onNextInterval when the delay represents musical boundary alignment rather than phase staggering.
310	We Don't Need No Room To Roll	https://kieransimkin.co.uk/we-dont-need-no-room-to-roll/	120	page-inline	inline:attribute:style:6	css-variable	i.epk-wind-leaf.leaf-maple.tone-magenta	--duration	31s	31s	31000	992	31000	var(--dance-moves-992t)	Replace fixed visual time values with the listed DanceMoves tick properties.
310	We Don't Need No Room To Roll	https://kieransimkin.co.uk/we-dont-need-no-room-to-roll/	120	page-inline	inline:attribute:style:6	css-variable	i.epk-wind-leaf.leaf-maple.tone-magenta	--delay	-22s	-22s	-22000	-704	-22000	var(--dance-moves-neg-704t)	Replace the literal/variable with a DanceMoves tick property; use deferStart or onNextInterval when the delay represents musical boundary alignment rather than phase staggering.
310	We Don't Need No Room To Roll	https://kieransimkin.co.uk/we-dont-need-no-room-to-roll/	120	page-inline	inline:attribute:style:7	css-variable	i.epk-wind-leaf.leaf-oval.tone-emerald	--duration	24s	24s	24000	768	24000	var(--dance-moves-768t)	Replace fixed visual time values with the listed DanceMoves tick properties.
310	We Don't Need No Room To Roll	https://kieransimkin.co.uk/we-dont-need-no-room-to-roll/	120	page-inline	inline:attribute:style:7	css-variable	i.epk-wind-leaf.leaf-oval.tone-emerald	--delay	-13s	-13s	-13000	-416	-13000	var(--dance-moves-neg-416t)	Replace the literal/variable with a DanceMoves tick property; use deferStart or onNextInterval when the delay represents musical boundary alignment rather than phase staggering.
310	We Don't Need No Room To Roll	https://kieransimkin.co.uk/we-dont-need-no-room-to-roll/	120	page-inline	inline:attribute:style:8	css-variable	i.epk-wind-leaf.leaf-oak.tone-deep	--duration	34s	34s	34000	1088	34000	var(--dance-moves-1088t)	Replace fixed visual time values with the listed DanceMoves tick properties.
310	We Don't Need No Room To Roll	https://kieransimkin.co.uk/we-dont-need-no-room-to-roll/	120	page-inline	inline:attribute:style:8	css-variable	i.epk-wind-leaf.leaf-oak.tone-deep	--delay	-6s	-6s	-6000	-192	-6000	var(--dance-moves-neg-192t)	Replace the literal/variable with a DanceMoves tick property; use deferStart or onNextInterval when the delay represents musical boundary alignment rather than phase staggering.
310	We Don't Need No Room To Roll	https://kieransimkin.co.uk/we-dont-need-no-room-to-roll/	120	page-inline	inline:attribute:style:9	css-variable	i.epk-wind-leaf.leaf-lime.tone-cream	--duration	18s	18s	18000	576	18000	var(--dance-moves-576t)	Replace fixed visual time values with the listed DanceMoves tick properties.
310	We Don't Need No Room To Roll	https://kieransimkin.co.uk/we-dont-need-no-room-to-roll/	120	page-inline	inline:attribute:style:9	css-variable	i.epk-wind-leaf.leaf-lime.tone-cream	--delay	-11s	-11s	-11000	-352	-11000	var(--dance-moves-neg-352t)	Replace the literal/variable with a DanceMoves tick property; use deferStart or onNextInterval when the delay represents musical boundary alignment rather than phase staggering.
310	We Don't Need No Room To Roll	https://kieransimkin.co.uk/we-dont-need-no-room-to-roll/	120	page-inline	inline:attribute:style:10	css-variable	i.epk-wind-leaf.leaf-willow.tone-amber	--duration	29s	29s	29000	928	29000	var(--dance-moves-928t)	Replace fixed visual time values with the listed DanceMoves tick properties.
310	We Don't Need No Room To Roll	https://kieransimkin.co.uk/we-dont-need-no-room-to-roll/	120	page-inline	inline:attribute:style:10	css-variable	i.epk-wind-leaf.leaf-willow.tone-amber	--delay	-25s	-25s	-25000	-800	-25000	var(--dance-moves-neg-800t)	Replace the literal/variable with a DanceMoves tick property; use deferStart or onNextInterval when the delay represents musical boundary alignment rather than phase staggering.
310	We Don't Need No Room To Roll	https://kieransimkin.co.uk/we-dont-need-no-room-to-roll/	120	page-inline	inline:attribute:style:11	css-variable	i.epk-wind-leaf.leaf-maple.tone-deep	--duration	23s	23s	23000	736	23000	var(--dance-moves-736t)	Replace fixed visual time values with the listed DanceMoves tick properties.
310	We Don't Need No Room To Roll	https://kieransimkin.co.uk/we-dont-need-no-room-to-roll/	120	page-inline	inline:attribute:style:11	css-variable	i.epk-wind-leaf.leaf-maple.tone-deep	--delay	-16s	-16s	-16000	-512	-16000	var(--dance-moves-neg-512t)	Replace the literal/variable with a DanceMoves tick property; use deferStart or onNextInterval when the delay represents musical boundary alignment rather than phase staggering.
310	We Don't Need No Room To Roll	https://kieransimkin.co.uk/we-dont-need-no-room-to-roll/	120	page-inline	inline:attribute:style:12	css-variable	i.epk-wind-leaf.leaf-oval.tone-magenta	--duration	32s	32s	32000	1024	32000	var(--dance-moves-1024t)	Replace fixed visual time values with the listed DanceMoves tick properties.
310	We Don't Need No Room To Roll	https://kieransimkin.co.uk/we-dont-need-no-room-to-roll/	120	page-inline	inline:attribute:style:12	css-variable	i.epk-wind-leaf.leaf-oval.tone-magenta	--delay	-4s	-4s	-4000	-128	-4000	var(--dance-moves-neg-128t)	Replace the literal/variable with a DanceMoves tick property; use deferStart or onNextInterval when the delay represents musical boundary alignment rather than phase staggering.
310	We Don't Need No Room To Roll	https://kieransimkin.co.uk/we-dont-need-no-room-to-roll/	120	page-inline	inline:attribute:style:13	css-variable	i.epk-wind-leaf.leaf-oak.tone-emerald	--duration	20s	20s	20000	640	20000	var(--dance-moves-640t)	Replace fixed visual time values with the listed DanceMoves tick properties.
310	We Don't Need No Room To Roll	https://kieransimkin.co.uk/we-dont-need-no-room-to-roll/	120	page-inline	inline:attribute:style:13	css-variable	i.epk-wind-leaf.leaf-oak.tone-emerald	--delay	-14s	-14s	-14000	-448	-14000	var(--dance-moves-neg-448t)	Replace the literal/variable with a DanceMoves tick property; use deferStart or onNextInterval when the delay represents musical boundary alignment rather than phase staggering.
310	We Don't Need No Room To Roll	https://kieransimkin.co.uk/we-dont-need-no-room-to-roll/	120	page-inline	inline:attribute:style:14	css-variable	i.epk-wind-leaf.leaf-lime.tone-deep	--duration	36s	36s	36000	1152	36000	var(--dance-moves-1152t)	Replace fixed visual time values with the listed DanceMoves tick properties.
310	We Don't Need No Room To Roll	https://kieransimkin.co.uk/we-dont-need-no-room-to-roll/	120	page-inline	inline:attribute:style:14	css-variable	i.epk-wind-leaf.leaf-lime.tone-deep	--delay	-29s	-29s	-29000	-928	-29000	var(--dance-moves-neg-928t)	Replace the literal/variable with a DanceMoves tick property; use deferStart or onNextInterval when the delay represents musical boundary alignment rather than phase staggering.
310	We Don't Need No Room To Roll	https://kieransimkin.co.uk/we-dont-need-no-room-to-roll/	120	page-inline	inline:attribute:style:15	css-variable	i.epk-wind-leaf.leaf-willow.tone-emerald	--duration	38s	38s	38000	1216	38000	var(--dance-moves-1216t)	Replace fixed visual time values with the listed DanceMoves tick properties.
310	We Don't Need No Room To Roll	https://kieransimkin.co.uk/we-dont-need-no-room-to-roll/	120	page-inline	inline:attribute:style:15	css-variable	i.epk-wind-leaf.leaf-willow.tone-emerald	--delay	-32s	-32s	-32000	-1024	-32000	var(--dance-moves-neg-1024t)	Replace the literal/variable with a DanceMoves tick property; use deferStart or onNextInterval when the delay represents musical boundary alignment rather than phase staggering.
310	We Don't Need No Room To Roll	https://kieransimkin.co.uk/we-dont-need-no-room-to-roll/	120	page-inline	inline:attribute:style:16	css-variable	i.epk-wind-leaf.leaf-maple.tone-amber	--duration	26s	26s	26000	832	26000	var(--dance-moves-832t)	Replace fixed visual time values with the listed DanceMoves tick properties.
310	We Don't Need No Room To Roll	https://kieransimkin.co.uk/we-dont-need-no-room-to-roll/	120	page-inline	inline:attribute:style:16	css-variable	i.epk-wind-leaf.leaf-maple.tone-amber	--delay	-7s	-7s	-7000	-224	-7000	var(--dance-moves-neg-224t)	Replace the literal/variable with a DanceMoves tick property; use deferStart or onNextInterval when the delay represents musical boundary alignment rather than phase staggering.
310	We Don't Need No Room To Roll	https://kieransimkin.co.uk/we-dont-need-no-room-to-roll/	120	page-inline	inline:attribute:style:17	css-variable	i.epk-wind-leaf.leaf-oval.tone-deep	--duration	42s	42s	42000	1344	42000	var(--dance-moves-1344t)	Replace fixed visual time values with the listed DanceMoves tick properties.
310	We Don't Need No Room To Roll	https://kieransimkin.co.uk/we-dont-need-no-room-to-roll/	120	page-inline	inline:attribute:style:17	css-variable	i.epk-wind-leaf.leaf-oval.tone-deep	--delay	-20s	-20s	-20000	-640	-20000	var(--dance-moves-neg-640t)	Replace the literal/variable with a DanceMoves tick property; use deferStart or onNextInterval when the delay represents musical boundary alignment rather than phase staggering.
310	We Don't Need No Room To Roll	https://kieransimkin.co.uk/we-dont-need-no-room-to-roll/	120	page-inline	inline:attribute:style:18	css-variable	i.epk-wind-leaf.leaf-oak.tone-magenta	--duration	28s	28s	28000	896	28000	var(--dance-moves-896t)	Replace fixed visual time values with the listed DanceMoves tick properties.
310	We Don't Need No Room To Roll	https://kieransimkin.co.uk/we-dont-need-no-room-to-roll/	120	page-inline	inline:attribute:style:18	css-variable	i.epk-wind-leaf.leaf-oak.tone-magenta	--delay	-24s	-24s	-24000	-768	-24000	var(--dance-moves-neg-768t)	Replace the literal/variable with a DanceMoves tick property; use deferStart or onNextInterval when the delay represents musical boundary alignment rather than phase staggering.
310	We Don't Need No Room To Roll	https://kieransimkin.co.uk/we-dont-need-no-room-to-roll/	120	page-inline	inline:attribute:style:19	css-variable	i.epk-wind-leaf.leaf-lime.tone-emerald	--duration	21s	21s	21000	672	21000	var(--dance-moves-672t)	Replace fixed visual time values with the listed DanceMoves tick properties.
310	We Don't Need No Room To Roll	https://kieransimkin.co.uk/we-dont-need-no-room-to-roll/	120	page-inline	inline:attribute:style:19	css-variable	i.epk-wind-leaf.leaf-lime.tone-emerald	--delay	-10s	-10s	-10000	-320	-10000	var(--dance-moves-neg-320t)	Replace the literal/variable with a DanceMoves tick property; use deferStart or onNextInterval when the delay represents musical boundary alignment rather than phase staggering.
310	We Don't Need No Room To Roll	https://kieransimkin.co.uk/we-dont-need-no-room-to-roll/	120	page-inline	inline:attribute:style:20	css-variable	i.epk-wind-leaf.leaf-willow.tone-cream	--duration	40s	40s	40000	1280	40000	var(--dance-moves-1280t)	Replace fixed visual time values with the listed DanceMoves tick properties.
310	We Don't Need No Room To Roll	https://kieransimkin.co.uk/we-dont-need-no-room-to-roll/	120	page-inline	inline:attribute:style:20	css-variable	i.epk-wind-leaf.leaf-willow.tone-cream	--delay	-35s	-35s	-35000	-1120	-35000	var(--dance-moves-neg-1120t)	Replace the literal/variable with a DanceMoves tick property; use deferStart or onNextInterval when the delay represents musical boundary alignment rather than phase staggering.
310	We Don't Need No Room To Roll	https://kieransimkin.co.uk/we-dont-need-no-room-to-roll/	120	page-inline	inline:attribute:style:21	css-variable	i.epk-wind-leaf.leaf-maple.tone-deep	--duration	25s	25s	25000	800	25000	var(--dance-moves-800t)	Replace fixed visual time values with the listed DanceMoves tick properties.
310	We Don't Need No Room To Roll	https://kieransimkin.co.uk/we-dont-need-no-room-to-roll/	120	page-inline	inline:attribute:style:21	css-variable	i.epk-wind-leaf.leaf-maple.tone-deep	--delay	-2s	-2s	-2000	-64	-2000	var(--dance-moves-neg-64t)	Replace the literal/variable with a DanceMoves tick property; use deferStart or onNextInterval when the delay represents musical boundary alignment rather than phase staggering.
310	We Don't Need No Room To Roll	https://kieransimkin.co.uk/we-dont-need-no-room-to-roll/	120	page-inline	inline:attribute:style:22	css-variable	i.epk-wind-leaf.leaf-oval.tone-amber	--duration	30s	30s	30000	960	30000	var(--dance-moves-960t)	Replace fixed visual time values with the listed DanceMoves tick properties.
310	We Don't Need No Room To Roll	https://kieransimkin.co.uk/we-dont-need-no-room-to-roll/	120	page-inline	inline:attribute:style:22	css-variable	i.epk-wind-leaf.leaf-oval.tone-amber	--delay	-19s	-19s	-19000	-608	-19000	var(--dance-moves-neg-608t)	Replace the literal/variable with a DanceMoves tick property; use deferStart or onNextInterval when the delay represents musical boundary alignment rather than phase staggering.
310	We Don't Need No Room To Roll	https://kieransimkin.co.uk/we-dont-need-no-room-to-roll/	120	page-inline	inline:attribute:style:23	css-variable	i.epk-wind-leaf.leaf-oak.tone-deep	--duration	35s	35s	35000	1120	35000	var(--dance-moves-1120t)	Replace fixed visual time values with the listed DanceMoves tick properties.
310	We Don't Need No Room To Roll	https://kieransimkin.co.uk/we-dont-need-no-room-to-roll/	120	page-inline	inline:attribute:style:23	css-variable	i.epk-wind-leaf.leaf-oak.tone-deep	--delay	-27s	-27s	-27000	-864	-27000	var(--dance-moves-neg-864t)	Replace the literal/variable with a DanceMoves tick property; use deferStart or onNextInterval when the delay represents musical boundary alignment rather than phase staggering.
310	We Don't Need No Room To Roll	https://kieransimkin.co.uk/we-dont-need-no-room-to-roll/	120	page-inline	inline:attribute:style:24	css-variable	i.epk-wind-leaf.leaf-lime.tone-magenta	--duration	23s	23s	23000	736	23000	var(--dance-moves-736t)	Replace fixed visual time values with the listed DanceMoves tick properties.
310	We Don't Need No Room To Roll	https://kieransimkin.co.uk/we-dont-need-no-room-to-roll/	120	page-inline	inline:attribute:style:24	css-variable	i.epk-wind-leaf.leaf-lime.tone-magenta	--delay	-15s	-15s	-15000	-480	-15000	var(--dance-moves-neg-480t)	Replace the literal/variable with a DanceMoves tick property; use deferStart or onNextInterval when the delay represents musical boundary alignment rather than phase staggering.
310	We Don't Need No Room To Roll	https://kieransimkin.co.uk/we-dont-need-no-room-to-roll/	120	page-inline	inline:attribute:style:25	css-variable	i.epk-wind-leaf.leaf-willow.tone-emerald	--duration	33s	33s	33000	1056	33000	var(--dance-moves-1056t)	Replace fixed visual time values with the listed DanceMoves tick properties.
310	We Don't Need No Room To Roll	https://kieransimkin.co.uk/we-dont-need-no-room-to-roll/	120	page-inline	inline:attribute:style:25	css-variable	i.epk-wind-leaf.leaf-willow.tone-emerald	--delay	-31s	-31s	-31000	-992	-31000	var(--dance-moves-neg-992t)	Replace the literal/variable with a DanceMoves tick property; use deferStart or onNextInterval when the delay represents musical boundary alignment rather than phase staggering.
310	We Don't Need No Room To Roll	https://kieransimkin.co.uk/we-dont-need-no-room-to-roll/	120	page-inline	inline:attribute:style:26	css-variable	i.epk-wind-leaf.leaf-maple.tone-cream	--duration	44s	44s	44000	1408	44000	var(--dance-moves-1408t)	Replace fixed visual time values with the listed DanceMoves tick properties.
310	We Don't Need No Room To Roll	https://kieransimkin.co.uk/we-dont-need-no-room-to-roll/	120	page-inline	inline:attribute:style:26	css-variable	i.epk-wind-leaf.leaf-maple.tone-cream	--delay	-38s	-38s	-38000	-1216	-38000	var(--dance-moves-neg-1216t)	Replace the literal/variable with a DanceMoves tick property; use deferStart or onNextInterval when the delay represents musical boundary alignment rather than phase staggering.
310	We Don't Need No Room To Roll	https://kieransimkin.co.uk/we-dont-need-no-room-to-roll/	120	page-inline	inline:attribute:style:27	css-variable	i.epk-wind-leaf.leaf-oval.tone-deep	--duration	29s	29s	29000	928	29000	var(--dance-moves-928t)	Replace fixed visual time values with the listed DanceMoves tick properties.
310	We Don't Need No Room To Roll	https://kieransimkin.co.uk/we-dont-need-no-room-to-roll/	120	page-inline	inline:attribute:style:27	css-variable	i.epk-wind-leaf.leaf-oval.tone-deep	--delay	-12s	-12s	-12000	-384	-12000	var(--dance-moves-neg-384t)	Replace the literal/variable with a DanceMoves tick property; use deferStart or onNextInterval when the delay represents musical boundary alignment rather than phase staggering.
310	We Don't Need No Room To Roll	https://kieransimkin.co.uk/we-dont-need-no-room-to-roll/	120	page-inline	inline:attribute:style:28	css-variable	i.epk-wind-leaf.leaf-oak.tone-amber	--duration	41s	41s	41000	1312	41000	var(--dance-moves-1312t)	Replace fixed visual time values with the listed DanceMoves tick properties.
310	We Don't Need No Room To Roll	https://kieransimkin.co.uk/we-dont-need-no-room-to-roll/	120	page-inline	inline:attribute:style:28	css-variable	i.epk-wind-leaf.leaf-oak.tone-amber	--delay	-34s	-34s	-34000	-1088	-34000	var(--dance-moves-neg-1088t)	Replace the literal/variable with a DanceMoves tick property; use deferStart or onNextInterval when the delay represents musical boundary alignment rather than phase staggering.
310	We Don't Need No Room To Roll	https://kieransimkin.co.uk/we-dont-need-no-room-to-roll/	120	page-inline	inline:attribute:style:29	css-variable	i.epk-wind-leaf.leaf-lime.tone-emerald	--duration	27s	27s	27000	864	27000	var(--dance-moves-864t)	Replace fixed visual time values with the listed DanceMoves tick properties.
310	We Don't Need No Room To Roll	https://kieransimkin.co.uk/we-dont-need-no-room-to-roll/	120	page-inline	inline:attribute:style:29	css-variable	i.epk-wind-leaf.leaf-lime.tone-emerald	--delay	-21s	-21s	-21000	-672	-21000	var(--dance-moves-neg-672t)	Replace the literal/variable with a DanceMoves tick property; use deferStart or onNextInterval when the delay represents musical boundary alignment rather than phase staggering.
310	We Don't Need No Room To Roll	https://kieransimkin.co.uk/we-dont-need-no-room-to-roll/	120	page-inline	inline:attribute:style:30	css-variable	i.epk-wind-leaf.leaf-maple.tone-deep	--duration	37s	37s	37000	1184	37000	var(--dance-moves-1184t)	Replace fixed visual time values with the listed DanceMoves tick properties.
310	We Don't Need No Room To Roll	https://kieransimkin.co.uk/we-dont-need-no-room-to-roll/	120	page-inline	inline:attribute:style:30	css-variable	i.epk-wind-leaf.leaf-maple.tone-deep	--delay	-17s	-17s	-17000	-544	-17000	var(--dance-moves-neg-544t)	Replace the literal/variable with a DanceMoves tick property; use deferStart or onNextInterval when the delay represents musical boundary alignment rather than phase staggering.
310	We Don't Need No Room To Roll	https://kieransimkin.co.uk/we-dont-need-no-room-to-roll/	120	page-inline	inline:attribute:style:31	css-variable	i.epk-wind-leaf.leaf-willow.tone-amber	--duration	25s	25s	25000	800	25000	var(--dance-moves-800t)	Replace fixed visual time values with the listed DanceMoves tick properties.
310	We Don't Need No Room To Roll	https://kieransimkin.co.uk/we-dont-need-no-room-to-roll/	120	page-inline	inline:attribute:style:31	css-variable	i.epk-wind-leaf.leaf-willow.tone-amber	--delay	-23s	-23s	-23000	-736	-23000	var(--dance-moves-neg-736t)	Replace the literal/variable with a DanceMoves tick property; use deferStart or onNextInterval when the delay represents musical boundary alignment rather than phase staggering.
310	We Don't Need No Room To Roll	https://kieransimkin.co.uk/we-dont-need-no-room-to-roll/	120	page-inline	inline:attribute:style:32	css-variable	i.epk-wind-leaf.leaf-oval.tone-emerald	--duration	33s	33s	33000	1056	33000	var(--dance-moves-1056t)	Replace fixed visual time values with the listed DanceMoves tick properties.
310	We Don't Need No Room To Roll	https://kieransimkin.co.uk/we-dont-need-no-room-to-roll/	120	page-inline	inline:attribute:style:32	css-variable	i.epk-wind-leaf.leaf-oval.tone-emerald	--delay	-8s	-8s	-8000	-256	-8000	var(--dance-moves-neg-256t)	Replace the literal/variable with a DanceMoves tick property; use deferStart or onNextInterval when the delay represents musical boundary alignment rather than phase staggering.
310	We Don't Need No Room To Roll	https://kieransimkin.co.uk/we-dont-need-no-room-to-roll/	120	page-inline	inline:attribute:style:33	css-variable	i.epk-wind-leaf.leaf-oak.tone-cream	--duration	46s	46s	46000	1472	46000	var(--dance-moves-1472t)	Replace fixed visual time values with the listed DanceMoves tick properties.
310	We Don't Need No Room To Roll	https://kieransimkin.co.uk/we-dont-need-no-room-to-roll/	120	page-inline	inline:attribute:style:33	css-variable	i.epk-wind-leaf.leaf-oak.tone-cream	--delay	-41s	-41s	-41000	-1312	-41000	var(--dance-moves-neg-1312t)	Replace the literal/variable with a DanceMoves tick property; use deferStart or onNextInterval when the delay represents musical boundary alignment rather than phase staggering.
310	We Don't Need No Room To Roll	https://kieransimkin.co.uk/we-dont-need-no-room-to-roll/	120	page-inline	inline:attribute:style:34	css-variable	i.epk-wind-leaf.leaf-lime.tone-deep	--duration	21s	21s	21000	672	21000	var(--dance-moves-672t)	Replace fixed visual time values with the listed DanceMoves tick properties.
310	We Don't Need No Room To Roll	https://kieransimkin.co.uk/we-dont-need-no-room-to-roll/	120	page-inline	inline:attribute:style:34	css-variable	i.epk-wind-leaf.leaf-lime.tone-deep	--delay	-5s	-5s	-5000	-160	-5000	var(--dance-moves-neg-160t)	Replace the literal/variable with a DanceMoves tick property; use deferStart or onNextInterval when the delay represents musical boundary alignment rather than phase staggering.
310	We Don't Need No Room To Roll	https://kieransimkin.co.uk/we-dont-need-no-room-to-roll/	120	page-inline	inline:attribute:style:35	css-variable	i.epk-wind-leaf.leaf-maple.tone-emerald	--duration	29s	29s	29000	928	29000	var(--dance-moves-928t)	Replace fixed visual time values with the listed DanceMoves tick properties.
310	We Don't Need No Room To Roll	https://kieransimkin.co.uk/we-dont-need-no-room-to-roll/	120	page-inline	inline:attribute:style:35	css-variable	i.epk-wind-leaf.leaf-maple.tone-emerald	--delay	-26s	-26s	-26000	-832	-26000	var(--dance-moves-neg-832t)	Replace the literal/variable with a DanceMoves tick property; use deferStart or onNextInterval when the delay represents musical boundary alignment rather than phase staggering.
310	We Don't Need No Room To Roll	https://kieransimkin.co.uk/we-dont-need-no-room-to-roll/	120	page-inline	inline:attribute:style:36	css-variable	i.epk-wind-leaf.leaf-willow.tone-magenta	--duration	39s	39s	39000	1248	39000	var(--dance-moves-1248t)	Replace fixed visual time values with the listed DanceMoves tick properties.
310	We Don't Need No Room To Roll	https://kieransimkin.co.uk/we-dont-need-no-room-to-roll/	120	page-inline	inline:attribute:style:36	css-variable	i.epk-wind-leaf.leaf-willow.tone-magenta	--delay	-14s	-14s	-14000	-448	-14000	var(--dance-moves-neg-448t)	Replace the literal/variable with a DanceMoves tick property; use deferStart or onNextInterval when the delay represents musical boundary alignment rather than phase staggering.
310	We Don't Need No Room To Roll	https://kieransimkin.co.uk/we-dont-need-no-room-to-roll/	120	page-inline	inline:attribute:style:37	css-variable	i.epk-wind-leaf.leaf-oval.tone-amber	--duration	24s	24s	24000	768	24000	var(--dance-moves-768t)	Replace fixed visual time values with the listed DanceMoves tick properties.
310	We Don't Need No Room To Roll	https://kieransimkin.co.uk/we-dont-need-no-room-to-roll/	120	page-inline	inline:attribute:style:37	css-variable	i.epk-wind-leaf.leaf-oval.tone-amber	--delay	-20s	-20s	-20000	-640	-20000	var(--dance-moves-neg-640t)	Replace the literal/variable with a DanceMoves tick property; use deferStart or onNextInterval when the delay represents musical boundary alignment rather than phase staggering.
310	We Don't Need No Room To Roll	https://kieransimkin.co.uk/we-dont-need-no-room-to-roll/	120	page-inline	inline:attribute:style:38	css-variable	i.epk-wind-leaf.leaf-oak.tone-deep	--duration	31s	31s	31000	992	31000	var(--dance-moves-992t)	Replace fixed visual time values with the listed DanceMoves tick properties.
310	We Don't Need No Room To Roll	https://kieransimkin.co.uk/we-dont-need-no-room-to-roll/	120	page-inline	inline:attribute:style:38	css-variable	i.epk-wind-leaf.leaf-oak.tone-deep	--delay	-28s	-28s	-28000	-896	-28000	var(--dance-moves-neg-896t)	Replace the literal/variable with a DanceMoves tick property; use deferStart or onNextInterval when the delay represents musical boundary alignment rather than phase staggering.
310	We Don't Need No Room To Roll	https://kieransimkin.co.uk/we-dont-need-no-room-to-roll/	120	page-inline	inline:attribute:style:39	css-variable	i.epk-wind-leaf.leaf-lime.tone-emerald	--duration	20s	20s	20000	640	20000	var(--dance-moves-640t)	Replace fixed visual time values with the listed DanceMoves tick properties.
310	We Don't Need No Room To Roll	https://kieransimkin.co.uk/we-dont-need-no-room-to-roll/	120	page-inline	inline:attribute:style:39	css-variable	i.epk-wind-leaf.leaf-lime.tone-emerald	--delay	-16s	-16s	-16000	-512	-16000	var(--dance-moves-neg-512t)	Replace the literal/variable with a DanceMoves tick property; use deferStart or onNextInterval when the delay represents musical boundary alignment rather than phase staggering.
310	We Don't Need No Room To Roll	https://kieransimkin.co.uk/we-dont-need-no-room-to-roll/	120	page-inline	inline:attribute:style:40	css-variable	i.epk-wind-leaf.leaf-maple.tone-amber	--duration	43s	43s	43000	1376	43000	var(--dance-moves-1376t)	Replace fixed visual time values with the listed DanceMoves tick properties.
310	We Don't Need No Room To Roll	https://kieransimkin.co.uk/we-dont-need-no-room-to-roll/	120	page-inline	inline:attribute:style:40	css-variable	i.epk-wind-leaf.leaf-maple.tone-amber	--delay	-37s	-37s	-37000	-1184	-37000	var(--dance-moves-neg-1184t)	Replace the literal/variable with a DanceMoves tick property; use deferStart or onNextInterval when the delay represents musical boundary alignment rather than phase staggering.
310	We Don't Need No Room To Roll	https://kieransimkin.co.uk/we-dont-need-no-room-to-roll/	120	page-inline	inline:attribute:style:41	css-variable	i.epk-wind-leaf.leaf-willow.tone-deep	--duration	28s	28s	28000	896	28000	var(--dance-moves-896t)	Replace fixed visual time values with the listed DanceMoves tick properties.
310	We Don't Need No Room To Roll	https://kieransimkin.co.uk/we-dont-need-no-room-to-roll/	120	page-inline	inline:attribute:style:41	css-variable	i.epk-wind-leaf.leaf-willow.tone-deep	--delay	-3s	-3s	-3000	-96	-3000	var(--dance-moves-neg-96t)	Replace the literal/variable with a DanceMoves tick property; use deferStart or onNextInterval when the delay represents musical boundary alignment rather than phase staggering.
310	We Don't Need No Room To Roll	https://kieransimkin.co.uk/we-dont-need-no-room-to-roll/	120	page-inline	inline:attribute:style:42	css-variable	i.epk-wind-leaf.leaf-oval.tone-cream	--duration	35s	35s	35000	1120	35000	var(--dance-moves-1120t)	Replace fixed visual time values with the listed DanceMoves tick properties.
310	We Don't Need No Room To Roll	https://kieransimkin.co.uk/we-dont-need-no-room-to-roll/	120	page-inline	inline:attribute:style:42	css-variable	i.epk-wind-leaf.leaf-oval.tone-cream	--delay	-30s	-30s	-30000	-960	-30000	var(--dance-moves-neg-960t)	Replace the literal/variable with a DanceMoves tick property; use deferStart or onNextInterval when the delay represents musical boundary alignment rather than phase staggering.
310	We Don't Need No Room To Roll	https://kieransimkin.co.uk/we-dont-need-no-room-to-roll/	120	page-inline	inline:attribute:style:43	css-variable	i.epk-wind-leaf.leaf-oak.tone-emerald	--duration	22s	22s	22000	704	22000	var(--dance-moves-704t)	Replace fixed visual time values with the listed DanceMoves tick properties.
310	We Don't Need No Room To Roll	https://kieransimkin.co.uk/we-dont-need-no-room-to-roll/	120	page-inline	inline:attribute:style:43	css-variable	i.epk-wind-leaf.leaf-oak.tone-emerald	--delay	-17s	-17s	-17000	-544	-17000	var(--dance-moves-neg-544t)	Replace the literal/variable with a DanceMoves tick property; use deferStart or onNextInterval when the delay represents musical boundary alignment rather than phase staggering.
310	We Don't Need No Room To Roll	https://kieransimkin.co.uk/we-dont-need-no-room-to-roll/	120	page-inline	inline:attribute:style:44	css-variable	i.epk-wind-leaf.leaf-lime.tone-magenta	--duration	34s	34s	34000	1088	34000	var(--dance-moves-1088t)	Replace fixed visual time values with the listed DanceMoves tick properties.
310	We Don't Need No Room To Roll	https://kieransimkin.co.uk/we-dont-need-no-room-to-roll/	120	page-inline	inline:attribute:style:44	css-variable	i.epk-wind-leaf.leaf-lime.tone-magenta	--delay	-11s	-11s	-11000	-352	-11000	var(--dance-moves-neg-352t)	Replace the literal/variable with a DanceMoves tick property; use deferStart or onNextInterval when the delay represents musical boundary alignment rather than phase staggering.
310	We Don't Need No Room To Roll	https://kieransimkin.co.uk/we-dont-need-no-room-to-roll/	120	page-inline	inline:attribute:style:45	css-variable	i.epk-wind-leaf.leaf-maple.tone-deep	--duration	27s	27s	27000	864	27000	var(--dance-moves-864t)	Replace fixed visual time values with the listed DanceMoves tick properties.
310	We Don't Need No Room To Roll	https://kieransimkin.co.uk/we-dont-need-no-room-to-roll/	120	page-inline	inline:attribute:style:45	css-variable	i.epk-wind-leaf.leaf-maple.tone-deep	--delay	-24s	-24s	-24000	-768	-24000	var(--dance-moves-neg-768t)	Replace the literal/variable with a DanceMoves tick property; use deferStart or onNextInterval when the delay represents musical boundary alignment rather than phase staggering.
310	We Don't Need No Room To Roll	https://kieransimkin.co.uk/we-dont-need-no-room-to-roll/	120	page-inline	inline:attribute:style:46	css-variable	i.epk-wind-leaf.leaf-willow.tone-emerald	--duration	45s	45s	45000	1440	45000	var(--dance-moves-1440t)	Replace fixed visual time values with the listed DanceMoves tick properties.
310	We Don't Need No Room To Roll	https://kieransimkin.co.uk/we-dont-need-no-room-to-roll/	120	page-inline	inline:attribute:style:46	css-variable	i.epk-wind-leaf.leaf-willow.tone-emerald	--delay	-39s	-39s	-39000	-1248	-39000	var(--dance-moves-neg-1248t)	Replace the literal/variable with a DanceMoves tick property; use deferStart or onNextInterval when the delay represents musical boundary alignment rather than phase staggering.
310	We Don't Need No Room To Roll	https://kieransimkin.co.uk/we-dont-need-no-room-to-roll/	120	page-inline	inline:attribute:style:47	css-variable	i.epk-wind-leaf.leaf-oval.tone-amber	--duration	23s	23s	23000	736	23000	var(--dance-moves-736t)	Replace fixed visual time values with the listed DanceMoves tick properties.
310	We Don't Need No Room To Roll	https://kieransimkin.co.uk/we-dont-need-no-room-to-roll/	120	page-inline	inline:attribute:style:47	css-variable	i.epk-wind-leaf.leaf-oval.tone-amber	--delay	-9s	-9s	-9000	-288	-9000	var(--dance-moves-neg-288t)	Replace the literal/variable with a DanceMoves tick property; use deferStart or onNextInterval when the delay represents musical boundary alignment rather than phase staggering.
310	We Don't Need No Room To Roll	https://kieransimkin.co.uk/we-dont-need-no-room-to-roll/	120	page-inline	inline:attribute:style:48	css-variable	i.epk-wind-leaf.leaf-oak.tone-magenta	--duration	30s	30s	30000	960	30000	var(--dance-moves-960t)	Replace fixed visual time values with the listed DanceMoves tick properties.
310	We Don't Need No Room To Roll	https://kieransimkin.co.uk/we-dont-need-no-room-to-roll/	120	page-inline	inline:attribute:style:48	css-variable	i.epk-wind-leaf.leaf-oak.tone-magenta	--delay	-27s	-27s	-27000	-864	-27000	var(--dance-moves-neg-864t)	Replace the literal/variable with a DanceMoves tick property; use deferStart or onNextInterval when the delay represents musical boundary alignment rather than phase staggering.
310	We Don't Need No Room To Roll	https://kieransimkin.co.uk/we-dont-need-no-room-to-roll/	120	page-inline	inline:attribute:style:49	css-variable	i.epk-wind-leaf.leaf-lime.tone-deep	--duration	36s	36s	36000	1152	36000	var(--dance-moves-1152t)	Replace fixed visual time values with the listed DanceMoves tick properties.
310	We Don't Need No Room To Roll	https://kieransimkin.co.uk/we-dont-need-no-room-to-roll/	120	page-inline	inline:attribute:style:49	css-variable	i.epk-wind-leaf.leaf-lime.tone-deep	--delay	-33s	-33s	-33000	-1056	-33000	var(--dance-moves-neg-1056t)	Replace the literal/variable with a DanceMoves tick property; use deferStart or onNextInterval when the delay represents musical boundary alignment rather than phase staggering.
310	We Don't Need No Room To Roll	https://kieransimkin.co.uk/we-dont-need-no-room-to-roll/	120	page-inline	inline:attribute:style:50	css-variable	i.epk-wind-leaf.leaf-maple.tone-cream	--duration	48s	48s	48000	1536	48000	var(--dance-moves-1536t)	Replace fixed visual time values with the listed DanceMoves tick properties.
310	We Don't Need No Room To Roll	https://kieransimkin.co.uk/we-dont-need-no-room-to-roll/	120	page-inline	inline:attribute:style:50	css-variable	i.epk-wind-leaf.leaf-maple.tone-cream	--delay	-44s	-44s	-44000	-1408	-44000	var(--dance-moves-neg-1408t)	Replace the literal/variable with a DanceMoves tick property; use deferStart or onNextInterval when the delay represents musical boundary alignment rather than phase staggering.
310	We Don't Need No Room To Roll	https://kieransimkin.co.uk/we-dont-need-no-room-to-roll/	120	page-inline	inline:attribute:style:51	css-variable	g.epk-vine-lantern	--glow-duration	4.1s	4.1s	4100	128	4000	var(--dance-moves-128t)	Replace fixed visual time values with the listed DanceMoves tick properties.
310	We Don't Need No Room To Roll	https://kieransimkin.co.uk/we-dont-need-no-room-to-roll/	120	page-inline	inline:attribute:style:51	css-variable	g.epk-vine-lantern	--glow-delay	-1.3s	-1.3s	-1300	-48	-1500	var(--dance-moves-neg-48t)	Replace the literal/variable with a DanceMoves tick property; use deferStart or onNextInterval when the delay represents musical boundary alignment rather than phase staggering.
310	We Don't Need No Room To Roll	https://kieransimkin.co.uk/we-dont-need-no-room-to-roll/	120	page-inline	inline:attribute:style:52	css-variable	g.epk-vine-lantern	--glow-duration	5.2s	5.2s	5200	160	5000	var(--dance-moves-160t)	Replace fixed visual time values with the listed DanceMoves tick properties.
310	We Don't Need No Room To Roll	https://kieransimkin.co.uk/we-dont-need-no-room-to-roll/	120	page-inline	inline:attribute:style:52	css-variable	g.epk-vine-lantern	--glow-delay	-3.7s	-3.7s	-3700	-112	-3500	var(--dance-moves-neg-112t)	Replace the literal/variable with a DanceMoves tick property; use deferStart or onNextInterval when the delay represents musical boundary alignment rather than phase staggering.
310	We Don't Need No Room To Roll	https://kieransimkin.co.uk/we-dont-need-no-room-to-roll/	120	page-inline	inline:attribute:style:53	css-variable	g.epk-vine-lantern	--glow-duration	3.8s	3.8s	3800	128	4000	var(--dance-moves-128t)	Replace fixed visual time values with the listed DanceMoves tick properties.
310	We Don't Need No Room To Roll	https://kieransimkin.co.uk/we-dont-need-no-room-to-roll/	120	page-inline	inline:attribute:style:53	css-variable	g.epk-vine-lantern	--glow-delay	-2.1s	-2.1s	-2100	-64	-2000	var(--dance-moves-neg-64t)	Replace the literal/variable with a DanceMoves tick property; use deferStart or onNextInterval when the delay represents musical boundary alignment rather than phase staggering.
310	We Don't Need No Room To Roll	https://kieransimkin.co.uk/we-dont-need-no-room-to-roll/	120	page-inline	inline:attribute:style:54	css-variable	g.epk-vine-lantern	--glow-duration	5.6s	5.6s	5600	176	5500	var(--dance-moves-176t)	Replace fixed visual time values with the listed DanceMoves tick properties.
310	We Don't Need No Room To Roll	https://kieransimkin.co.uk/we-dont-need-no-room-to-roll/	120	page-inline	inline:attribute:style:54	css-variable	g.epk-vine-lantern	--glow-delay	-4.4s	-4.4s	-4400	-144	-4500	var(--dance-moves-neg-144t)	Replace the literal/variable with a DanceMoves tick property; use deferStart or onNextInterval when the delay represents musical boundary alignment rather than phase staggering.
310	We Don't Need No Room To Roll	https://kieransimkin.co.uk/we-dont-need-no-room-to-roll/	120	page-inline	inline:attribute:style:55	css-variable	g.epk-vine-lantern	--glow-duration	4.6s	4.6s	4600	144	4500	var(--dance-moves-144t)	Replace fixed visual time values with the listed DanceMoves tick properties.
310	We Don't Need No Room To Roll	https://kieransimkin.co.uk/we-dont-need-no-room-to-roll/	120	page-inline	inline:attribute:style:55	css-variable	g.epk-vine-lantern	--glow-delay	-.8s	-.8s	-800	-32	-1000	var(--dance-moves-neg-32t)	Replace the literal/variable with a DanceMoves tick property; use deferStart or onNextInterval when the delay represents musical boundary alignment rather than phase staggering.
310	We Don't Need No Room To Roll	https://kieransimkin.co.uk/we-dont-need-no-room-to-roll/	120	page-inline	inline:attribute:style:56	css-variable	g.epk-vine-lantern	--glow-duration	4.3s	4.3s	4300	144	4500	var(--dance-moves-144t)	Replace fixed visual time values with the listed DanceMoves tick properties.
310	We Don't Need No Room To Roll	https://kieransimkin.co.uk/we-dont-need-no-room-to-roll/	120	page-inline	inline:attribute:style:56	css-variable	g.epk-vine-lantern	--glow-delay	-2.9s	-2.9s	-2900	-96	-3000	var(--dance-moves-neg-96t)	Replace the literal/variable with a DanceMoves tick property; use deferStart or onNextInterval when the delay represents musical boundary alignment rather than phase staggering.
310	We Don't Need No Room To Roll	https://kieransimkin.co.uk/we-dont-need-no-room-to-roll/	120	page-inline	inline:attribute:style:57	css-variable	g.epk-vine-lantern	--glow-duration	5.4s	5.4s	5400	176	5500	var(--dance-moves-176t)	Replace fixed visual time values with the listed DanceMoves tick properties.
310	We Don't Need No Room To Roll	https://kieransimkin.co.uk/we-dont-need-no-room-to-roll/	120	page-inline	inline:attribute:style:57	css-variable	g.epk-vine-lantern	--glow-delay	-1.7s	-1.7s	-1700	-48	-1500	var(--dance-moves-neg-48t)	Replace the literal/variable with a DanceMoves tick property; use deferStart or onNextInterval when the delay represents musical boundary alignment rather than phase staggering.
310	We Don't Need No Room To Roll	https://kieransimkin.co.uk/we-dont-need-no-room-to-roll/	120	page-inline	inline:attribute:style:58	css-variable	g.epk-vine-lantern	--glow-duration	4s	4s	4000	128	4000	var(--dance-moves-128t)	Replace fixed visual time values with the listed DanceMoves tick properties.
310	We Don't Need No Room To Roll	https://kieransimkin.co.uk/we-dont-need-no-room-to-roll/	120	page-inline	inline:attribute:style:58	css-variable	g.epk-vine-lantern	--glow-delay	-3.2s	-3.2s	-3200	-96	-3000	var(--dance-moves-neg-96t)	Replace the literal/variable with a DanceMoves tick property; use deferStart or onNextInterval when the delay represents musical boundary alignment rather than phase staggering.
310	We Don't Need No Room To Roll	https://kieransimkin.co.uk/we-dont-need-no-room-to-roll/	120	page-inline	inline:attribute:style:59	css-variable	g.epk-vine-lantern	--glow-duration	5.8s	5.8s	5800	192	6000	var(--dance-moves-192t)	Replace fixed visual time values with the listed DanceMoves tick properties.
310	We Don't Need No Room To Roll	https://kieransimkin.co.uk/we-dont-need-no-room-to-roll/	120	page-inline	inline:attribute:style:59	css-variable	g.epk-vine-lantern	--glow-delay	-4.9s	-4.9s	-4900	-160	-5000	var(--dance-moves-neg-160t)	Replace the literal/variable with a DanceMoves tick property; use deferStart or onNextInterval when the delay represents musical boundary alignment rather than phase staggering.
310	We Don't Need No Room To Roll	https://kieransimkin.co.uk/we-dont-need-no-room-to-roll/	120	page-inline	inline:attribute:style:60	css-variable	g.epk-vine-lantern	--glow-duration	4.8s	4.8s	4800	160	5000	var(--dance-moves-160t)	Replace fixed visual time values with the listed DanceMoves tick properties.
310	We Don't Need No Room To Roll	https://kieransimkin.co.uk/we-dont-need-no-room-to-roll/	120	page-inline	inline:attribute:style:60	css-variable	g.epk-vine-lantern	--glow-delay	-2.4s	-2.4s	-2400	-80	-2500	var(--dance-moves-neg-80t)	Replace the literal/variable with a DanceMoves tick property; use deferStart or onNextInterval when the delay represents musical boundary alignment rather than phase staggering.
312	Rupert Lowe for PM	https://kieransimkin.co.uk/rupert-lowe-for-pm/	120	page-inline	inline:style:global-styles-inline-css	css	.wpforms-container .wpforms-image-choices-modern label:not(.wpforms-error)	transition	all 0.5s	0.5s	500	16	500	var(--dance-moves-16t)	Replace each fixed duration with the listed --dance-moves-Nt property; when a class/state change must wait for a boundary, trigger it through deferStart/onNextInterval.
312	Rupert Lowe for PM	https://kieransimkin.co.uk/rupert-lowe-for-pm/	120	page-inline	inline:style:global-styles-inline-css	css	.wpforms-container .wpforms-image-choices-modern .wpforms-image-choices-image:after	transition	all 0.5s	0.5s	500	16	500	var(--dance-moves-16t)	Replace each fixed duration with the listed --dance-moves-Nt property; when a class/state change must wait for a boundary, trigger it through deferStart/onNextInterval.
312	Rupert Lowe for PM	https://kieransimkin.co.uk/rupert-lowe-for-pm/	120	page-inline	inline:style:global-styles-inline-css	css	div.wpforms-container-full input[type=date],div.wpforms-container-full input[type=datetime],div.wpforms-container-full input[type=datetime-local],div.wpforms-container-full input[…	transition	border 0.15s, box-shadow 0.15s	0.15s	150	5	156.25	var(--dance-moves-5t)	Replace each fixed duration with the listed --dance-moves-Nt property; when a class/state change must wait for a boundary, trigger it through deferStart/onNextInterval.
312	Rupert Lowe for PM	https://kieransimkin.co.uk/rupert-lowe-for-pm/	120	page-inline	inline:style:global-styles-inline-css	css	div.wpforms-container-full input[type=date],div.wpforms-container-full input[type=datetime],div.wpforms-container-full input[type=datetime-local],div.wpforms-container-full input[…	transition	border 0.15s, box-shadow 0.15s	0.15s	150	5	156.25	var(--dance-moves-5t)	Replace each fixed duration with the listed --dance-moves-Nt property; when a class/state change must wait for a boundary, trigger it through deferStart/onNextInterval.
312	Rupert Lowe for PM	https://kieransimkin.co.uk/rupert-lowe-for-pm/	120	page-inline	inline:style:global-styles-inline-css	css	div.wpforms-container-full input[type=submit],div.wpforms-container-full button[type=submit],div.wpforms-container-full .wpforms-page-button	transition	all 0.15s ease-in-out	0.15s	150	5	156.25	var(--dance-moves-5t)	Replace each fixed duration with the listed --dance-moves-Nt property; when a class/state change must wait for a boundary, trigger it through deferStart/onNextInterval.
312	Rupert Lowe for PM	https://kieransimkin.co.uk/rupert-lowe-for-pm/	120	page-inline	inline:style:9	css	.epk-button,.epk-download	transition	.25s ease	.25s	250	8	250	var(--dance-moves-8t)	Replace each fixed duration with the listed --dance-moves-Nt property; when a class/state change must wait for a boundary, trigger it through deferStart/onNextInterval.
312	Rupert Lowe for PM	https://kieransimkin.co.uk/rupert-lowe-for-pm/	120	page-inline	inline:style:ks-epk-lyrics-style	css	.ks-epk-lyrics-track summary span[aria-hidden]	transition	transform .2s ease	.2s	200	6	187.5	var(--dance-moves-6t)	Replace each fixed duration with the listed --dance-moves-Nt property; when a class/state change must wait for a boundary, trigger it through deferStart/onNextInterval.
312	Rupert Lowe for PM	https://kieransimkin.co.uk/rupert-lowe-for-pm/	120	page-inline	inline:style:ks-epk-lyrics-style	css	@media(prefers-reduced-motion:reduce){.ks-epk-lyrics-track summary span[aria-hidden]	transition	none						Keep unchanged; reduced-motion/accessibility override is authoritative.
314	Parallel Life (feat. North Laine)	https://kieransimkin.co.uk/parallel-life-feat-north-laine/	120	page-inline	inline:style:global-styles-inline-css	css	.wpforms-container .wpforms-image-choices-modern label:not(.wpforms-error)	transition	all 0.5s	0.5s	500	16	500	var(--dance-moves-16t)	Replace each fixed duration with the listed --dance-moves-Nt property; when a class/state change must wait for a boundary, trigger it through deferStart/onNextInterval.
314	Parallel Life (feat. North Laine)	https://kieransimkin.co.uk/parallel-life-feat-north-laine/	120	page-inline	inline:style:global-styles-inline-css	css	.wpforms-container .wpforms-image-choices-modern .wpforms-image-choices-image:after	transition	all 0.5s	0.5s	500	16	500	var(--dance-moves-16t)	Replace each fixed duration with the listed --dance-moves-Nt property; when a class/state change must wait for a boundary, trigger it through deferStart/onNextInterval.
314	Parallel Life (feat. North Laine)	https://kieransimkin.co.uk/parallel-life-feat-north-laine/	120	page-inline	inline:style:global-styles-inline-css	css	div.wpforms-container-full input[type=date],div.wpforms-container-full input[type=datetime],div.wpforms-container-full input[type=datetime-local],div.wpforms-container-full input[…	transition	border 0.15s, box-shadow 0.15s	0.15s	150	5	156.25	var(--dance-moves-5t)	Replace each fixed duration with the listed --dance-moves-Nt property; when a class/state change must wait for a boundary, trigger it through deferStart/onNextInterval.
314	Parallel Life (feat. North Laine)	https://kieransimkin.co.uk/parallel-life-feat-north-laine/	120	page-inline	inline:style:global-styles-inline-css	css	div.wpforms-container-full input[type=date],div.wpforms-container-full input[type=datetime],div.wpforms-container-full input[type=datetime-local],div.wpforms-container-full input[…	transition	border 0.15s, box-shadow 0.15s	0.15s	150	5	156.25	var(--dance-moves-5t)	Replace each fixed duration with the listed --dance-moves-Nt property; when a class/state change must wait for a boundary, trigger it through deferStart/onNextInterval.
314	Parallel Life (feat. North Laine)	https://kieransimkin.co.uk/parallel-life-feat-north-laine/	120	page-inline	inline:style:global-styles-inline-css	css	div.wpforms-container-full input[type=submit],div.wpforms-container-full button[type=submit],div.wpforms-container-full .wpforms-page-button	transition	all 0.15s ease-in-out	0.15s	150	5	156.25	var(--dance-moves-5t)	Replace each fixed duration with the listed --dance-moves-Nt property; when a class/state change must wait for a boundary, trigger it through deferStart/onNextInterval.
314	Parallel Life (feat. North Laine)	https://kieransimkin.co.uk/parallel-life-feat-north-laine/	120	page-inline	inline:style:9	css	.epk-button,.epk-download	transition	.25s ease	.25s	250	8	250	var(--dance-moves-8t)	Replace each fixed duration with the listed --dance-moves-Nt property; when a class/state change must wait for a boundary, trigger it through deferStart/onNextInterval.
314	Parallel Life (feat. North Laine)	https://kieransimkin.co.uk/parallel-life-feat-north-laine/	120	page-inline	inline:style:ks-epk-lyrics-style	css	.ks-epk-lyrics-track summary span[aria-hidden]	transition	transform .2s ease	.2s	200	6	187.5	var(--dance-moves-6t)	Replace each fixed duration with the listed --dance-moves-Nt property; when a class/state change must wait for a boundary, trigger it through deferStart/onNextInterval.
314	Parallel Life (feat. North Laine)	https://kieransimkin.co.uk/parallel-life-feat-north-laine/	120	page-inline	inline:style:ks-epk-lyrics-style	css	@media(prefers-reduced-motion:reduce){.ks-epk-lyrics-track summary span[aria-hidden]	transition	none						Keep unchanged; reduced-motion/accessibility override is authoritative.
316	Alfie	https://kieransimkin.co.uk/alfie/	120	page-inline	inline:style:global-styles-inline-css	css	.wpforms-container .wpforms-image-choices-modern label:not(.wpforms-error)	transition	all 0.5s	0.5s	500	16	500	var(--dance-moves-16t)	Replace each fixed duration with the listed --dance-moves-Nt property; when a class/state change must wait for a boundary, trigger it through deferStart/onNextInterval.
316	Alfie	https://kieransimkin.co.uk/alfie/	120	page-inline	inline:style:global-styles-inline-css	css	.wpforms-container .wpforms-image-choices-modern .wpforms-image-choices-image:after	transition	all 0.5s	0.5s	500	16	500	var(--dance-moves-16t)	Replace each fixed duration with the listed --dance-moves-Nt property; when a class/state change must wait for a boundary, trigger it through deferStart/onNextInterval.
316	Alfie	https://kieransimkin.co.uk/alfie/	120	page-inline	inline:style:global-styles-inline-css	css	div.wpforms-container-full input[type=date],div.wpforms-container-full input[type=datetime],div.wpforms-container-full input[type=datetime-local],div.wpforms-container-full input[…	transition	border 0.15s, box-shadow 0.15s	0.15s	150	5	156.25	var(--dance-moves-5t)	Replace each fixed duration with the listed --dance-moves-Nt property; when a class/state change must wait for a boundary, trigger it through deferStart/onNextInterval.
316	Alfie	https://kieransimkin.co.uk/alfie/	120	page-inline	inline:style:global-styles-inline-css	css	div.wpforms-container-full input[type=date],div.wpforms-container-full input[type=datetime],div.wpforms-container-full input[type=datetime-local],div.wpforms-container-full input[…	transition	border 0.15s, box-shadow 0.15s	0.15s	150	5	156.25	var(--dance-moves-5t)	Replace each fixed duration with the listed --dance-moves-Nt property; when a class/state change must wait for a boundary, trigger it through deferStart/onNextInterval.
316	Alfie	https://kieransimkin.co.uk/alfie/	120	page-inline	inline:style:global-styles-inline-css	css	div.wpforms-container-full input[type=submit],div.wpforms-container-full button[type=submit],div.wpforms-container-full .wpforms-page-button	transition	all 0.15s ease-in-out	0.15s	150	5	156.25	var(--dance-moves-5t)	Replace each fixed duration with the listed --dance-moves-Nt property; when a class/state change must wait for a boundary, trigger it through deferStart/onNextInterval.
316	Alfie	https://kieransimkin.co.uk/alfie/	120	page-inline	inline:style:9	css	.epk-button,.epk-download	transition	.25s ease	.25s	250	8	250	var(--dance-moves-8t)	Replace each fixed duration with the listed --dance-moves-Nt property; when a class/state change must wait for a boundary, trigger it through deferStart/onNextInterval.
316	Alfie	https://kieransimkin.co.uk/alfie/	120	page-inline	inline:style:ks-epk-lyrics-style	css	.ks-epk-lyrics-track summary span[aria-hidden]	transition	transform .2s ease	.2s	200	6	187.5	var(--dance-moves-6t)	Replace each fixed duration with the listed --dance-moves-Nt property; when a class/state change must wait for a boundary, trigger it through deferStart/onNextInterval.
316	Alfie	https://kieransimkin.co.uk/alfie/	120	page-inline	inline:style:ks-epk-lyrics-style	css	@media(prefers-reduced-motion:reduce){.ks-epk-lyrics-track summary span[aria-hidden]	transition	none						Keep unchanged; reduced-motion/accessibility override is authoritative.
318	Mouse Ali Bye Bye (موش علی بای بای)	https://kieransimkin.co.uk/mouse-ali-bye-bye/	120	page-inline	inline:style:global-styles-inline-css	css	.wpforms-container .wpforms-image-choices-modern label:not(.wpforms-error)	transition	all 0.5s	0.5s	500	16	500	var(--dance-moves-16t)	Replace each fixed duration with the listed --dance-moves-Nt property; when a class/state change must wait for a boundary, trigger it through deferStart/onNextInterval.
318	Mouse Ali Bye Bye (موش علی بای بای)	https://kieransimkin.co.uk/mouse-ali-bye-bye/	120	page-inline	inline:style:global-styles-inline-css	css	.wpforms-container .wpforms-image-choices-modern .wpforms-image-choices-image:after	transition	all 0.5s	0.5s	500	16	500	var(--dance-moves-16t)	Replace each fixed duration with the listed --dance-moves-Nt property; when a class/state change must wait for a boundary, trigger it through deferStart/onNextInterval.
318	Mouse Ali Bye Bye (موش علی بای بای)	https://kieransimkin.co.uk/mouse-ali-bye-bye/	120	page-inline	inline:style:global-styles-inline-css	css	div.wpforms-container-full input[type=date],div.wpforms-container-full input[type=datetime],div.wpforms-container-full input[type=datetime-local],div.wpforms-container-full input[…	transition	border 0.15s, box-shadow 0.15s	0.15s	150	5	156.25	var(--dance-moves-5t)	Replace each fixed duration with the listed --dance-moves-Nt property; when a class/state change must wait for a boundary, trigger it through deferStart/onNextInterval.
318	Mouse Ali Bye Bye (موش علی بای بای)	https://kieransimkin.co.uk/mouse-ali-bye-bye/	120	page-inline	inline:style:global-styles-inline-css	css	div.wpforms-container-full input[type=date],div.wpforms-container-full input[type=datetime],div.wpforms-container-full input[type=datetime-local],div.wpforms-container-full input[…	transition	border 0.15s, box-shadow 0.15s	0.15s	150	5	156.25	var(--dance-moves-5t)	Replace each fixed duration with the listed --dance-moves-Nt property; when a class/state change must wait for a boundary, trigger it through deferStart/onNextInterval.
318	Mouse Ali Bye Bye (موش علی بای بای)	https://kieransimkin.co.uk/mouse-ali-bye-bye/	120	page-inline	inline:style:global-styles-inline-css	css	div.wpforms-container-full input[type=submit],div.wpforms-container-full button[type=submit],div.wpforms-container-full .wpforms-page-button	transition	all 0.15s ease-in-out	0.15s	150	5	156.25	var(--dance-moves-5t)	Replace each fixed duration with the listed --dance-moves-Nt property; when a class/state change must wait for a boundary, trigger it through deferStart/onNextInterval.
318	Mouse Ali Bye Bye (موش علی بای بای)	https://kieransimkin.co.uk/mouse-ali-bye-bye/	120	page-inline	inline:style:9	css	.epk-button,.epk-download	transition	.25s ease	.25s	250	8	250	var(--dance-moves-8t)	Replace each fixed duration with the listed --dance-moves-Nt property; when a class/state change must wait for a boundary, trigger it through deferStart/onNextInterval.
318	Mouse Ali Bye Bye (موش علی بای بای)	https://kieransimkin.co.uk/mouse-ali-bye-bye/	120	page-inline	inline:style:ks-epk-lyrics-style	css	.ks-epk-lyrics-track summary span[aria-hidden]	transition	transform .2s ease	.2s	200	6	187.5	var(--dance-moves-6t)	Replace each fixed duration with the listed --dance-moves-Nt property; when a class/state change must wait for a boundary, trigger it through deferStart/onNextInterval.
318	Mouse Ali Bye Bye (موش علی بای بای)	https://kieransimkin.co.uk/mouse-ali-bye-bye/	120	page-inline	inline:style:ks-epk-lyrics-style	css	@media(prefers-reduced-motion:reduce){.ks-epk-lyrics-track summary span[aria-hidden]	transition	none						Keep unchanged; reduced-motion/accessibility override is authoritative.
320	So Slow Down	https://kieransimkin.co.uk/so-slow-down/	120	page-inline	inline:style:global-styles-inline-css	css	.wpforms-container .wpforms-image-choices-modern label:not(.wpforms-error)	transition	all 0.5s	0.5s	500	16	500	var(--dance-moves-16t)	Replace each fixed duration with the listed --dance-moves-Nt property; when a class/state change must wait for a boundary, trigger it through deferStart/onNextInterval.
320	So Slow Down	https://kieransimkin.co.uk/so-slow-down/	120	page-inline	inline:style:global-styles-inline-css	css	.wpforms-container .wpforms-image-choices-modern .wpforms-image-choices-image:after	transition	all 0.5s	0.5s	500	16	500	var(--dance-moves-16t)	Replace each fixed duration with the listed --dance-moves-Nt property; when a class/state change must wait for a boundary, trigger it through deferStart/onNextInterval.
320	So Slow Down	https://kieransimkin.co.uk/so-slow-down/	120	page-inline	inline:style:global-styles-inline-css	css	div.wpforms-container-full input[type=date],div.wpforms-container-full input[type=datetime],div.wpforms-container-full input[type=datetime-local],div.wpforms-container-full input[…	transition	border 0.15s, box-shadow 0.15s	0.15s	150	5	156.25	var(--dance-moves-5t)	Replace each fixed duration with the listed --dance-moves-Nt property; when a class/state change must wait for a boundary, trigger it through deferStart/onNextInterval.
320	So Slow Down	https://kieransimkin.co.uk/so-slow-down/	120	page-inline	inline:style:global-styles-inline-css	css	div.wpforms-container-full input[type=date],div.wpforms-container-full input[type=datetime],div.wpforms-container-full input[type=datetime-local],div.wpforms-container-full input[…	transition	border 0.15s, box-shadow 0.15s	0.15s	150	5	156.25	var(--dance-moves-5t)	Replace each fixed duration with the listed --dance-moves-Nt property; when a class/state change must wait for a boundary, trigger it through deferStart/onNextInterval.
320	So Slow Down	https://kieransimkin.co.uk/so-slow-down/	120	page-inline	inline:style:global-styles-inline-css	css	div.wpforms-container-full input[type=submit],div.wpforms-container-full button[type=submit],div.wpforms-container-full .wpforms-page-button	transition	all 0.15s ease-in-out	0.15s	150	5	156.25	var(--dance-moves-5t)	Replace each fixed duration with the listed --dance-moves-Nt property; when a class/state change must wait for a boundary, trigger it through deferStart/onNextInterval.
320	So Slow Down	https://kieransimkin.co.uk/so-slow-down/	120	page-inline	inline:style:9	css	.epk-button,.epk-download	transition	.25s ease	.25s	250	8	250	var(--dance-moves-8t)	Replace each fixed duration with the listed --dance-moves-Nt property; when a class/state change must wait for a boundary, trigger it through deferStart/onNextInterval.
320	So Slow Down	https://kieransimkin.co.uk/so-slow-down/	120	page-inline	inline:style:ks-epk-lyrics-style	css	.ks-epk-lyrics-track summary span[aria-hidden]	transition	transform .2s ease	.2s	200	6	187.5	var(--dance-moves-6t)	Replace each fixed duration with the listed --dance-moves-Nt property; when a class/state change must wait for a boundary, trigger it through deferStart/onNextInterval.
320	So Slow Down	https://kieransimkin.co.uk/so-slow-down/	120	page-inline	inline:style:ks-epk-lyrics-style	css	@media(prefers-reduced-motion:reduce){.ks-epk-lyrics-track summary span[aria-hidden]	transition	none						Keep unchanged; reduced-motion/accessibility override is authoritative.
322	Return of Freedom (بازگشت آزادی)	https://kieransimkin.co.uk/return-of-freedom/	120	page-inline	inline:style:global-styles-inline-css	css	.wpforms-container .wpforms-image-choices-modern label:not(.wpforms-error)	transition	all 0.5s	0.5s	500	16	500	var(--dance-moves-16t)	Replace each fixed duration with the listed --dance-moves-Nt property; when a class/state change must wait for a boundary, trigger it through deferStart/onNextInterval.
322	Return of Freedom (بازگشت آزادی)	https://kieransimkin.co.uk/return-of-freedom/	120	page-inline	inline:style:global-styles-inline-css	css	.wpforms-container .wpforms-image-choices-modern .wpforms-image-choices-image:after	transition	all 0.5s	0.5s	500	16	500	var(--dance-moves-16t)	Replace each fixed duration with the listed --dance-moves-Nt property; when a class/state change must wait for a boundary, trigger it through deferStart/onNextInterval.
322	Return of Freedom (بازگشت آزادی)	https://kieransimkin.co.uk/return-of-freedom/	120	page-inline	inline:style:global-styles-inline-css	css	div.wpforms-container-full input[type=date],div.wpforms-container-full input[type=datetime],div.wpforms-container-full input[type=datetime-local],div.wpforms-container-full input[…	transition	border 0.15s, box-shadow 0.15s	0.15s	150	5	156.25	var(--dance-moves-5t)	Replace each fixed duration with the listed --dance-moves-Nt property; when a class/state change must wait for a boundary, trigger it through deferStart/onNextInterval.
322	Return of Freedom (بازگشت آزادی)	https://kieransimkin.co.uk/return-of-freedom/	120	page-inline	inline:style:global-styles-inline-css	css	div.wpforms-container-full input[type=date],div.wpforms-container-full input[type=datetime],div.wpforms-container-full input[type=datetime-local],div.wpforms-container-full input[…	transition	border 0.15s, box-shadow 0.15s	0.15s	150	5	156.25	var(--dance-moves-5t)	Replace each fixed duration with the listed --dance-moves-Nt property; when a class/state change must wait for a boundary, trigger it through deferStart/onNextInterval.
322	Return of Freedom (بازگشت آزادی)	https://kieransimkin.co.uk/return-of-freedom/	120	page-inline	inline:style:global-styles-inline-css	css	div.wpforms-container-full input[type=submit],div.wpforms-container-full button[type=submit],div.wpforms-container-full .wpforms-page-button	transition	all 0.15s ease-in-out	0.15s	150	5	156.25	var(--dance-moves-5t)	Replace each fixed duration with the listed --dance-moves-Nt property; when a class/state change must wait for a boundary, trigger it through deferStart/onNextInterval.
322	Return of Freedom (بازگشت آزادی)	https://kieransimkin.co.uk/return-of-freedom/	120	page-inline	inline:style:9	css	.epk-button,.epk-download	transition	.25s ease	.25s	250	8	250	var(--dance-moves-8t)	Replace each fixed duration with the listed --dance-moves-Nt property; when a class/state change must wait for a boundary, trigger it through deferStart/onNextInterval.
322	Return of Freedom (بازگشت آزادی)	https://kieransimkin.co.uk/return-of-freedom/	120	page-inline	inline:style:ks-epk-lyrics-style	css	.ks-epk-lyrics-track summary span[aria-hidden]	transition	transform .2s ease	.2s	200	6	187.5	var(--dance-moves-6t)	Replace each fixed duration with the listed --dance-moves-Nt property; when a class/state change must wait for a boundary, trigger it through deferStart/onNextInterval.
322	Return of Freedom (بازگشت آزادی)	https://kieransimkin.co.uk/return-of-freedom/	120	page-inline	inline:style:ks-epk-lyrics-style	css	@media(prefers-reduced-motion:reduce){.ks-epk-lyrics-track summary span[aria-hidden]	transition	none						Keep unchanged; reduced-motion/accessibility override is authoritative.
137	Birth Stories	https://kieransimkin.co.uk/birth-stories/	120	page-inline	inline:style:global-styles-inline-css	css	.wpforms-container .wpforms-image-choices-modern label:not(.wpforms-error)	transition	all 0.5s	0.5s	500	16	500	var(--dance-moves-16t)	Replace each fixed duration with the listed --dance-moves-Nt property; when a class/state change must wait for a boundary, trigger it through deferStart/onNextInterval.
137	Birth Stories	https://kieransimkin.co.uk/birth-stories/	120	page-inline	inline:style:global-styles-inline-css	css	.wpforms-container .wpforms-image-choices-modern .wpforms-image-choices-image:after	transition	all 0.5s	0.5s	500	16	500	var(--dance-moves-16t)	Replace each fixed duration with the listed --dance-moves-Nt property; when a class/state change must wait for a boundary, trigger it through deferStart/onNextInterval.
137	Birth Stories	https://kieransimkin.co.uk/birth-stories/	120	page-inline	inline:style:global-styles-inline-css	css	div.wpforms-container-full input[type=date],div.wpforms-container-full input[type=datetime],div.wpforms-container-full input[type=datetime-local],div.wpforms-container-full input[…	transition	border 0.15s, box-shadow 0.15s	0.15s	150	5	156.25	var(--dance-moves-5t)	Replace each fixed duration with the listed --dance-moves-Nt property; when a class/state change must wait for a boundary, trigger it through deferStart/onNextInterval.
137	Birth Stories	https://kieransimkin.co.uk/birth-stories/	120	page-inline	inline:style:global-styles-inline-css	css	div.wpforms-container-full input[type=date],div.wpforms-container-full input[type=datetime],div.wpforms-container-full input[type=datetime-local],div.wpforms-container-full input[…	transition	border 0.15s, box-shadow 0.15s	0.15s	150	5	156.25	var(--dance-moves-5t)	Replace each fixed duration with the listed --dance-moves-Nt property; when a class/state change must wait for a boundary, trigger it through deferStart/onNextInterval.
137	Birth Stories	https://kieransimkin.co.uk/birth-stories/	120	page-inline	inline:style:global-styles-inline-css	css	div.wpforms-container-full input[type=submit],div.wpforms-container-full button[type=submit],div.wpforms-container-full .wpforms-page-button	transition	all 0.15s ease-in-out	0.15s	150	5	156.25	var(--dance-moves-5t)	Replace each fixed duration with the listed --dance-moves-Nt property; when a class/state change must wait for a boundary, trigger it through deferStart/onNextInterval.
137	Birth Stories	https://kieransimkin.co.uk/birth-stories/	120	page-inline	inline:style:9	css	.birth-stories-page::before	transition	opacity .7s ease	.7s	700	16	500	var(--dance-moves-16t)	Replace each fixed duration with the listed --dance-moves-Nt property; when a class/state change must wait for a boundary, trigger it through deferStart/onNextInterval.
137	Birth Stories	https://kieransimkin.co.uk/birth-stories/	120	page-inline	inline:style:9	css	.birth-stories-organic-field .birth-stories-bruise	animation	birth-stories-bruise-life 28s ease-in-out infinite	28s	28000	896	28000	var(--dance-moves-896t)	Replace each fixed duration with the listed --dance-moves-Nt property, register the page animation scope, and use a 16- or 64-tick deferred start for beat/bar alignment when audio-driven.
137	Birth Stories	https://kieransimkin.co.uk/birth-stories/	120	page-inline	inline:style:9	css	.birth-stories-organic-field .birth-stories-breath	animation	birth-stories-breath-life 34s ease-in-out infinite	34s	34000	1088	34000	var(--dance-moves-1088t)	Replace each fixed duration with the listed --dance-moves-Nt property, register the page animation scope, and use a 16- or 64-tick deferred start for beat/bar alignment when audio-driven.
137	Birth Stories	https://kieransimkin.co.uk/birth-stories/	120	page-inline	inline:style:9	css	.birth-stories-organic-field .birth-stories-cold	animation	birth-stories-cold-life 38s ease-in-out infinite	38s	38000	1216	38000	var(--dance-moves-1216t)	Replace each fixed duration with the listed --dance-moves-Nt property, register the page animation scope, and use a 16- or 64-tick deferred start for beat/bar alignment when audio-driven.
137	Birth Stories	https://kieransimkin.co.uk/birth-stories/	120	page-inline	inline:style:9	css	.birth-stories-art::before	animation	birth-stories-art-life 14s ease-in-out infinite	14s	14000	448	14000	var(--dance-moves-448t)	Replace each fixed duration with the listed --dance-moves-Nt property, register the page animation scope, and use a 16- or 64-tick deferred start for beat/bar alignment when audio-driven.
137	Birth Stories	https://kieransimkin.co.uk/birth-stories/	120	page-inline	inline:style:9	css	.birth-stories-art::after	animation	birth-stories-room-light 18s ease-in-out infinite	18s	18000	576	18000	var(--dance-moves-576t)	Replace each fixed duration with the listed --dance-moves-Nt property, register the page animation scope, and use a 16- or 64-tick deferred start for beat/bar alignment when audio-driven.
137	Birth Stories	https://kieransimkin.co.uk/birth-stories/	120	page-inline	inline:style:9	css	.birth-stories-page h1::after	animation	birth-stories-title-life 16s ease-in-out infinite	16s	16000	512	16000	var(--dance-moves-512t)	Replace each fixed duration with the listed --dance-moves-Nt property, register the page animation scope, and use a 16- or 64-tick deferred start for beat/bar alignment when audio-driven.
137	Birth Stories	https://kieransimkin.co.uk/birth-stories/	120	page-inline	inline:style:9	css	.birth-stories-button	transition	border-color .25s ease,background-color .25s ease,box-shadow .25s ease	.25s	250	8	250	var(--dance-moves-8t)	Replace each fixed duration with the listed --dance-moves-Nt property; when a class/state change must wait for a boundary, trigger it through deferStart/onNextInterval.
137	Birth Stories	https://kieransimkin.co.uk/birth-stories/	120	page-inline	inline:style:9	css	.birth-stories-button	transition	border-color .25s ease,background-color .25s ease,box-shadow .25s ease	.25s	250	8	250	var(--dance-moves-8t)	Replace each fixed duration with the listed --dance-moves-Nt property; when a class/state change must wait for a boundary, trigger it through deferStart/onNextInterval.
137	Birth Stories	https://kieransimkin.co.uk/birth-stories/	120	page-inline	inline:style:9	css	.birth-stories-button	transition	border-color .25s ease,background-color .25s ease,box-shadow .25s ease	.25s	250	8	250	var(--dance-moves-8t)	Replace each fixed duration with the listed --dance-moves-Nt property; when a class/state change must wait for a boundary, trigger it through deferStart/onNextInterval.
137	Birth Stories	https://kieransimkin.co.uk/birth-stories/	120	page-inline	inline:style:9	css	.birth-stories-preview	transition	border-color .4s ease,box-shadow .4s ease	.4s	400	13	406.25	var(--dance-moves-13t)	Replace each fixed duration with the listed --dance-moves-Nt property; when a class/state change must wait for a boundary, trigger it through deferStart/onNextInterval.
137	Birth Stories	https://kieransimkin.co.uk/birth-stories/	120	page-inline	inline:style:9	css	.birth-stories-preview	transition	border-color .4s ease,box-shadow .4s ease	.4s	400	13	406.25	var(--dance-moves-13t)	Replace each fixed duration with the listed --dance-moves-Nt property; when a class/state change must wait for a boundary, trigger it through deferStart/onNextInterval.
137	Birth Stories	https://kieransimkin.co.uk/birth-stories/	120	page-inline	inline:style:9	css	.birth-stories-preview::before	transition	border-color .4s ease,box-shadow .4s ease	.4s	400	13	406.25	var(--dance-moves-13t)	Replace each fixed duration with the listed --dance-moves-Nt property; when a class/state change must wait for a boundary, trigger it through deferStart/onNextInterval.
137	Birth Stories	https://kieransimkin.co.uk/birth-stories/	120	page-inline	inline:style:9	css	.birth-stories-preview::before	transition	border-color .4s ease,box-shadow .4s ease	.4s	400	13	406.25	var(--dance-moves-13t)	Replace each fixed duration with the listed --dance-moves-Nt property; when a class/state change must wait for a boundary, trigger it through deferStart/onNextInterval.
137	Birth Stories	https://kieransimkin.co.uk/birth-stories/	120	page-inline	inline:style:9	css	.birth-stories-page.is-listening .birth-stories-art::before	animation-duration	5.5s	5.5s	5500	176	5500	var(--dance-moves-176t)	Replace each fixed duration with the listed --dance-moves-Nt property, register the page animation scope, and use a 16- or 64-tick deferred start for beat/bar alignment when audio-driven.
137	Birth Stories	https://kieransimkin.co.uk/birth-stories/	120	page-inline	inline:style:9	css	.birth-stories-page.is-listening .birth-stories-organic-field .birth-stories-bruise	animation-duration	9s	9s	9000	288	9000	var(--dance-moves-288t)	Replace each fixed duration with the listed --dance-moves-Nt property, register the page animation scope, and use a 16- or 64-tick deferred start for beat/bar alignment when audio-driven.
137	Birth Stories	https://kieransimkin.co.uk/birth-stories/	120	page-inline	inline:style:9	css	.birth-stories-quote::before	animation	birth-stories-scar-life 12s ease-in-out infinite	12s	12000	384	12000	var(--dance-moves-384t)	Replace each fixed duration with the listed --dance-moves-Nt property, register the page animation scope, and use a 16- or 64-tick deferred start for beat/bar alignment when audio-driven.
137	Birth Stories	https://kieransimkin.co.uk/birth-stories/	120	page-inline	inline:style:9	css	.birth-stories-quote::after	animation	birth-stories-quote-life 18s ease-in-out infinite	18s	18000	576	18000	var(--dance-moves-576t)	Replace each fixed duration with the listed --dance-moves-Nt property, register the page animation scope, and use a 16- or 64-tick deferred start for beat/bar alignment when audio-driven.
137	Birth Stories	https://kieransimkin.co.uk/birth-stories/	120	page-inline	inline:style:9	css	.birth-stories-links a::after	transition	transform .35s ease	.35s	350	11	343.75	var(--dance-moves-11t)	Replace each fixed duration with the listed --dance-moves-Nt property; when a class/state change must wait for a boundary, trigger it through deferStart/onNextInterval.
137	Birth Stories	https://kieransimkin.co.uk/birth-stories/	120	page-inline	inline:style:9	css	.birth-stories-living-lines	transition	opacity .8s ease	.8s	800	32	1000	var(--dance-moves-32t)	Replace each fixed duration with the listed --dance-moves-Nt property; when a class/state change must wait for a boundary, trigger it through deferStart/onNextInterval.
137	Birth Stories	https://kieransimkin.co.uk/birth-stories/	120	page-inline	inline:style:9	css	.birth-stories-living-lines .filament	animation	birth-stories-filament-flow 22s linear infinite	22s	22000	704	22000	var(--dance-moves-704t)	Replace each fixed duration with the listed --dance-moves-Nt property, register the page animation scope, and use a 16- or 64-tick deferred start for beat/bar alignment when audio-driven.
137	Birth Stories	https://kieransimkin.co.uk/birth-stories/	120	page-inline	inline:style:9	css	.birth-stories-living-lines .filament.secondary	animation-duration	31s	31s	31000	992	31000	var(--dance-moves-992t)	Replace each fixed duration with the listed --dance-moves-Nt property, register the page animation scope, and use a 16- or 64-tick deferred start for beat/bar alignment when audio-driven.
137	Birth Stories	https://kieransimkin.co.uk/birth-stories/	120	page-inline	inline:style:9	css	.birth-stories-living-lines .filament.secondary	animation-direction	reverse						Replace each fixed duration with the listed --dance-moves-Nt property, register the page animation scope, and use a 16- or 64-tick deferred start for beat/bar alignment when audio-driven.
137	Birth Stories	https://kieransimkin.co.uk/birth-stories/	120	page-inline	inline:style:9	css	.birth-stories-living-lines .filament.fine	animation-duration	11s	11s	11000	352	11000	var(--dance-moves-352t)	Replace each fixed duration with the listed --dance-moves-Nt property, register the page animation scope, and use a 16- or 64-tick deferred start for beat/bar alignment when audio-driven.
137	Birth Stories	https://kieransimkin.co.uk/birth-stories/	120	page-inline	inline:style:9	css	.birth-stories-living-lines .filament.fine.reverse	animation-direction	reverse						Replace each fixed duration with the listed --dance-moves-Nt property, register the page animation scope, and use a 16- or 64-tick deferred start for beat/bar alignment when audio-driven.
137	Birth Stories	https://kieransimkin.co.uk/birth-stories/	120	page-inline	inline:style:9	css	.birth-stories-living-lines .filament.fine.reverse	animation-duration	13s	13s	13000	416	13000	var(--dance-moves-416t)	Replace each fixed duration with the listed --dance-moves-Nt property, register the page animation scope, and use a 16- or 64-tick deferred start for beat/bar alignment when audio-driven.
137	Birth Stories	https://kieransimkin.co.uk/birth-stories/	120	page-inline	inline:style:9	css	.birth-stories-living-lines .filament.micro	animation-duration	4.1s	4.1s	4100	128	4000	var(--dance-moves-128t)	Replace each fixed duration with the listed --dance-moves-Nt property, register the page animation scope, and use a 16- or 64-tick deferred start for beat/bar alignment when audio-driven.
137	Birth Stories	https://kieransimkin.co.uk/birth-stories/	120	page-inline	inline:style:9	css	.birth-stories-living-lines .filament.micro	animation-delay	var(--micro-delay,0s)	0s	0				Replace the literal/variable with a DanceMoves tick property; use deferStart or onNextInterval when the delay represents musical boundary alignment rather than phase staggering.
137	Birth Stories	https://kieransimkin.co.uk/birth-stories/	120	page-inline	inline:style:9	css	.birth-stories-living-lines .filament.micro.reverse	animation-direction	reverse						Replace each fixed duration with the listed --dance-moves-Nt property, register the page animation scope, and use a 16- or 64-tick deferred start for beat/bar alignment when audio-driven.
137	Birth Stories	https://kieransimkin.co.uk/birth-stories/	120	page-inline	inline:style:9	css	.birth-stories-living-lines .filament.micro.reverse	animation-duration	4.9s	4.9s	4900	160	5000	var(--dance-moves-160t)	Replace each fixed duration with the listed --dance-moves-Nt property, register the page animation scope, and use a 16- or 64-tick deferred start for beat/bar alignment when audio-driven.
137	Birth Stories	https://kieransimkin.co.uk/birth-stories/	120	page-inline	inline:style:9	css	.birth-stories-living-lines .node	animation	birth-stories-node-life 9s ease-in-out infinite	9s	9000	288	9000	var(--dance-moves-288t)	Replace each fixed duration with the listed --dance-moves-Nt property, register the page animation scope, and use a 16- or 64-tick deferred start for beat/bar alignment when audio-driven.
137	Birth Stories	https://kieransimkin.co.uk/birth-stories/	120	page-inline	inline:style:9	css	.birth-stories-living-lines .node.cold	animation-delay	-3s	-3s	-3000	-96	-3000	var(--dance-moves-neg-96t)	Replace the literal/variable with a DanceMoves tick property; use deferStart or onNextInterval when the delay represents musical boundary alignment rather than phase staggering.
137	Birth Stories	https://kieransimkin.co.uk/birth-stories/	120	page-inline	inline:style:9	css	.birth-stories-page.is-listening .birth-stories-living-lines .filament	animation-duration	8s	8s	8000	256	8000	var(--dance-moves-256t)	Replace each fixed duration with the listed --dance-moves-Nt property, register the page animation scope, and use a 16- or 64-tick deferred start for beat/bar alignment when audio-driven.
137	Birth Stories	https://kieransimkin.co.uk/birth-stories/	120	page-inline	inline:style:9	css	.birth-stories-page.is-listening .birth-stories-living-lines .filament.fine	animation-duration	4.5s	4.5s	4500	144	4500	var(--dance-moves-144t)	Replace each fixed duration with the listed --dance-moves-Nt property, register the page animation scope, and use a 16- or 64-tick deferred start for beat/bar alignment when audio-driven.
137	Birth Stories	https://kieransimkin.co.uk/birth-stories/	120	page-inline	inline:style:9	css	.birth-stories-page.is-listening .birth-stories-living-lines .filament.micro	animation-duration	1.7s	1.7s	1700	48	1500	var(--dance-moves-48t)	Replace each fixed duration with the listed --dance-moves-Nt property, register the page animation scope, and use a 16- or 64-tick deferred start for beat/bar alignment when audio-driven.
137	Birth Stories	https://kieransimkin.co.uk/birth-stories/	120	page-inline	inline:style:9	css	.birth-stories-page.is-listening .birth-stories-living-lines .node	animation-duration	3.6s	3.6s	3600	112	3500	var(--dance-moves-112t)	Replace each fixed duration with the listed --dance-moves-Nt property, register the page animation scope, and use a 16- or 64-tick deferred start for beat/bar alignment when audio-driven.
137	Birth Stories	https://kieransimkin.co.uk/birth-stories/	120	page-inline	inline:style:9	css	.birth-stories-video-frame::before	animation	birth-stories-art-life 20s ease-in-out infinite	20s	20000	640	20000	var(--dance-moves-640t)	Replace each fixed duration with the listed --dance-moves-Nt property, register the page animation scope, and use a 16- or 64-tick deferred start for beat/bar alignment when audio-driven.
137	Birth Stories	https://kieransimkin.co.uk/birth-stories/	120	page-inline	inline:style:9	css	@media(prefers-reduced-motion:reduce){.birth-stories-organic-field span,.birth-stories-art::before,.birth-stories-art::after,.birth-stories-page h1::after,.birth-stories-quote::be…	animation	none						Keep unchanged; reduced-motion/accessibility override is authoritative.
137	Birth Stories	https://kieransimkin.co.uk/birth-stories/	120	page-inline	inline:style:9	css	.birth-stories-page::before,.birth-stories-living-lines,.birth-stories-button,.birth-stories-preview,.birth-stories-preview::before,.birth-stories-links a::after	transition	none						Keep unchanged; reduced-motion/accessibility override is authoritative.
137	Birth Stories	https://kieransimkin.co.uk/birth-stories/	120	page-inline	inline:style:ks-epk-lyrics-style	css	.ks-epk-lyrics-track summary span[aria-hidden]	transition	transform .2s ease	.2s	200	6	187.5	var(--dance-moves-6t)	Replace each fixed duration with the listed --dance-moves-Nt property; when a class/state change must wait for a boundary, trigger it through deferStart/onNextInterval.
137	Birth Stories	https://kieransimkin.co.uk/birth-stories/	120	page-inline	inline:style:ks-epk-lyrics-style	css	@media(prefers-reduced-motion:reduce){.ks-epk-lyrics-track summary span[aria-hidden]	transition	none						Keep unchanged; reduced-motion/accessibility override is authoritative.
137	Birth Stories	https://kieransimkin.co.uk/birth-stories/	120	page-inline	inline:script:1	js	addEventListener('play		}); const updateLivingState = () => page?.classList.toggle('is-listening', media.some(item => !item.paused && !item.ended)); media.forEach(item => { item.addEventListener('play', updateLivingState); item.addEventListener('pause', updateLivingState); item.addEventListener('ended', updateLivingState); }); const reducedMotion = window.matchMedia('(prefers-reduced-motion: reduce)'); let pointerFrame = 0; page?.addEventListener('pointermove', (event) => { if (reducedMotion.matches || pointerFrame) return; pointerFram						Keep the audio state driver; move named song moments to DanceMoves.onCue and align optional starts with onNextBeat/onNextBar.
137	Birth Stories	https://kieransimkin.co.uk/birth-stories/	120	page-inline	inline:script:1	js	addEventListener('pause		sList.toggle('is-listening', media.some(item => !item.paused && !item.ended)); media.forEach(item => { item.addEventListener('play', updateLivingState); item.addEventListener('pause', updateLivingState); item.addEventListener('ended', updateLivingState); }); const reducedMotion = window.matchMedia('(prefers-reduced-motion: reduce)'); let pointerFrame = 0; page?.addEventListener('pointermove', (event) => { if (reducedMotion.matches || pointerFrame) return; pointerFrame = requestAnimationFrame(() => { const box = pa						Keep the audio state driver; move named song moments to DanceMoves.onCue and align optional starts with onNextBeat/onNextBar.
137	Birth Stories	https://kieransimkin.co.uk/birth-stories/	120	page-inline	inline:script:1	js	addEventListener('ended		d && !item.ended)); media.forEach(item => { item.addEventListener('play', updateLivingState); item.addEventListener('pause', updateLivingState); item.addEventListener('ended', updateLivingState); }); const reducedMotion = window.matchMedia('(prefers-reduced-motion: reduce)'); let pointerFrame = 0; page?.addEventListener('pointermove', (event) => { if (reducedMotion.matches || pointerFrame) return; pointerFrame = requestAnimationFrame(() => { const box = page.getBoundingClientRect(); const x = Math.max(0,						Keep the audio state driver; move named song moments to DanceMoves.onCue and align optional starts with onNextBeat/onNextBar.
137	Birth Stories	https://kieransimkin.co.uk/birth-stories/	120	page-inline	inline:script:1	js	addEventListener('pointer		addEventListener('ended', updateLivingState); }); const reducedMotion = window.matchMedia('(prefers-reduced-motion: reduce)'); let pointerFrame = 0; page?.addEventListener('pointermove', (event) => { if (reducedMotion.matches || pointerFrame) return; pointerFrame = requestAnimationFrame(() => { const box = page.getBoundingClientRect(); const x = Math.max(0, Math.min(100, ((event.clientX - box.left) / box.width) * 100)); const y = Math.max(0, Math.min(100, ((event.clientY - box.top) / box.height) * 100)); page.styl						Keep the audio state driver; move named song moments to DanceMoves.onCue and align optional starts with onNextBeat/onNextBar.
137	Birth Stories	https://kieransimkin.co.uk/birth-stories/	120	page-inline	inline:script:1	js	requestAnimationFrame		: reduce)'); let pointerFrame = 0; page?.addEventListener('pointermove', (event) => { if (reducedMotion.matches || pointerFrame) return; pointerFrame = requestAnimationFrame(() => { const box = page.getBoundingClientRect(); const x = Math.max(0, Math.min(100, ((event.clientX - box.left) / box.width) * 100)); const y = Math.max(0, Math.min(100, ((event.clientY - box.top) / box.height) * 100)); page.style.setProperty('--life-x', `${x.toFixed(1)}%`); page.style.setProperty('--life-y', `${y.toFixed(1)}%`); poin						Keep the pointer/scroll/sensor/requestAnimationFrame driver event-based; convert only its visual CSS easing or release duration.
137	Birth Stories	https://kieransimkin.co.uk/birth-stories/	120	page-inline	inline:script:1	js	addEventListener('scroll		)}%`); page.style.setProperty('--life-y', `${y.toFixed(1)}%`); pointerFrame = 0; }); }, {passive:true}); let scrollFrame = 0; window.addEventListener('scroll', () => { if (reducedMotion.matches || scrollFrame) return; scrollFrame = requestAnimationFrame(() => { const shift = Math.sin(window.scrollY / 540) * 18; page?.style.setProperty('--living-shift', `${shift.toFixed(1)}px`); scrollFrame = 0; }); }, {passive:true}); })();						Keep the pointer/scroll/sensor/requestAnimationFrame driver event-based; convert only its visual CSS easing or release duration.
137	Birth Stories	https://kieransimkin.co.uk/birth-stories/	120	page-inline	inline:script:1	js	requestAnimationFrame		}, {passive:true}); let scrollFrame = 0; window.addEventListener('scroll', () => { if (reducedMotion.matches || scrollFrame) return; scrollFrame = requestAnimationFrame(() => { const shift = Math.sin(window.scrollY / 540) * 18; page?.style.setProperty('--living-shift', `${shift.toFixed(1)}px`); scrollFrame = 0; }); }, {passive:true}); })();						Keep the pointer/scroll/sensor/requestAnimationFrame driver event-based; convert only its visual CSS easing or release duration.
137	Birth Stories	https://kieransimkin.co.uk/birth-stories/	120	page-inline	inline:attribute:style:2	css-variable	path.filament.micro	--micro-delay	-.8s	-.8s	-800	-32	-1000	var(--dance-moves-neg-32t)	Replace the literal/variable with a DanceMoves tick property; use deferStart or onNextInterval when the delay represents musical boundary alignment rather than phase staggering.
137	Birth Stories	https://kieransimkin.co.uk/birth-stories/	120	page-inline	inline:attribute:style:3	css-variable	path.filament.micro.reverse	--micro-delay	-2.4s	-2.4s	-2400	-80	-2500	var(--dance-moves-neg-80t)	Replace the literal/variable with a DanceMoves tick property; use deferStart or onNextInterval when the delay represents musical boundary alignment rather than phase staggering.
137	Birth Stories	https://kieransimkin.co.uk/birth-stories/	120	page-inline	inline:attribute:style:4	css-variable	path.filament.micro	--micro-delay	-4.1s	-4.1s	-4100	-128	-4000	var(--dance-moves-neg-128t)	Replace the literal/variable with a DanceMoves tick property; use deferStart or onNextInterval when the delay represents musical boundary alignment rather than phase staggering.
137	Birth Stories	https://kieransimkin.co.uk/birth-stories/	120	page-inline	inline:attribute:style:5	css-variable	path.filament.micro.reverse	--micro-delay	-1.6s	-1.6s	-1600	-48	-1500	var(--dance-moves-neg-48t)	Replace the literal/variable with a DanceMoves tick property; use deferStart or onNextInterval when the delay represents musical boundary alignment rather than phase staggering.
137	Birth Stories	https://kieransimkin.co.uk/birth-stories/	120	page-inline	inline:attribute:style:6	css-variable	path.filament.micro	--micro-delay	-3.2s	-3.2s	-3200	-96	-3000	var(--dance-moves-neg-96t)	Replace the literal/variable with a DanceMoves tick property; use deferStart or onNextInterval when the delay represents musical boundary alignment rather than phase staggering.
137	Birth Stories	https://kieransimkin.co.uk/birth-stories/	120	page-inline	inline:attribute:style:7	css-variable	path.filament.micro.reverse	--micro-delay	-5.3s	-5.3s	-5300	-176	-5500	var(--dance-moves-neg-176t)	Replace the literal/variable with a DanceMoves tick property; use deferStart or onNextInterval when the delay represents musical boundary alignment rather than phase staggering.
137	Birth Stories	https://kieransimkin.co.uk/birth-stories/	120	page-inline	inline:attribute:style:8	css-variable	path.filament.micro	--micro-delay	-2.1s	-2.1s	-2100	-64	-2000	var(--dance-moves-neg-64t)	Replace the literal/variable with a DanceMoves tick property; use deferStart or onNextInterval when the delay represents musical boundary alignment rather than phase staggering.
137	Birth Stories	https://kieransimkin.co.uk/birth-stories/	120	page-inline	inline:attribute:style:9	css-variable	path.filament.micro.reverse	--micro-delay	-4.7s	-4.7s	-4700	-144	-4500	var(--dance-moves-neg-144t)	Replace the literal/variable with a DanceMoves tick property; use deferStart or onNextInterval when the delay represents musical boundary alignment rather than phase staggering.
614	Hell Gondola	https://kieransimkin.co.uk/hell-gondola/	120	page-inline	inline:style:global-styles-inline-css	css	.wpforms-container .wpforms-image-choices-modern label:not(.wpforms-error)	transition	all 0.5s	0.5s	500	16	500	var(--dance-moves-16t)	Replace each fixed duration with the listed --dance-moves-Nt property; when a class/state change must wait for a boundary, trigger it through deferStart/onNextInterval.
614	Hell Gondola	https://kieransimkin.co.uk/hell-gondola/	120	page-inline	inline:style:global-styles-inline-css	css	.wpforms-container .wpforms-image-choices-modern .wpforms-image-choices-image:after	transition	all 0.5s	0.5s	500	16	500	var(--dance-moves-16t)	Replace each fixed duration with the listed --dance-moves-Nt property; when a class/state change must wait for a boundary, trigger it through deferStart/onNextInterval.
614	Hell Gondola	https://kieransimkin.co.uk/hell-gondola/	120	page-inline	inline:style:global-styles-inline-css	css	div.wpforms-container-full input[type=date],div.wpforms-container-full input[type=datetime],div.wpforms-container-full input[type=datetime-local],div.wpforms-container-full input[…	transition	border 0.15s, box-shadow 0.15s	0.15s	150	5	156.25	var(--dance-moves-5t)	Replace each fixed duration with the listed --dance-moves-Nt property; when a class/state change must wait for a boundary, trigger it through deferStart/onNextInterval.
614	Hell Gondola	https://kieransimkin.co.uk/hell-gondola/	120	page-inline	inline:style:global-styles-inline-css	css	div.wpforms-container-full input[type=date],div.wpforms-container-full input[type=datetime],div.wpforms-container-full input[type=datetime-local],div.wpforms-container-full input[…	transition	border 0.15s, box-shadow 0.15s	0.15s	150	5	156.25	var(--dance-moves-5t)	Replace each fixed duration with the listed --dance-moves-Nt property; when a class/state change must wait for a boundary, trigger it through deferStart/onNextInterval.
614	Hell Gondola	https://kieransimkin.co.uk/hell-gondola/	120	page-inline	inline:style:global-styles-inline-css	css	div.wpforms-container-full input[type=submit],div.wpforms-container-full button[type=submit],div.wpforms-container-full .wpforms-page-button	transition	all 0.15s ease-in-out	0.15s	150	5	156.25	var(--dance-moves-5t)	Replace each fixed duration with the listed --dance-moves-Nt property; when a class/state change must wait for a boundary, trigger it through deferStart/onNextInterval.
614	Hell Gondola	https://kieransimkin.co.uk/hell-gondola/	120	page-inline	inline:style:9	css	.epk-button,.epk-download	transition	.25s ease	.25s	250	8	250	var(--dance-moves-8t)	Replace each fixed duration with the listed --dance-moves-Nt property; when a class/state change must wait for a boundary, trigger it through deferStart/onNextInterval.
614	Hell Gondola	https://kieransimkin.co.uk/hell-gondola/	120	page-inline	inline:style:9	css	.epk-lyrics-track summary span[aria-hidden]	transition	transform .2s ease	.2s	200	6	187.5	var(--dance-moves-6t)	Replace each fixed duration with the listed --dance-moves-Nt property; when a class/state change must wait for a boundary, trigger it through deferStart/onNextInterval.
614	Hell Gondola	https://kieransimkin.co.uk/hell-gondola/	120	page-inline	inline:style:9	css	@media(prefers-reduced-motion:reduce){.epk-lyrics-track summary span[aria-hidden]	transition	none						Keep unchanged; reduced-motion/accessibility override is authoritative.
614	Hell Gondola	https://kieransimkin.co.uk/hell-gondola/	120	page-inline	inline:style:10	css	.ks-epk[data-release="hell-gondola"]::before	animation	hg-current-drift 22s linear infinite alternate	22s	22000	704	22000	var(--dance-moves-704t)	Replace each fixed duration with the listed --dance-moves-Nt property, register the page animation scope, and use a 16- or 64-tick deferred start for beat/bar alignment when audio-driven.
614	Hell Gondola	https://kieransimkin.co.uk/hell-gondola/	120	page-inline	inline:style:10	css	@media (prefers-reduced-motion: reduce) { .ks-epk[data-release="hell-gondola"]::before	animation	none						Keep unchanged; reduced-motion/accessibility override is authoritative.
614	Hell Gondola	https://kieransimkin.co.uk/hell-gondola/	120	page-inline	inline:style:10	css	.ks-epk[data-release="hell-gondola"] .epk-button, .ks-epk[data-release="hell-gondola"] .epk-download	transition	none						Keep unchanged; reduced-motion/accessibility override is authoritative.
ALL	Shared linked asset	https://kieransimkin.co.uk/wp-content/plugins/kieran-epk-device-orientation/assets/dance-moves-core.css?ver=2.1.0	page-dependent	dance-moves-plugin	https://kieransimkin.co.uk/wp-content/plugins/kieran-epk-device-orientation/assets/dance-moves-core.css?ver=2.1.0	css	/* Elements with a declarative start interval stay on their first frame until DanceMoves releases them. */ [data-dance-moves-start-interval]:not([data-dance-moves-started="true"])…	animation-play-state	paused !important						Replace each fixed duration with the listed --dance-moves-Nt property, register the page animation scope, and use a 16- or 64-tick deferred start for beat/bar alignment when audio-driven.
ALL	Shared linked asset	https://kieransimkin.co.uk/wp-content/plugins/kieran-epk-device-orientation/assets/dance-moves-core.css?ver=2.1.0	page-dependent	dance-moves-plugin	https://kieransimkin.co.uk/wp-content/plugins/kieran-epk-device-orientation/assets/dance-moves-core.css?ver=2.1.0	css	/* Phase 1 catalogue migration: neutral shared EPK controls only. */ html[data-dance-moves-shared-controls="true"] .ks-epk .epk-button, html[data-dance-moves-shared-controls="true…	transition-property	background-color, color, transform, border-color !important						Replace each fixed duration with the listed --dance-moves-Nt property; when a class/state change must wait for a boundary, trigger it through deferStart/onNextInterval.
ALL	Shared linked asset	https://kieransimkin.co.uk/wp-content/plugins/kieran-epk-device-orientation/assets/dance-moves-core.css?ver=2.1.0	page-dependent	dance-moves-plugin	https://kieransimkin.co.uk/wp-content/plugins/kieran-epk-device-orientation/assets/dance-moves-core.css?ver=2.1.0	css	/* Phase 1 catalogue migration: neutral shared EPK controls only. */ html[data-dance-moves-shared-controls="true"] .ks-epk .epk-button, html[data-dance-moves-shared-controls="true…	transition-duration	var(--dance-moves-shared-control-duration) !important						Already uses DanceMoves timing; verify animation scope registration and cue reset behavior.
ALL	Shared linked asset	https://kieransimkin.co.uk/wp-content/plugins/kieran-epk-device-orientation/assets/dance-moves-core.css?ver=2.1.0	page-dependent	dance-moves-plugin	https://kieransimkin.co.uk/wp-content/plugins/kieran-epk-device-orientation/assets/dance-moves-core.css?ver=2.1.0	css	/* Phase 1 catalogue migration: neutral shared EPK controls only. */ html[data-dance-moves-shared-controls="true"] .ks-epk .epk-button, html[data-dance-moves-shared-controls="true…	transition-timing-function	ease !important						Replace each fixed duration with the listed --dance-moves-Nt property; when a class/state change must wait for a boundary, trigger it through deferStart/onNextInterval.
ALL	Shared linked asset	https://kieransimkin.co.uk/wp-content/plugins/kieran-epk-device-orientation/assets/dance-moves-core.css?ver=2.1.0	page-dependent	dance-moves-plugin	https://kieransimkin.co.uk/wp-content/plugins/kieran-epk-device-orientation/assets/dance-moves-core.css?ver=2.1.0	css	.ks-epk .ks-epk-lyrics-track summary span[aria-hidden]	transition-property	transform !important						Replace each fixed duration with the listed --dance-moves-Nt property; when a class/state change must wait for a boundary, trigger it through deferStart/onNextInterval.
ALL	Shared linked asset	https://kieransimkin.co.uk/wp-content/plugins/kieran-epk-device-orientation/assets/dance-moves-core.css?ver=2.1.0	page-dependent	dance-moves-plugin	https://kieransimkin.co.uk/wp-content/plugins/kieran-epk-device-orientation/assets/dance-moves-core.css?ver=2.1.0	css	.ks-epk .ks-epk-lyrics-track summary span[aria-hidden]	transition-duration	var(--dance-moves-lyric-disclosure-duration) !important						Already uses DanceMoves timing; verify animation scope registration and cue reset behavior.
ALL	Shared linked asset	https://kieransimkin.co.uk/wp-content/plugins/kieran-epk-device-orientation/assets/dance-moves-core.css?ver=2.1.0	page-dependent	dance-moves-plugin	https://kieransimkin.co.uk/wp-content/plugins/kieran-epk-device-orientation/assets/dance-moves-core.css?ver=2.1.0	css	.ks-epk .ks-epk-lyrics-track summary span[aria-hidden]	transition-timing-function	ease !important						Replace each fixed duration with the listed --dance-moves-Nt property; when a class/state change must wait for a boundary, trigger it through deferStart/onNextInterval.
ALL	Shared linked asset	https://kieransimkin.co.uk/wp-content/plugins/kieran-epk-device-orientation/assets/dance-moves-core.css?ver=2.1.0	page-dependent	dance-moves-plugin	https://kieransimkin.co.uk/wp-content/plugins/kieran-epk-device-orientation/assets/dance-moves-core.css?ver=2.1.0	css	@media (prefers-reduced-motion: reduce) { [data-dance-moves-start-interval], [data-dance-moves-start-interval]::before, [data-dance-moves-start-interval]::after	animation	none !important						Keep unchanged; reduced-motion/accessibility override is authoritative.
ALL	Shared linked asset	https://kieransimkin.co.uk/wp-content/plugins/kieran-epk-device-orientation/assets/dance-moves-core.css?ver=2.1.0	page-dependent	dance-moves-plugin	https://kieransimkin.co.uk/wp-content/plugins/kieran-epk-device-orientation/assets/dance-moves-core.css?ver=2.1.0	css	@media (prefers-reduced-motion: reduce) { [data-dance-moves-start-interval], [data-dance-moves-start-interval]::before, [data-dance-moves-start-interval]::after	transition-duration	0.01ms !important	0.01ms	0.01	1	31.25	var(--dance-moves-1t)	Keep unchanged; reduced-motion/accessibility override is authoritative.
ALL	Shared linked asset	https://kieransimkin.co.uk/wp-content/plugins/kieran-epk-device-orientation/assets/dance-moves-core.css?ver=2.1.0	page-dependent	dance-moves-plugin	https://kieransimkin.co.uk/wp-content/plugins/kieran-epk-device-orientation/assets/dance-moves-core.css?ver=2.1.0	css	html[data-dance-moves-shared-controls="true"] .ks-epk .epk-button, html[data-dance-moves-shared-controls="true"] .ks-epk .epk-download, .ks-epk .ks-epk-lyrics-track summary span[a…	transition	none !important						Keep unchanged; reduced-motion/accessibility override is authoritative.
ALL	Shared linked asset	https://kieransimkin.co.uk/wp-content/plugins/kieran-epk-device-orientation/assets/ks-epk-device-orientation.css?ver=2.1.0	page-dependent	dance-moves-plugin	https://kieransimkin.co.uk/wp-content/plugins/kieran-epk-device-orientation/assets/ks-epk-device-orientation.css?ver=2.1.0	css	.ks-epk[data-release="presents-and-chocolate"][data-ks-orientation="active"] .epk-cover-wrap	animation	none						Keep unchanged; reduced-motion/accessibility override is authoritative.
ALL	Shared linked asset	https://kieransimkin.co.uk/wp-content/plugins/kieran-epk-device-orientation/assets/ks-epk-device-orientation.css?ver=2.1.0	page-dependent	dance-moves-plugin	https://kieransimkin.co.uk/wp-content/plugins/kieran-epk-device-orientation/assets/ks-epk-device-orientation.css?ver=2.1.0	css	/* Raw sensor callbacks are coalesced to 30 ms states. CSS interpolates between those states so the browser's compositor, rather than JavaScript, carries the visible motion. */ #l…	transition	background-position var(--dance-moves-3t, 93.75ms) cubic-bezier(.15, .8, .2, 1) !important	93.75ms	93.75	3	93.75	var(--dance-moves-3t)	Already uses DanceMoves timing; verify animation scope registration and cue reset behavior.
ALL	Shared linked asset	https://kieransimkin.co.uk/wp-content/plugins/kieran-epk-device-orientation/assets/ks-epk-device-orientation.css?ver=2.1.0	page-dependent	dance-moves-plugin	https://kieransimkin.co.uk/wp-content/plugins/kieran-epk-device-orientation/assets/ks-epk-device-orientation.css?ver=2.1.0	css	#light-will-win-top[data-ks-orientation="active"] :is(.lww-player-card,.lww-story-quote,.lww-glass,.lww-contact-card,.lww-fact), .dfad-motion-stage[data-ks-orientation="active"] :…	transition	transform var(--dance-moves-3t, 93.75ms) cubic-bezier(.15, .8, .2, 1) !important	93.75ms	93.75	3	93.75	var(--dance-moves-3t)	Already uses DanceMoves timing; verify animation scope registration and cue reset behavior.
ALL	Shared linked asset	https://kieransimkin.co.uk/wp-content/plugins/kieran-epk-device-orientation/assets/ks-epk-device-orientation.css?ver=2.1.0	page-dependent	dance-moves-plugin	https://kieransimkin.co.uk/wp-content/plugins/kieran-epk-device-orientation/assets/ks-epk-device-orientation.css?ver=2.1.0	css	[data-ks-orientation] *, [data-ks-orientation] *::before, [data-ks-orientation] *::after	transition	none !important						Keep unchanged; reduced-motion/accessibility override is authoritative.
ALL	Shared linked asset	https://kieransimkin.co.uk/wp-content/plugins/kieran-epk-device-orientation/assets/dance-moves-core.js?ver=2.1.0	page-dependent	dance-moves-plugin	https://kieransimkin.co.uk/wp-content/plugins/kieran-epk-device-orientation/assets/dance-moves-core.js?ver=2.1.0	js	currentTime		options || {}; var audio = settings.audio || (settings.clock === "audio" ? activeAudio : null); if (audio && !audio.paused && !audio.ended && Number.isFinite(Number(audio.currentTime))) { return Number(audio.currentTime) * effectiveBpm(settings.bpm || bpm) * TICKS_PER_BEAT / 60; } var now = window.performance && typeof window.performance.now === "function" ? window.performance.now() : Date.now(); return Math.max(0, now - pageClockStarted) * effectiveBpm(settings.bpm || bpm) * TICKS_PER_BEAT / 60000; } function nex…						Keep the audio state driver; move named song moments to DanceMoves.onCue and align optional starts with onNextBeat/onNextBar.
ALL	Shared linked asset	https://kieransimkin.co.uk/wp-content/plugins/kieran-epk-device-orientation/assets/dance-moves-core.js?ver=2.1.0	page-dependent	dance-moves-plugin	https://kieransimkin.co.uk/wp-content/plugins/kieran-epk-device-orientation/assets/dance-moves-core.js?ver=2.1.0	js	currentTime		dio || (settings.clock === "audio" ? activeAudio : null); if (audio && !audio.paused && !audio.ended && Number.isFinite(Number(audio.currentTime))) { return Number(audio.currentTime) * effectiveBpm(settings.bpm || bpm) * TICKS_PER_BEAT / 60; } var now = window.performance && typeof window.performance.now === "function" ? window.performance.now() : Date.now(); return Math.max(0, now - pageClockStarted) * effectiveBpm(settings.bpm || bpm) * TICKS_PER_BEAT / 60000; } function nextIntervalTick(intervalTicks, fromTick,…						Keep the audio state driver; move named song moments to DanceMoves.onCue and align optional starts with onNextBeat/onNextBar.
ALL	Shared linked asset	https://kieransimkin.co.uk/wp-content/plugins/kieran-epk-device-orientation/assets/dance-moves-core.js?ver=2.1.0	page-dependent	dance-moves-plugin	https://kieransimkin.co.uk/wp-content/plugins/kieran-epk-device-orientation/assets/dance-moves-core.js?ver=2.1.0	js	scheduleAtInterval		ck % interval; if (remainder < 0.001 || interval - remainder < 0.001) return strictlyFuture ? tick + interval : tick; return tick + (interval - remainder); } function scheduleAtInterval(intervalTicks, callback, options) { if (typeof callback !== "function") throw new TypeError("DanceMoves scheduled start must be a function."); var interval = Math.max(1, roundHalfUp(intervalTicks)); var settings = options || {}; var cancelled = false; var frame = 0; var timer = 0; function cancel() { cancelled = true; if (frame) wi…						Already uses DanceMoves timing; verify animation scope registration and cue reset behavior.
ALL	Shared linked asset	https://kieransimkin.co.uk/wp-content/plugins/kieran-epk-device-orientation/assets/dance-moves-core.js?ver=2.1.0	page-dependent	dance-moves-plugin	https://kieransimkin.co.uk/wp-content/plugins/kieran-epk-device-orientation/assets/dance-moves-core.js?ver=2.1.0	js	cancelAnimationFrame		icks)); var settings = options || {}; var cancelled = false; var frame = 0; var timer = 0; function cancel() { cancelled = true; if (frame) window.cancelAnimationFrame(frame); if (timer) window.clearTimeout(timer); frame = 0; timer = 0; } function finish(boundaryTick, sourceAudio) { if (cancelled) return; cancel(); callback({ intervalTicks: interval, boundaryTick: boundaryTick, audio: sourceAudio || null, clock: sourceAudio ? "audio" : "page" }); } if (settings.clock ===						Keep the pointer/scroll/sensor/requestAnimationFrame driver event-based; convert only its visual CSS easing or release duration.
ALL	Shared linked asset	https://kieransimkin.co.uk/wp-content/plugins/kieran-epk-device-orientation/assets/dance-moves-core.js?ver=2.1.0	page-dependent	dance-moves-plugin	https://kieransimkin.co.uk/wp-content/plugins/kieran-epk-device-orientation/assets/dance-moves-core.js?ver=2.1.0	js	requestAnimationFrame		if (sourceAudio && sourceAudio.ended) { cancel(); return; } sourceAudio = null; targetTick = null; frame = window.requestAnimationFrame(pollAudio); return; } if (candidate !== sourceAudio) { sourceAudio = candidate; targetTick = nextIntervalTick(interval, currentTick({ clock: "audio", audio: sourceAudio }), Boolean(settings.strictlyFuture)); } var nowTick = currentTick({ clock: "audio", audio: sourceAudio }); if (targetTick === null || nowTick > targetTick + i						Keep the audio state driver; move named song moments to DanceMoves.onCue and align optional starts with onNextBeat/onNextBar.
ALL	Shared linked asset	https://kieransimkin.co.uk/wp-content/plugins/kieran-epk-device-orientation/assets/dance-moves-core.js?ver=2.1.0	page-dependent	dance-moves-plugin	https://kieransimkin.co.uk/wp-content/plugins/kieran-epk-device-orientation/assets/dance-moves-core.js?ver=2.1.0	js	requestAnimationFrame		ck = nextIntervalTick(interval, nowTick); if (nowTick + 0.02 >= targetTick) { finish(targetTick, sourceAudio); return; } frame = window.requestAnimationFrame(pollAudio); }; frame = window.requestAnimationFrame(pollAudio); return cancel; } var nowTick = currentTick({ clock: "page" }); var boundaryTick = nextIntervalTick(interval, nowTick); var delay = Math.max(0, (boundaryTick - nowTick) * 3750 / bpm); if (delay <= 1) finish(boundaryTick, null); else timer = window.setTimeout(function () { finish(boundaryTick						Keep the pointer/scroll/sensor/requestAnimationFrame driver event-based; convert only its visual CSS easing or release duration.
ALL	Shared linked asset	https://kieransimkin.co.uk/wp-content/plugins/kieran-epk-device-orientation/assets/dance-moves-core.js?ver=2.1.0	page-dependent	dance-moves-plugin	https://kieransimkin.co.uk/wp-content/plugins/kieran-epk-device-orientation/assets/dance-moves-core.js?ver=2.1.0	js	requestAnimationFrame		0.02 >= targetTick) { finish(targetTick, sourceAudio); return; } frame = window.requestAnimationFrame(pollAudio); }; frame = window.requestAnimationFrame(pollAudio); return cancel; } var nowTick = currentTick({ clock: "page" }); var boundaryTick = nextIntervalTick(interval, nowTick); var delay = Math.max(0, (boundaryTick - nowTick) * 3750 / bpm); if (delay <= 1) finish(boundaryTick, null); else timer = window.setTimeout(function () { finish(boundaryTick, null); }, delay); return cancel; } function deferStar						Keep the pointer/scroll/sensor/requestAnimationFrame driver event-based; convert only its visual CSS easing or release duration.
ALL	Shared linked asset	https://kieransimkin.co.uk/wp-content/plugins/kieran-epk-device-orientation/assets/dance-moves-core.js?ver=2.1.0	page-dependent	dance-moves-plugin	https://kieransimkin.co.uk/wp-content/plugins/kieran-epk-device-orientation/assets/dance-moves-core.js?ver=2.1.0	js	setTimeout		= nextIntervalTick(interval, nowTick); var delay = Math.max(0, (boundaryTick - nowTick) * 3750 / bpm); if (delay <= 1) finish(boundaryTick, null); else timer = window.setTimeout(function () { finish(boundaryTick, null); }, delay); return cancel; } function deferStart(target, intervalTicks, options) { if (!target || target.nodeType !== 1) throw new TypeError("DanceMoves deferred start requires an element."); var settings = options || {}; target.dataset.danceMovesWaiting = "true"; target.removeAttribute("data-dance-…						Already uses DanceMoves timing; verify animation scope registration and cue reset behavior.
ALL	Shared linked asset	https://kieransimkin.co.uk/wp-content/plugins/kieran-epk-device-orientation/assets/dance-moves-core.js?ver=2.1.0	page-dependent	dance-moves-plugin	https://kieransimkin.co.uk/wp-content/plugins/kieran-epk-device-orientation/assets/dance-moves-core.js?ver=2.1.0	js	deferStart		/ bpm); if (delay <= 1) finish(boundaryTick, null); else timer = window.setTimeout(function () { finish(boundaryTick, null); }, delay); return cancel; } function deferStart(target, intervalTicks, options) { if (!target || target.nodeType !== 1) throw new TypeError("DanceMoves deferred start requires an element."); var settings = options || {}; target.dataset.danceMovesWaiting = "true"; target.removeAttribute("data-dance-moves-started"); return scheduleAtInterval(intervalTicks, function (boundary) { target.dataset.…						Already uses DanceMoves timing; verify animation scope registration and cue reset behavior.
ALL	Shared linked asset	https://kieransimkin.co.uk/wp-content/plugins/kieran-epk-device-orientation/assets/dance-moves-core.js?ver=2.1.0	page-dependent	dance-moves-plugin	https://kieransimkin.co.uk/wp-content/plugins/kieran-epk-device-orientation/assets/dance-moves-core.js?ver=2.1.0	js	scheduleAtInterval		d start requires an element."); var settings = options || {}; target.dataset.danceMovesWaiting = "true"; target.removeAttribute("data-dance-moves-started"); return scheduleAtInterval(intervalTicks, function (boundary) { target.dataset.danceMovesStarted = "true"; delete target.dataset.danceMovesWaiting; if (typeof target.getAnimations === "function") { target.getAnimations({ subtree: true }).forEach(function (animation) { try { animation.currentTime = 0; animation.play(); } catch (error) {} }); }						Already uses DanceMoves timing; verify animation scope registration and cue reset behavior.
ALL	Shared linked asset	https://kieransimkin.co.uk/wp-content/plugins/kieran-epk-device-orientation/assets/dance-moves-core.js?ver=2.1.0	page-dependent	dance-moves-plugin	https://kieransimkin.co.uk/wp-content/plugins/kieran-epk-device-orientation/assets/dance-moves-core.js?ver=2.1.0	js	currentTime		iting; if (typeof target.getAnimations === "function") { target.getAnimations({ subtree: true }).forEach(function (animation) { try { animation.currentTime = 0; animation.play(); } catch (error) {} }); } if (typeof settings.start === "function") settings.start(boundary); target.dispatchEvent(new CustomEvent("dance-moves-start", { bubbles: true, detail: boundary })); }, settings); } function onNextInterval(func, interval) { return scheduleAtInterval(interval, func, { clock: "audio", strictlyFuture:						Already uses DanceMoves timing; verify animation scope registration and cue reset behavior.
ALL	Shared linked asset	https://kieransimkin.co.uk/wp-content/plugins/kieran-epk-device-orientation/assets/dance-moves-core.js?ver=2.1.0	page-dependent	dance-moves-plugin	https://kieransimkin.co.uk/wp-content/plugins/kieran-epk-device-orientation/assets/dance-moves-core.js?ver=2.1.0	js	onNextInterval		=== "function") settings.start(boundary); target.dispatchEvent(new CustomEvent("dance-moves-start", { bubbles: true, detail: boundary })); }, settings); } function onNextInterval(func, interval) { return scheduleAtInterval(interval, func, { clock: "audio", strictlyFuture: true }); } function onEveryInterval(func, interval) { if (typeof func !== "function") throw new TypeError("DanceMoves interval handler must be a function."); var intervalTicks = Math.max(1, roundHalfUp(interval)); var cancelled = false; var frame…						Already uses DanceMoves timing; verify animation scope registration and cue reset behavior.
ALL	Shared linked asset	https://kieransimkin.co.uk/wp-content/plugins/kieran-epk-device-orientation/assets/dance-moves-core.js?ver=2.1.0	page-dependent	dance-moves-plugin	https://kieransimkin.co.uk/wp-content/plugins/kieran-epk-device-orientation/assets/dance-moves-core.js?ver=2.1.0	js	scheduleAtInterval		target.dispatchEvent(new CustomEvent("dance-moves-start", { bubbles: true, detail: boundary })); }, settings); } function onNextInterval(func, interval) { return scheduleAtInterval(interval, func, { clock: "audio", strictlyFuture: true }); } function onEveryInterval(func, interval) { if (typeof func !== "function") throw new TypeError("DanceMoves interval handler must be a function."); var intervalTicks = Math.max(1, roundHalfUp(interval)); var cancelled = false; var frame = 0; var sourceAudio = null; var boundary…						Already uses DanceMoves timing; verify animation scope registration and cue reset behavior.
ALL	Shared linked asset	https://kieransimkin.co.uk/wp-content/plugins/kieran-epk-device-orientation/assets/dance-moves-core.js?ver=2.1.0	page-dependent	dance-moves-plugin	https://kieransimkin.co.uk/wp-content/plugins/kieran-epk-device-orientation/assets/dance-moves-core.js?ver=2.1.0	js	onEveryInterval		ry })); }, settings); } function onNextInterval(func, interval) { return scheduleAtInterval(interval, func, { clock: "audio", strictlyFuture: true }); } function onEveryInterval(func, interval) { if (typeof func !== "function") throw new TypeError("DanceMoves interval handler must be a function."); var intervalTicks = Math.max(1, roundHalfUp(interval)); var cancelled = false; var frame = 0; var sourceAudio = null; var boundaryTick = null; function remove() { cancelled = true; if (frame) window.cancelAnimationFrame…						Already uses DanceMoves timing; verify animation scope registration and cue reset behavior.
ALL	Shared linked asset	https://kieransimkin.co.uk/wp-content/plugins/kieran-epk-device-orientation/assets/dance-moves-core.js?ver=2.1.0	page-dependent	dance-moves-plugin	https://kieransimkin.co.uk/wp-content/plugins/kieran-epk-device-orientation/assets/dance-moves-core.js?ver=2.1.0	js	cancelAnimationFrame		)); var cancelled = false; var frame = 0; var sourceAudio = null; var boundaryTick = null; function remove() { cancelled = true; if (frame) window.cancelAnimationFrame(frame); frame = 0; } function poll() { frame = 0; if (cancelled) return; var candidate = activeAudio; if (!candidate || candidate.paused) { if (sourceAudio && sourceAudio.ended) { remove(); return; } frame = window.requestAnimationFrame(poll); return; } if (candidate.ended) { remove();						Keep the audio state driver; move named song moments to DanceMoves.onCue and align optional starts with onNextBeat/onNextBar.
ALL	Shared linked asset	https://kieransimkin.co.uk/wp-content/plugins/kieran-epk-device-orientation/assets/dance-moves-core.js?ver=2.1.0	page-dependent	dance-moves-plugin	https://kieransimkin.co.uk/wp-content/plugins/kieran-epk-device-orientation/assets/dance-moves-core.js?ver=2.1.0	js	requestAnimationFrame		e = activeAudio; if (!candidate || candidate.paused) { if (sourceAudio && sourceAudio.ended) { remove(); return; } frame = window.requestAnimationFrame(poll); return; } if (candidate.ended) { remove(); return; } var nowTick = currentTick({ clock: "audio", audio: candidate }); if (candidate !== sourceAudio) { sourceAudio = candidate; boundaryTick = nextIntervalTick(intervalTicks, nowTick, true); } if (nowTick > boundaryTick + intervalTicks) boundaryTick = nextInter						Keep the audio state driver; move named song moments to DanceMoves.onCue and align optional starts with onNextBeat/onNextBar.
ALL	Shared linked asset	https://kieransimkin.co.uk/wp-content/plugins/kieran-epk-device-orientation/assets/dance-moves-core.js?ver=2.1.0	page-dependent	dance-moves-plugin	https://kieransimkin.co.uk/wp-content/plugins/kieran-epk-device-orientation/assets/dance-moves-core.js?ver=2.1.0	js	requestAnimationFrame		ow.console && typeof window.console.error === "function") window.console.error("DanceMoves interval handler failed", error); } } if (!cancelled) frame = window.requestAnimationFrame(poll); } frame = window.requestAnimationFrame(poll); return remove; } function onNextBeat(func) { return onNextInterval(func, TICKS_PER_BEAT); } function onEveryBeat(func) { return onEveryInterval(func, TICKS_PER_BEAT); } function onNextBar(func) { return onNextInterval(func, TICKS_PER_BEAT * 4); } function onEveryBar(func) { return on…						Already uses DanceMoves timing; verify animation scope registration and cue reset behavior.
ALL	Shared linked asset	https://kieransimkin.co.uk/wp-content/plugins/kieran-epk-device-orientation/assets/dance-moves-core.js?ver=2.1.0	page-dependent	dance-moves-plugin	https://kieransimkin.co.uk/wp-content/plugins/kieran-epk-device-orientation/assets/dance-moves-core.js?ver=2.1.0	js	requestAnimationFrame		") window.console.error("DanceMoves interval handler failed", error); } } if (!cancelled) frame = window.requestAnimationFrame(poll); } frame = window.requestAnimationFrame(poll); return remove; } function onNextBeat(func) { return onNextInterval(func, TICKS_PER_BEAT); } function onEveryBeat(func) { return onEveryInterval(func, TICKS_PER_BEAT); } function onNextBar(func) { return onNextInterval(func, TICKS_PER_BEAT * 4); } function onEveryBar(func) { return onEveryInterval(func, TICKS_PER_BEAT * 4); } function nor…						Already uses DanceMoves timing; verify animation scope registration and cue reset behavior.
ALL	Shared linked asset	https://kieransimkin.co.uk/wp-content/plugins/kieran-epk-device-orientation/assets/dance-moves-core.js?ver=2.1.0	page-dependent	dance-moves-plugin	https://kieransimkin.co.uk/wp-content/plugins/kieran-epk-device-orientation/assets/dance-moves-core.js?ver=2.1.0	js	onNextBeat		ror); } } if (!cancelled) frame = window.requestAnimationFrame(poll); } frame = window.requestAnimationFrame(poll); return remove; } function onNextBeat(func) { return onNextInterval(func, TICKS_PER_BEAT); } function onEveryBeat(func) { return onEveryInterval(func, TICKS_PER_BEAT); } function onNextBar(func) { return onNextInterval(func, TICKS_PER_BEAT * 4); } function onEveryBar(func) { return onEveryInterval(func, TICKS_PER_BEAT * 4); } function normaliseCueName(value) { return String(value || "") .trim() .toUpp…						Already uses DanceMoves timing; verify animation scope registration and cue reset behavior.
ALL	Shared linked asset	https://kieransimkin.co.uk/wp-content/plugins/kieran-epk-device-orientation/assets/dance-moves-core.js?ver=2.1.0	page-dependent	dance-moves-plugin	https://kieransimkin.co.uk/wp-content/plugins/kieran-epk-device-orientation/assets/dance-moves-core.js?ver=2.1.0	js	onNextInterval		if (!cancelled) frame = window.requestAnimationFrame(poll); } frame = window.requestAnimationFrame(poll); return remove; } function onNextBeat(func) { return onNextInterval(func, TICKS_PER_BEAT); } function onEveryBeat(func) { return onEveryInterval(func, TICKS_PER_BEAT); } function onNextBar(func) { return onNextInterval(func, TICKS_PER_BEAT * 4); } function onEveryBar(func) { return onEveryInterval(func, TICKS_PER_BEAT * 4); } function normaliseCueName(value) { return String(value || "") .trim() .toUpperCase() .…						Already uses DanceMoves timing; verify animation scope registration and cue reset behavior.
ALL	Shared linked asset	https://kieransimkin.co.uk/wp-content/plugins/kieran-epk-device-orientation/assets/dance-moves-core.js?ver=2.1.0	page-dependent	dance-moves-plugin	https://kieransimkin.co.uk/wp-content/plugins/kieran-epk-device-orientation/assets/dance-moves-core.js?ver=2.1.0	js	onEveryBeat		Frame(poll); } frame = window.requestAnimationFrame(poll); return remove; } function onNextBeat(func) { return onNextInterval(func, TICKS_PER_BEAT); } function onEveryBeat(func) { return onEveryInterval(func, TICKS_PER_BEAT); } function onNextBar(func) { return onNextInterval(func, TICKS_PER_BEAT * 4); } function onEveryBar(func) { return onEveryInterval(func, TICKS_PER_BEAT * 4); } function normaliseCueName(value) { return String(value || "") .trim() .toUpperCase() .replace(/[^A-Z0-9]+/g, " ") .trim(); } function…						Already uses DanceMoves timing; verify animation scope registration and cue reset behavior.
ALL	Shared linked asset	https://kieransimkin.co.uk/wp-content/plugins/kieran-epk-device-orientation/assets/dance-moves-core.js?ver=2.1.0	page-dependent	dance-moves-plugin	https://kieransimkin.co.uk/wp-content/plugins/kieran-epk-device-orientation/assets/dance-moves-core.js?ver=2.1.0	js	onEveryInterval		me = window.requestAnimationFrame(poll); return remove; } function onNextBeat(func) { return onNextInterval(func, TICKS_PER_BEAT); } function onEveryBeat(func) { return onEveryInterval(func, TICKS_PER_BEAT); } function onNextBar(func) { return onNextInterval(func, TICKS_PER_BEAT * 4); } function onEveryBar(func) { return onEveryInterval(func, TICKS_PER_BEAT * 4); } function normaliseCueName(value) { return String(value || "") .trim() .toUpperCase() .replace(/[^A-Z0-9]+/g, " ") .trim(); } function parseTimestamp(mi…						Already uses DanceMoves timing; verify animation scope registration and cue reset behavior.
ALL	Shared linked asset	https://kieransimkin.co.uk/wp-content/plugins/kieran-epk-device-orientation/assets/dance-moves-core.js?ver=2.1.0	page-dependent	dance-moves-plugin	https://kieransimkin.co.uk/wp-content/plugins/kieran-epk-device-orientation/assets/dance-moves-core.js?ver=2.1.0	js	onNextBar		remove; } function onNextBeat(func) { return onNextInterval(func, TICKS_PER_BEAT); } function onEveryBeat(func) { return onEveryInterval(func, TICKS_PER_BEAT); } function onNextBar(func) { return onNextInterval(func, TICKS_PER_BEAT * 4); } function onEveryBar(func) { return onEveryInterval(func, TICKS_PER_BEAT * 4); } function normaliseCueName(value) { return String(value || "") .trim() .toUpperCase() .replace(/[^A-Z0-9]+/g, " ") .trim(); } function parseTimestamp(minutes, seconds, fraction) { var decimal = fracti…						Already uses DanceMoves timing; verify animation scope registration and cue reset behavior.
ALL	Shared linked asset	https://kieransimkin.co.uk/wp-content/plugins/kieran-epk-device-orientation/assets/dance-moves-core.js?ver=2.1.0	page-dependent	dance-moves-plugin	https://kieransimkin.co.uk/wp-content/plugins/kieran-epk-device-orientation/assets/dance-moves-core.js?ver=2.1.0	js	onNextInterval		nNextBeat(func) { return onNextInterval(func, TICKS_PER_BEAT); } function onEveryBeat(func) { return onEveryInterval(func, TICKS_PER_BEAT); } function onNextBar(func) { return onNextInterval(func, TICKS_PER_BEAT * 4); } function onEveryBar(func) { return onEveryInterval(func, TICKS_PER_BEAT * 4); } function normaliseCueName(value) { return String(value || "") .trim() .toUpperCase() .replace(/[^A-Z0-9]+/g, " ") .trim(); } function parseTimestamp(minutes, seconds, fraction) { var decimal = fraction ? Number("0." + S…						Already uses DanceMoves timing; verify animation scope registration and cue reset behavior.
ALL	Shared linked asset	https://kieransimkin.co.uk/wp-content/plugins/kieran-epk-device-orientation/assets/dance-moves-core.js?ver=2.1.0	page-dependent	dance-moves-plugin	https://kieransimkin.co.uk/wp-content/plugins/kieran-epk-device-orientation/assets/dance-moves-core.js?ver=2.1.0	js	onEveryBar		_BEAT); } function onEveryBeat(func) { return onEveryInterval(func, TICKS_PER_BEAT); } function onNextBar(func) { return onNextInterval(func, TICKS_PER_BEAT * 4); } function onEveryBar(func) { return onEveryInterval(func, TICKS_PER_BEAT * 4); } function normaliseCueName(value) { return String(value || "") .trim() .toUpperCase() .replace(/[^A-Z0-9]+/g, " ") .trim(); } function parseTimestamp(minutes, seconds, fraction) { var decimal = fraction ? Number("0." + String(fraction).padEnd(3, "0").slice(0, 3)) : 0; return…						Already uses DanceMoves timing; verify animation scope registration and cue reset behavior.
ALL	Shared linked asset	https://kieransimkin.co.uk/wp-content/plugins/kieran-epk-device-orientation/assets/dance-moves-core.js?ver=2.1.0	page-dependent	dance-moves-plugin	https://kieransimkin.co.uk/wp-content/plugins/kieran-epk-device-orientation/assets/dance-moves-core.js?ver=2.1.0	js	onEveryInterval		ryBeat(func) { return onEveryInterval(func, TICKS_PER_BEAT); } function onNextBar(func) { return onNextInterval(func, TICKS_PER_BEAT * 4); } function onEveryBar(func) { return onEveryInterval(func, TICKS_PER_BEAT * 4); } function normaliseCueName(value) { return String(value || "") .trim() .toUpperCase() .replace(/[^A-Z0-9]+/g, " ") .trim(); } function parseTimestamp(minutes, seconds, fraction) { var decimal = fraction ? Number("0." + String(fraction).padEnd(3, "0").slice(0, 3)) : 0; return Number(minutes) * 60 + …						Already uses DanceMoves timing; verify animation scope registration and cue reset behavior.
ALL	Shared linked asset	https://kieransimkin.co.uk/wp-content/plugins/kieran-epk-device-orientation/assets/dance-moves-core.js?ver=2.1.0	page-dependent	dance-moves-plugin	https://kieransimkin.co.uk/wp-content/plugins/kieran-epk-device-orientation/assets/dance-moves-core.js?ver=2.1.0	js	setProperty("--dance-moves-lyric-disclosure-duration"		s-" + ticks + "t", durationMilliseconds(ticks).toFixed(6) + "ms"); }); style.setProperty("--dance-moves-neg-64t", (-durationMilliseconds(64)).toFixed(6) + "ms"); style.setProperty("--dance-moves-lyric-disclosure-duration", durationMilliseconds(lyricDisclosureTicks).toFixed(6) + "ms"); style.setProperty("--dance-moves-lyric-disclosure-ticks", String(lyricDisclosureTicks)); if (sharedControlTicks > 0) { sharedControlTicks = quantizeTicks(sharedControlTicks); style.setProperty("--dance-moves-shared-control-duration",…						Already uses DanceMoves timing; verify animation scope registration and cue reset behavior.
ALL	Shared linked asset	https://kieransimkin.co.uk/wp-content/plugins/kieran-epk-device-orientation/assets/dance-moves-core.js?ver=2.1.0	page-dependent	dance-moves-plugin	https://kieransimkin.co.uk/wp-content/plugins/kieran-epk-device-orientation/assets/dance-moves-core.js?ver=2.1.0	js	setProperty("--dance-moves-shared-control-duration"		("--dance-moves-lyric-disclosure-ticks", String(lyricDisclosureTicks)); if (sharedControlTicks > 0) { sharedControlTicks = quantizeTicks(sharedControlTicks); style.setProperty("--dance-moves-shared-control-duration", durationMilliseconds(sharedControlTicks).toFixed(6) + "ms"); style.setProperty("--dance-moves-shared-control-ticks", String(sharedControlTicks)); document.documentElement.dataset.danceMovesSharedControls = "true"; } else { delete document.documentElement.dataset.danceMovesSharedControls; } document.do…						Already uses DanceMoves timing; verify animation scope registration and cue reset behavior.
ALL	Shared linked asset	https://kieransimkin.co.uk/wp-content/plugins/kieran-epk-device-orientation/assets/dance-moves-core.js?ver=2.1.0	page-dependent	dance-moves-plugin	https://kieransimkin.co.uk/wp-content/plugins/kieran-epk-device-orientation/assets/dance-moves-core.js?ver=2.1.0	js	playbackRate		OwnsAnimation(scope, animation) && found.indexOf(animation) === -1) found.push(animation); }); }); return found; } function setOwnedPlaybackRate(rate) { var playbackRate = positiveNumber(rate) || 1; ownedAnimations().forEach(function (animation) { try { animation.playbackRate = playbackRate; } catch (error) {} }); } function resetRunningAnimations(audio) { var playbackRate = positiveNumber(audio && audio.playbackRate) || 1; var resetCount = 0; ownedAnimations().forEach(function (animation) { if (animation.playStat…						Keep the audio state driver; move named song moments to DanceMoves.onCue and align optional starts with onNextBeat/onNextBar.
ALL	Shared linked asset	https://kieransimkin.co.uk/wp-content/plugins/kieran-epk-device-orientation/assets/dance-moves-core.js?ver=2.1.0	page-dependent	dance-moves-plugin	https://kieransimkin.co.uk/wp-content/plugins/kieran-epk-device-orientation/assets/dance-moves-core.js?ver=2.1.0	js	playbackRate		rn found; } function setOwnedPlaybackRate(rate) { var playbackRate = positiveNumber(rate) || 1; ownedAnimations().forEach(function (animation) { try { animation.playbackRate = playbackRate; } catch (error) {} }); } function resetRunningAnimations(audio) { var playbackRate = positiveNumber(audio && audio.playbackRate) || 1; var resetCount = 0; ownedAnimations().forEach(function (animation) { if (animation.playState !== "running" && animation.playState !== "pending") return; try { animation.currentTime = 0; animatio…						Keep the audio state driver; move named song moments to DanceMoves.onCue and align optional starts with onNextBeat/onNextBar.
ALL	Shared linked asset	https://kieransimkin.co.uk/wp-content/plugins/kieran-epk-device-orientation/assets/dance-moves-core.js?ver=2.1.0	page-dependent	dance-moves-plugin	https://kieransimkin.co.uk/wp-content/plugins/kieran-epk-device-orientation/assets/dance-moves-core.js?ver=2.1.0	js	playbackRate		function setOwnedPlaybackRate(rate) { var playbackRate = positiveNumber(rate) || 1; ownedAnimations().forEach(function (animation) { try { animation.playbackRate = playbackRate; } catch (error) {} }); } function resetRunningAnimations(audio) { var playbackRate = positiveNumber(audio && audio.playbackRate) || 1; var resetCount = 0; ownedAnimations().forEach(function (animation) { if (animation.playState !== "running" && animation.playState !== "pending") return; try { animation.currentTime = 0; animation.playbackRa…						Keep the audio state driver; move named song moments to DanceMoves.onCue and align optional starts with onNextBeat/onNextBar.
ALL	Shared linked asset	https://kieransimkin.co.uk/wp-content/plugins/kieran-epk-device-orientation/assets/dance-moves-core.js?ver=2.1.0	page-dependent	dance-moves-plugin	https://kieransimkin.co.uk/wp-content/plugins/kieran-epk-device-orientation/assets/dance-moves-core.js?ver=2.1.0	js	playbackRate		edAnimations().forEach(function (animation) { try { animation.playbackRate = playbackRate; } catch (error) {} }); } function resetRunningAnimations(audio) { var playbackRate = positiveNumber(audio && audio.playbackRate) || 1; var resetCount = 0; ownedAnimations().forEach(function (animation) { if (animation.playState !== "running" && animation.playState !== "pending") return; try { animation.currentTime = 0; animation.playbackRate = playbackRate; animation.play(); resetCount += 1; } catch (error) {} }); return						Keep the audio state driver; move named song moments to DanceMoves.onCue and align optional starts with onNextBeat/onNextBar.
ALL	Shared linked asset	https://kieransimkin.co.uk/wp-content/plugins/kieran-epk-device-orientation/assets/dance-moves-core.js?ver=2.1.0	page-dependent	dance-moves-plugin	https://kieransimkin.co.uk/wp-content/plugins/kieran-epk-device-orientation/assets/dance-moves-core.js?ver=2.1.0	js	playbackRate		try { animation.playbackRate = playbackRate; } catch (error) {} }); } function resetRunningAnimations(audio) { var playbackRate = positiveNumber(audio && audio.playbackRate) || 1; var resetCount = 0; ownedAnimations().forEach(function (animation) { if (animation.playState !== "running" && animation.playState !== "pending") return; try { animation.currentTime = 0; animation.playbackRate = playbackRate; animation.play(); resetCount += 1; } catch (error) {} }); return resetCount; } function onCue(name, hand						Already uses DanceMoves timing; verify animation scope registration and cue reset behavior.
ALL	Shared linked asset	https://kieransimkin.co.uk/wp-content/plugins/kieran-epk-device-orientation/assets/dance-moves-core.js?ver=2.1.0	page-dependent	dance-moves-plugin	https://kieransimkin.co.uk/wp-content/plugins/kieran-epk-device-orientation/assets/dance-moves-core.js?ver=2.1.0	js	currentTime		t = 0; ownedAnimations().forEach(function (animation) { if (animation.playState !== "running" && animation.playState !== "pending") return; try { animation.currentTime = 0; animation.playbackRate = playbackRate; animation.play(); resetCount += 1; } catch (error) {} }); return resetCount; } function onCue(name, handler) { if (typeof handler !== "function") throw new TypeError("DanceMoves cue handler must be a function."); var key = name === "*" ? "*" : normaliseCueName(name); if (!handlers.has(key)) handlers.set(ke…						Already uses DanceMoves timing; verify animation scope registration and cue reset behavior.
ALL	Shared linked asset	https://kieransimkin.co.uk/wp-content/plugins/kieran-epk-device-orientation/assets/dance-moves-core.js?ver=2.1.0	page-dependent	dance-moves-plugin	https://kieransimkin.co.uk/wp-content/plugins/kieran-epk-device-orientation/assets/dance-moves-core.js?ver=2.1.0	js	playbackRate		h(function (animation) { if (animation.playState !== "running" && animation.playState !== "pending") return; try { animation.currentTime = 0; animation.playbackRate = playbackRate; animation.play(); resetCount += 1; } catch (error) {} }); return resetCount; } function onCue(name, handler) { if (typeof handler !== "function") throw new TypeError("DanceMoves cue handler must be a function."); var key = name === "*" ? "*" : normaliseCueName(name); if (!handlers.has(key)) handlers.set(key, new Set()); handlers.get(key…						Already uses DanceMoves timing; verify animation scope registration and cue reset behavior.
ALL	Shared linked asset	https://kieransimkin.co.uk/wp-content/plugins/kieran-epk-device-orientation/assets/dance-moves-core.js?ver=2.1.0	page-dependent	dance-moves-plugin	https://kieransimkin.co.uk/wp-content/plugins/kieran-epk-device-orientation/assets/dance-moves-core.js?ver=2.1.0	js	playbackRate		mation) { if (animation.playState !== "running" && animation.playState !== "pending") return; try { animation.currentTime = 0; animation.playbackRate = playbackRate; animation.play(); resetCount += 1; } catch (error) {} }); return resetCount; } function onCue(name, handler) { if (typeof handler !== "function") throw new TypeError("DanceMoves cue handler must be a function."); var key = name === "*" ? "*" : normaliseCueName(name); if (!handlers.has(key)) handlers.set(key, new Set()); handlers.get(key).add(handler);						Already uses DanceMoves timing; verify animation scope registration and cue reset behavior.
ALL	Shared linked asset	https://kieransimkin.co.uk/wp-content/plugins/kieran-epk-device-orientation/assets/dance-moves-core.js?ver=2.1.0	page-dependent	dance-moves-plugin	https://kieransimkin.co.uk/wp-content/plugins/kieran-epk-device-orientation/assets/dance-moves-core.js?ver=2.1.0	js	onCue		Time = 0; animation.playbackRate = playbackRate; animation.play(); resetCount += 1; } catch (error) {} }); return resetCount; } function onCue(name, handler) { if (typeof handler !== "function") throw new TypeError("DanceMoves cue handler must be a function."); var key = name === "*" ? "*" : normaliseCueName(name); if (!handlers.has(key)) handlers.set(key, new Set()); handlers.get(key).add(handler); return function () { var group = handlers.get(key); if (!group) return; group.delete(handler); if (!group.size						Already uses DanceMoves timing; verify animation scope registration and cue reset behavior.
ALL	Shared linked asset	https://kieransimkin.co.uk/wp-content/plugins/kieran-epk-device-orientation/assets/dance-moves-core.js?ver=2.1.0	page-dependent	dance-moves-plugin	https://kieransimkin.co.uk/wp-content/plugins/kieran-epk-device-orientation/assets/dance-moves-core.js?ver=2.1.0	js	currentTime		o.has(audio) || !matchesMasterDuration(audio)) return; boundAudio.add(audio); audio.dataset.danceMovesTiming = "master-length"; var state = { next: firstCueAfter(audio.currentTime || 0), last: audio.currentTime || 0, seeking: false, frame: 0 }; function stopFrame() { if (state.frame) window.cancelAnimationFrame(state.frame); state.frame = 0; } function tick() { state.frame = 0; if (audio.paused || audio.ended || state.seeking) return; var now = positiveNumber(audio.currentTime); if (now + 0.001 < state.last) state…						Keep the audio state driver; move named song moments to DanceMoves.onCue and align optional starts with onNextBeat/onNextBar.
ALL	Shared linked asset	https://kieransimkin.co.uk/wp-content/plugins/kieran-epk-device-orientation/assets/dance-moves-core.js?ver=2.1.0	page-dependent	dance-moves-plugin	https://kieransimkin.co.uk/wp-content/plugins/kieran-epk-device-orientation/assets/dance-moves-core.js?ver=2.1.0	js	currentTime		uration(audio)) return; boundAudio.add(audio); audio.dataset.danceMovesTiming = "master-length"; var state = { next: firstCueAfter(audio.currentTime || 0), last: audio.currentTime || 0, seeking: false, frame: 0 }; function stopFrame() { if (state.frame) window.cancelAnimationFrame(state.frame); state.frame = 0; } function tick() { state.frame = 0; if (audio.paused || audio.ended || state.seeking) return; var now = positiveNumber(audio.currentTime); if (now + 0.001 < state.last) state.next = firstCueAfter(now); whi…						Keep the audio state driver; move named song moments to DanceMoves.onCue and align optional starts with onNextBeat/onNextBar.
ALL	Shared linked asset	https://kieransimkin.co.uk/wp-content/plugins/kieran-epk-device-orientation/assets/dance-moves-core.js?ver=2.1.0	page-dependent	dance-moves-plugin	https://kieransimkin.co.uk/wp-content/plugins/kieran-epk-device-orientation/assets/dance-moves-core.js?ver=2.1.0	js	cancelAnimationFrame		var state = { next: firstCueAfter(audio.currentTime || 0), last: audio.currentTime || 0, seeking: false, frame: 0 }; function stopFrame() { if (state.frame) window.cancelAnimationFrame(state.frame); state.frame = 0; } function tick() { state.frame = 0; if (audio.paused || audio.ended || state.seeking) return; var now = positiveNumber(audio.currentTime); if (now + 0.001 < state.last) state.next = firstCueAfter(now); while (state.next < cueList.length && cueList[state.next].time <= now + 0.001) { var cue = cueList[s…						Keep the audio state driver; move named song moments to DanceMoves.onCue and align optional starts with onNextBeat/onNextBar.
ALL	Shared linked asset	https://kieransimkin.co.uk/wp-content/plugins/kieran-epk-device-orientation/assets/dance-moves-core.js?ver=2.1.0	page-dependent	dance-moves-plugin	https://kieransimkin.co.uk/wp-content/plugins/kieran-epk-device-orientation/assets/dance-moves-core.js?ver=2.1.0	js	currentTime		e); state.frame = 0; } function tick() { state.frame = 0; if (audio.paused || audio.ended || state.seeking) return; var now = positiveNumber(audio.currentTime); if (now + 0.001 < state.last) state.next = firstCueAfter(now); while (state.next < cueList.length && cueList[state.next].time <= now + 0.001) { var cue = cueList[state.next]; if (cue.time > state.last + 0.001) dispatchCue(cue, audio); state.next += 1; } state.last = now; state.frame = window.requestAnimationFrame(tick); } function start() {						Keep the audio state driver; move named song moments to DanceMoves.onCue and align optional starts with onNextBeat/onNextBar.
ALL	Shared linked asset	https://kieransimkin.co.uk/wp-content/plugins/kieran-epk-device-orientation/assets/dance-moves-core.js?ver=2.1.0	page-dependent	dance-moves-plugin	https://kieransimkin.co.uk/wp-content/plugins/kieran-epk-device-orientation/assets/dance-moves-core.js?ver=2.1.0	js	requestAnimationFrame		cue = cueList[state.next]; if (cue.time > state.last + 0.001) dispatchCue(cue, audio); state.next += 1; } state.last = now; state.frame = window.requestAnimationFrame(tick); } function start() { stopFrame(); activeAudio = audio; state.last = positiveNumber(audio.currentTime); state.next = firstCueAfter(state.last); setOwnedPlaybackRate(audio.playbackRate); state.frame = window.requestAnimationFrame(tick); } audio.addEventListener("play", start); audio.addEventListener("playing", start); audio.addEv						Keep the audio state driver; move named song moments to DanceMoves.onCue and align optional starts with onNextBeat/onNextBar.
ALL	Shared linked asset	https://kieransimkin.co.uk/wp-content/plugins/kieran-epk-device-orientation/assets/dance-moves-core.js?ver=2.1.0	page-dependent	dance-moves-plugin	https://kieransimkin.co.uk/wp-content/plugins/kieran-epk-device-orientation/assets/dance-moves-core.js?ver=2.1.0	js	currentTime		= now; state.frame = window.requestAnimationFrame(tick); } function start() { stopFrame(); activeAudio = audio; state.last = positiveNumber(audio.currentTime); state.next = firstCueAfter(state.last); setOwnedPlaybackRate(audio.playbackRate); state.frame = window.requestAnimationFrame(tick); } audio.addEventListener("play", start); audio.addEventListener("playing", start); audio.addEventListener("pause", function () { stopFrame(); if (activeAudio === audio) activeAudio = null; }); audio.addEventListener("ended", fu…						Keep the audio state driver; move named song moments to DanceMoves.onCue and align optional starts with onNextBeat/onNextBar.
ALL	Shared linked asset	https://kieransimkin.co.uk/wp-content/plugins/kieran-epk-device-orientation/assets/dance-moves-core.js?ver=2.1.0	page-dependent	dance-moves-plugin	https://kieransimkin.co.uk/wp-content/plugins/kieran-epk-device-orientation/assets/dance-moves-core.js?ver=2.1.0	js	playbackRate		stopFrame(); activeAudio = audio; state.last = positiveNumber(audio.currentTime); state.next = firstCueAfter(state.last); setOwnedPlaybackRate(audio.playbackRate); state.frame = window.requestAnimationFrame(tick); } audio.addEventListener("play", start); audio.addEventListener("playing", start); audio.addEventListener("pause", function () { stopFrame(); if (activeAudio === audio) activeAudio = null; }); audio.addEventListener("ended", function () { stopFrame(); if (activeAudio === audio) activeAudio = null; state.…						Keep the audio state driver; move named song moments to DanceMoves.onCue and align optional starts with onNextBeat/onNextBar.
ALL	Shared linked asset	https://kieransimkin.co.uk/wp-content/plugins/kieran-epk-device-orientation/assets/dance-moves-core.js?ver=2.1.0	page-dependent	dance-moves-plugin	https://kieransimkin.co.uk/wp-content/plugins/kieran-epk-device-orientation/assets/dance-moves-core.js?ver=2.1.0	js	requestAnimationFrame		dio; state.last = positiveNumber(audio.currentTime); state.next = firstCueAfter(state.last); setOwnedPlaybackRate(audio.playbackRate); state.frame = window.requestAnimationFrame(tick); } audio.addEventListener("play", start); audio.addEventListener("playing", start); audio.addEventListener("pause", function () { stopFrame(); if (activeAudio === audio) activeAudio = null; }); audio.addEventListener("ended", function () { stopFrame(); if (activeAudio === audio) activeAudio = null; state.last = 0; state.next = 0; });…						Keep the audio state driver; move named song moments to DanceMoves.onCue and align optional starts with onNextBeat/onNextBar.
ALL	Shared linked asset	https://kieransimkin.co.uk/wp-content/plugins/kieran-epk-device-orientation/assets/dance-moves-core.js?ver=2.1.0	page-dependent	dance-moves-plugin	https://kieransimkin.co.uk/wp-content/plugins/kieran-epk-device-orientation/assets/dance-moves-core.js?ver=2.1.0	js	addEventListener("play		urrentTime); state.next = firstCueAfter(state.last); setOwnedPlaybackRate(audio.playbackRate); state.frame = window.requestAnimationFrame(tick); } audio.addEventListener("play", start); audio.addEventListener("playing", start); audio.addEventListener("pause", function () { stopFrame(); if (activeAudio === audio) activeAudio = null; }); audio.addEventListener("ended", function () { stopFrame(); if (activeAudio === audio) activeAudio = null; state.last = 0; state.next = 0; }); audio.addEventListener("seeking", funct…						Keep the audio state driver; move named song moments to DanceMoves.onCue and align optional starts with onNextBeat/onNextBar.
ALL	Shared linked asset	https://kieransimkin.co.uk/wp-content/plugins/kieran-epk-device-orientation/assets/dance-moves-core.js?ver=2.1.0	page-dependent	dance-moves-plugin	https://kieransimkin.co.uk/wp-content/plugins/kieran-epk-device-orientation/assets/dance-moves-core.js?ver=2.1.0	js	addEventListener("play		er(state.last); setOwnedPlaybackRate(audio.playbackRate); state.frame = window.requestAnimationFrame(tick); } audio.addEventListener("play", start); audio.addEventListener("playing", start); audio.addEventListener("pause", function () { stopFrame(); if (activeAudio === audio) activeAudio = null; }); audio.addEventListener("ended", function () { stopFrame(); if (activeAudio === audio) activeAudio = null; state.last = 0; state.next = 0; }); audio.addEventListener("seeking", function () { state.seeking = true; stopFr…						Keep the audio state driver; move named song moments to DanceMoves.onCue and align optional starts with onNextBeat/onNextBar.
ALL	Shared linked asset	https://kieransimkin.co.uk/wp-content/plugins/kieran-epk-device-orientation/assets/dance-moves-core.js?ver=2.1.0	page-dependent	dance-moves-plugin	https://kieransimkin.co.uk/wp-content/plugins/kieran-epk-device-orientation/assets/dance-moves-core.js?ver=2.1.0	js	addEventListener("pause		io.playbackRate); state.frame = window.requestAnimationFrame(tick); } audio.addEventListener("play", start); audio.addEventListener("playing", start); audio.addEventListener("pause", function () { stopFrame(); if (activeAudio === audio) activeAudio = null; }); audio.addEventListener("ended", function () { stopFrame(); if (activeAudio === audio) activeAudio = null; state.last = 0; state.next = 0; }); audio.addEventListener("seeking", function () { state.seeking = true; stopFrame(); }); audio.addEventListener("seeke…						Keep the audio state driver; move named song moments to DanceMoves.onCue and align optional starts with onNextBeat/onNextBar.
ALL	Shared linked asset	https://kieransimkin.co.uk/wp-content/plugins/kieran-epk-device-orientation/assets/dance-moves-core.js?ver=2.1.0	page-dependent	dance-moves-plugin	https://kieransimkin.co.uk/wp-content/plugins/kieran-epk-device-orientation/assets/dance-moves-core.js?ver=2.1.0	js	addEventListener("ended		, start); audio.addEventListener("playing", start); audio.addEventListener("pause", function () { stopFrame(); if (activeAudio === audio) activeAudio = null; }); audio.addEventListener("ended", function () { stopFrame(); if (activeAudio === audio) activeAudio = null; state.last = 0; state.next = 0; }); audio.addEventListener("seeking", function () { state.seeking = true; stopFrame(); }); audio.addEventListener("seeked", function () { state.seeking = false; state.last = positiveNumber(audio.currentTime); state.next…						Keep the audio state driver; move named song moments to DanceMoves.onCue and align optional starts with onNextBeat/onNextBar.
ALL	Shared linked asset	https://kieransimkin.co.uk/wp-content/plugins/kieran-epk-device-orientation/assets/dance-moves-core.js?ver=2.1.0	page-dependent	dance-moves-plugin	https://kieransimkin.co.uk/wp-content/plugins/kieran-epk-device-orientation/assets/dance-moves-core.js?ver=2.1.0	js	addEventListener("seeked		activeAudio === audio) activeAudio = null; state.last = 0; state.next = 0; }); audio.addEventListener("seeking", function () { state.seeking = true; stopFrame(); }); audio.addEventListener("seeked", function () { state.seeking = false; state.last = positiveNumber(audio.currentTime); state.next = firstCueAfter(state.last); if (!audio.paused && !audio.ended) start(); }); audio.addEventListener("ratechange", function () { setOwnedPlaybackRate(audio.playbackRate); }); audio.addEventListener("timeupdate", function () {…						Keep the audio state driver; move named song moments to DanceMoves.onCue and align optional starts with onNextBeat/onNextBar.
ALL	Shared linked asset	https://kieransimkin.co.uk/wp-content/plugins/kieran-epk-device-orientation/assets/dance-moves-core.js?ver=2.1.0	page-dependent	dance-moves-plugin	https://kieransimkin.co.uk/wp-content/plugins/kieran-epk-device-orientation/assets/dance-moves-core.js?ver=2.1.0	js	currentTime		king", function () { state.seeking = true; stopFrame(); }); audio.addEventListener("seeked", function () { state.seeking = false; state.last = positiveNumber(audio.currentTime); state.next = firstCueAfter(state.last); if (!audio.paused && !audio.ended) start(); }); audio.addEventListener("ratechange", function () { setOwnedPlaybackRate(audio.playbackRate); }); audio.addEventListener("timeupdate", function () { if (!audio.paused && !state.frame && !state.seeking) tick(); }); } function discoverAudio() { var audioEl…						Keep the audio state driver; move named song moments to DanceMoves.onCue and align optional starts with onNextBeat/onNextBar.
ALL	Shared linked asset	https://kieransimkin.co.uk/wp-content/plugins/kieran-epk-device-orientation/assets/dance-moves-core.js?ver=2.1.0	page-dependent	dance-moves-plugin	https://kieransimkin.co.uk/wp-content/plugins/kieran-epk-device-orientation/assets/dance-moves-core.js?ver=2.1.0	js	playbackRate		state.next = firstCueAfter(state.last); if (!audio.paused && !audio.ended) start(); }); audio.addEventListener("ratechange", function () { setOwnedPlaybackRate(audio.playbackRate); }); audio.addEventListener("timeupdate", function () { if (!audio.paused && !state.frame && !state.seeking) tick(); }); } function discoverAudio() { var audioElements = Array.from(document.querySelectorAll("audio")); if (!referenceDurationSeconds) { var canonical = document.querySelector("audio[data-dance-moves-master], #ks-clay-stars-a…						Keep the audio state driver; move named song moments to DanceMoves.onCue and align optional starts with onNextBeat/onNextBar.
ALL	Shared linked asset	https://kieransimkin.co.uk/wp-content/plugins/kieran-epk-device-orientation/assets/dance-moves-core.js?ver=2.1.0	page-dependent	dance-moves-plugin	https://kieransimkin.co.uk/wp-content/plugins/kieran-epk-device-orientation/assets/dance-moves-core.js?ver=2.1.0	js	addEventListener("timeupdate		ate.last); if (!audio.paused && !audio.ended) start(); }); audio.addEventListener("ratechange", function () { setOwnedPlaybackRate(audio.playbackRate); }); audio.addEventListener("timeupdate", function () { if (!audio.paused && !state.frame && !state.seeking) tick(); }); } function discoverAudio() { var audioElements = Array.from(document.querySelectorAll("audio")); if (!referenceDurationSeconds) { var canonical = document.querySelector("audio[data-dance-moves-master], #ks-clay-stars-audio") || audioElements[0]; i…						Keep the audio state driver; move named song moments to DanceMoves.onCue and align optional starts with onNextBeat/onNextBar.
ALL	Shared linked asset	https://kieransimkin.co.uk/wp-content/plugins/kieran-epk-device-orientation/assets/dance-moves-core.js?ver=2.1.0	page-dependent	dance-moves-plugin	https://kieransimkin.co.uk/wp-content/plugins/kieran-epk-device-orientation/assets/dance-moves-core.js?ver=2.1.0	js	deferStart		orEach(function (target) { var interval = Number(target.getAttribute("data-dance-moves-start-interval")); if (!Number.isFinite(interval) || interval < 1) return; deferStart(target, interval, { clock: target.getAttribute("data-dance-moves-start-clock") === "audio" ? "audio" : "page" }); }); loadCueFile().then(function () { document.documentElement.dataset.danceMovesCueCount = String(cueList.length); document.documentElement.dataset.danceMovesCueStatus = cueList.length ? "ready" : "none"; discoverAudio(); }); } var …						Already uses DanceMoves timing; verify animation scope registration and cue reset behavior.
ALL	Shared linked asset	https://kieransimkin.co.uk/wp-content/plugins/kieran-epk-device-orientation/assets/dance-moves-core.js?ver=2.1.0	page-dependent	dance-moves-plugin	https://kieransimkin.co.uk/wp-content/plugins/kieran-epk-device-orientation/assets/dance-moves-core.js?ver=2.1.0	js	scheduleAtInterval		erBeat: TICKS_PER_BEAT, quantizeTicks: quantizeTicks, durationMilliseconds: durationMilliseconds, currentTick: currentTick, nextIntervalTick: nextIntervalTick, scheduleAtInterval: scheduleAtInterval, deferStart: deferStart, onNextInterval: onNextInterval, onEveryInterval: onEveryInterval, onNextBeat: onNextBeat, onEveryBeat: onEveryBeat, onNextBar: onNextBar, onEveryBar: onEveryBar, parseTimingFile: parseTimingFile, normaliseCueName: normaliseCueName, onCue: onCue, registerAnimationScope: registerAnimationScope, r…						Already uses DanceMoves timing; verify animation scope registration and cue reset behavior.
ALL	Shared linked asset	https://kieransimkin.co.uk/wp-content/plugins/kieran-epk-device-orientation/assets/dance-moves-core.js?ver=2.1.0	page-dependent	dance-moves-plugin	https://kieransimkin.co.uk/wp-content/plugins/kieran-epk-device-orientation/assets/dance-moves-core.js?ver=2.1.0	js	scheduleAtInterval		AT, quantizeTicks: quantizeTicks, durationMilliseconds: durationMilliseconds, currentTick: currentTick, nextIntervalTick: nextIntervalTick, scheduleAtInterval: scheduleAtInterval, deferStart: deferStart, onNextInterval: onNextInterval, onEveryInterval: onEveryInterval, onNextBeat: onNextBeat, onEveryBeat: onEveryBeat, onNextBar: onNextBar, onEveryBar: onEveryBar, parseTimingFile: parseTimingFile, normaliseCueName: normaliseCueName, onCue: onCue, registerAnimationScope: registerAnimationScope, resetRunningAnimation…						Already uses DanceMoves timing; verify animation scope registration and cue reset behavior.
ALL	Shared linked asset	https://kieransimkin.co.uk/wp-content/plugins/kieran-epk-device-orientation/assets/dance-moves-core.js?ver=2.1.0	page-dependent	dance-moves-plugin	https://kieransimkin.co.uk/wp-content/plugins/kieran-epk-device-orientation/assets/dance-moves-core.js?ver=2.1.0	js	deferStart		uantizeTicks, durationMilliseconds: durationMilliseconds, currentTick: currentTick, nextIntervalTick: nextIntervalTick, scheduleAtInterval: scheduleAtInterval, deferStart: deferStart, onNextInterval: onNextInterval, onEveryInterval: onEveryInterval, onNextBeat: onNextBeat, onEveryBeat: onEveryBeat, onNextBar: onNextBar, onEveryBar: onEveryBar, parseTimingFile: parseTimingFile, normaliseCueName: normaliseCueName, onCue: onCue, registerAnimationScope: registerAnimationScope, resetRunningAnimations: resetRunningAnima…						Already uses DanceMoves timing; verify animation scope registration and cue reset behavior.
ALL	Shared linked asset	https://kieransimkin.co.uk/wp-content/plugins/kieran-epk-device-orientation/assets/dance-moves-core.js?ver=2.1.0	page-dependent	dance-moves-plugin	https://kieransimkin.co.uk/wp-content/plugins/kieran-epk-device-orientation/assets/dance-moves-core.js?ver=2.1.0	js	deferStart		, durationMilliseconds: durationMilliseconds, currentTick: currentTick, nextIntervalTick: nextIntervalTick, scheduleAtInterval: scheduleAtInterval, deferStart: deferStart, onNextInterval: onNextInterval, onEveryInterval: onEveryInterval, onNextBeat: onNextBeat, onEveryBeat: onEveryBeat, onNextBar: onNextBar, onEveryBar: onEveryBar, parseTimingFile: parseTimingFile, normaliseCueName: normaliseCueName, onCue: onCue, registerAnimationScope: registerAnimationScope, resetRunningAnimations: resetRunningAnimations, disco…						Already uses DanceMoves timing; verify animation scope registration and cue reset behavior.
ALL	Shared linked asset	https://kieransimkin.co.uk/wp-content/plugins/kieran-epk-device-orientation/assets/dance-moves-core.js?ver=2.1.0	page-dependent	dance-moves-plugin	https://kieransimkin.co.uk/wp-content/plugins/kieran-epk-device-orientation/assets/dance-moves-core.js?ver=2.1.0	js	onNextInterval		lliseconds: durationMilliseconds, currentTick: currentTick, nextIntervalTick: nextIntervalTick, scheduleAtInterval: scheduleAtInterval, deferStart: deferStart, onNextInterval: onNextInterval, onEveryInterval: onEveryInterval, onNextBeat: onNextBeat, onEveryBeat: onEveryBeat, onNextBar: onNextBar, onEveryBar: onEveryBar, parseTimingFile: parseTimingFile, normaliseCueName: normaliseCueName, onCue: onCue, registerAnimationScope: registerAnimationScope, resetRunningAnimations: resetRunningAnimations, discoverAudio: di…						Already uses DanceMoves timing; verify animation scope registration and cue reset behavior.
ALL	Shared linked asset	https://kieransimkin.co.uk/wp-content/plugins/kieran-epk-device-orientation/assets/dance-moves-core.js?ver=2.1.0	page-dependent	dance-moves-plugin	https://kieransimkin.co.uk/wp-content/plugins/kieran-epk-device-orientation/assets/dance-moves-core.js?ver=2.1.0	js	onNextInterval		tionMilliseconds, currentTick: currentTick, nextIntervalTick: nextIntervalTick, scheduleAtInterval: scheduleAtInterval, deferStart: deferStart, onNextInterval: onNextInterval, onEveryInterval: onEveryInterval, onNextBeat: onNextBeat, onEveryBeat: onEveryBeat, onNextBar: onNextBar, onEveryBar: onEveryBar, parseTimingFile: parseTimingFile, normaliseCueName: normaliseCueName, onCue: onCue, registerAnimationScope: registerAnimationScope, resetRunningAnimations: resetRunningAnimations, discoverAudio: discoverAudio }; w…						Already uses DanceMoves timing; verify animation scope registration and cue reset behavior.
ALL	Shared linked asset	https://kieransimkin.co.uk/wp-content/plugins/kieran-epk-device-orientation/assets/dance-moves-core.js?ver=2.1.0	page-dependent	dance-moves-plugin	https://kieransimkin.co.uk/wp-content/plugins/kieran-epk-device-orientation/assets/dance-moves-core.js?ver=2.1.0	js	onEveryInterval		currentTick: currentTick, nextIntervalTick: nextIntervalTick, scheduleAtInterval: scheduleAtInterval, deferStart: deferStart, onNextInterval: onNextInterval, onEveryInterval: onEveryInterval, onNextBeat: onNextBeat, onEveryBeat: onEveryBeat, onNextBar: onNextBar, onEveryBar: onEveryBar, parseTimingFile: parseTimingFile, normaliseCueName: normaliseCueName, onCue: onCue, registerAnimationScope: registerAnimationScope, resetRunningAnimations: resetRunningAnimations, discoverAudio: discoverAudio }; window.DanceMoves =…						Already uses DanceMoves timing; verify animation scope registration and cue reset behavior.
ALL	Shared linked asset	https://kieransimkin.co.uk/wp-content/plugins/kieran-epk-device-orientation/assets/dance-moves-core.js?ver=2.1.0	page-dependent	dance-moves-plugin	https://kieransimkin.co.uk/wp-content/plugins/kieran-epk-device-orientation/assets/dance-moves-core.js?ver=2.1.0	js	onEveryInterval		rrentTick, nextIntervalTick: nextIntervalTick, scheduleAtInterval: scheduleAtInterval, deferStart: deferStart, onNextInterval: onNextInterval, onEveryInterval: onEveryInterval, onNextBeat: onNextBeat, onEveryBeat: onEveryBeat, onNextBar: onNextBar, onEveryBar: onEveryBar, parseTimingFile: parseTimingFile, normaliseCueName: normaliseCueName, onCue: onCue, registerAnimationScope: registerAnimationScope, resetRunningAnimations: resetRunningAnimations, discoverAudio: discoverAudio }; window.DanceMoves = api; window.Ki…						Already uses DanceMoves timing; verify animation scope registration and cue reset behavior.
ALL	Shared linked asset	https://kieransimkin.co.uk/wp-content/plugins/kieran-epk-device-orientation/assets/dance-moves-core.js?ver=2.1.0	page-dependent	dance-moves-plugin	https://kieransimkin.co.uk/wp-content/plugins/kieran-epk-device-orientation/assets/dance-moves-core.js?ver=2.1.0	js	onNextBeat		tervalTick: nextIntervalTick, scheduleAtInterval: scheduleAtInterval, deferStart: deferStart, onNextInterval: onNextInterval, onEveryInterval: onEveryInterval, onNextBeat: onNextBeat, onEveryBeat: onEveryBeat, onNextBar: onNextBar, onEveryBar: onEveryBar, parseTimingFile: parseTimingFile, normaliseCueName: normaliseCueName, onCue: onCue, registerAnimationScope: registerAnimationScope, resetRunningAnimations: resetRunningAnimations, discoverAudio: discoverAudio }; window.DanceMoves = api; window.KieranEpkMotion = a…						Already uses DanceMoves timing; verify animation scope registration and cue reset behavior.
ALL	Shared linked asset	https://kieransimkin.co.uk/wp-content/plugins/kieran-epk-device-orientation/assets/dance-moves-core.js?ver=2.1.0	page-dependent	dance-moves-plugin	https://kieransimkin.co.uk/wp-content/plugins/kieran-epk-device-orientation/assets/dance-moves-core.js?ver=2.1.0	js	onNextBeat		nextIntervalTick, scheduleAtInterval: scheduleAtInterval, deferStart: deferStart, onNextInterval: onNextInterval, onEveryInterval: onEveryInterval, onNextBeat: onNextBeat, onEveryBeat: onEveryBeat, onNextBar: onNextBar, onEveryBar: onEveryBar, parseTimingFile: parseTimingFile, normaliseCueName: normaliseCueName, onCue: onCue, registerAnimationScope: registerAnimationScope, resetRunningAnimations: resetRunningAnimations, discoverAudio: discoverAudio }; window.DanceMoves = api; window.KieranEpkMotion = api; if (docu…						Already uses DanceMoves timing; verify animation scope registration and cue reset behavior.
ALL	Shared linked asset	https://kieransimkin.co.uk/wp-content/plugins/kieran-epk-device-orientation/assets/dance-moves-core.js?ver=2.1.0	page-dependent	dance-moves-plugin	https://kieransimkin.co.uk/wp-content/plugins/kieran-epk-device-orientation/assets/dance-moves-core.js?ver=2.1.0	js	onEveryBeat		, scheduleAtInterval: scheduleAtInterval, deferStart: deferStart, onNextInterval: onNextInterval, onEveryInterval: onEveryInterval, onNextBeat: onNextBeat, onEveryBeat: onEveryBeat, onNextBar: onNextBar, onEveryBar: onEveryBar, parseTimingFile: parseTimingFile, normaliseCueName: normaliseCueName, onCue: onCue, registerAnimationScope: registerAnimationScope, resetRunningAnimations: resetRunningAnimations, discoverAudio: discoverAudio }; window.DanceMoves = api; window.KieranEpkMotion = api; if (document.readyState …						Already uses DanceMoves timing; verify animation scope registration and cue reset behavior.
ALL	Shared linked asset	https://kieransimkin.co.uk/wp-content/plugins/kieran-epk-device-orientation/assets/dance-moves-core.js?ver=2.1.0	page-dependent	dance-moves-plugin	https://kieransimkin.co.uk/wp-content/plugins/kieran-epk-device-orientation/assets/dance-moves-core.js?ver=2.1.0	js	onEveryBeat		eAtInterval: scheduleAtInterval, deferStart: deferStart, onNextInterval: onNextInterval, onEveryInterval: onEveryInterval, onNextBeat: onNextBeat, onEveryBeat: onEveryBeat, onNextBar: onNextBar, onEveryBar: onEveryBar, parseTimingFile: parseTimingFile, normaliseCueName: normaliseCueName, onCue: onCue, registerAnimationScope: registerAnimationScope, resetRunningAnimations: resetRunningAnimations, discoverAudio: discoverAudio }; window.DanceMoves = api; window.KieranEpkMotion = api; if (document.readyState === "load…						Already uses DanceMoves timing; verify animation scope registration and cue reset behavior.
ALL	Shared linked asset	https://kieransimkin.co.uk/wp-content/plugins/kieran-epk-device-orientation/assets/dance-moves-core.js?ver=2.1.0	page-dependent	dance-moves-plugin	https://kieransimkin.co.uk/wp-content/plugins/kieran-epk-device-orientation/assets/dance-moves-core.js?ver=2.1.0	js	onNextBar		duleAtInterval, deferStart: deferStart, onNextInterval: onNextInterval, onEveryInterval: onEveryInterval, onNextBeat: onNextBeat, onEveryBeat: onEveryBeat, onNextBar: onNextBar, onEveryBar: onEveryBar, parseTimingFile: parseTimingFile, normaliseCueName: normaliseCueName, onCue: onCue, registerAnimationScope: registerAnimationScope, resetRunningAnimations: resetRunningAnimations, discoverAudio: discoverAudio }; window.DanceMoves = api; window.KieranEpkMotion = api; if (document.readyState === "loading") document.ad…						Already uses DanceMoves timing; verify animation scope registration and cue reset behavior.
ALL	Shared linked asset	https://kieransimkin.co.uk/wp-content/plugins/kieran-epk-device-orientation/assets/dance-moves-core.js?ver=2.1.0	page-dependent	dance-moves-plugin	https://kieransimkin.co.uk/wp-content/plugins/kieran-epk-device-orientation/assets/dance-moves-core.js?ver=2.1.0	js	onNextBar		val, deferStart: deferStart, onNextInterval: onNextInterval, onEveryInterval: onEveryInterval, onNextBeat: onNextBeat, onEveryBeat: onEveryBeat, onNextBar: onNextBar, onEveryBar: onEveryBar, parseTimingFile: parseTimingFile, normaliseCueName: normaliseCueName, onCue: onCue, registerAnimationScope: registerAnimationScope, resetRunningAnimations: resetRunningAnimations, discoverAudio: discoverAudio }; window.DanceMoves = api; window.KieranEpkMotion = api; if (document.readyState === "loading") document.addEventListe…						Already uses DanceMoves timing; verify animation scope registration and cue reset behavior.
ALL	Shared linked asset	https://kieransimkin.co.uk/wp-content/plugins/kieran-epk-device-orientation/assets/dance-moves-core.js?ver=2.1.0	page-dependent	dance-moves-plugin	https://kieransimkin.co.uk/wp-content/plugins/kieran-epk-device-orientation/assets/dance-moves-core.js?ver=2.1.0	js	onEveryBar		tart: deferStart, onNextInterval: onNextInterval, onEveryInterval: onEveryInterval, onNextBeat: onNextBeat, onEveryBeat: onEveryBeat, onNextBar: onNextBar, onEveryBar: onEveryBar, parseTimingFile: parseTimingFile, normaliseCueName: normaliseCueName, onCue: onCue, registerAnimationScope: registerAnimationScope, resetRunningAnimations: resetRunningAnimations, discoverAudio: discoverAudio }; window.DanceMoves = api; window.KieranEpkMotion = api; if (document.readyState === "loading") document.addEventListener("DOMCon…						Already uses DanceMoves timing; verify animation scope registration and cue reset behavior.
ALL	Shared linked asset	https://kieransimkin.co.uk/wp-content/plugins/kieran-epk-device-orientation/assets/dance-moves-core.js?ver=2.1.0	page-dependent	dance-moves-plugin	https://kieransimkin.co.uk/wp-content/plugins/kieran-epk-device-orientation/assets/dance-moves-core.js?ver=2.1.0	js	onEveryBar		tart, onNextInterval: onNextInterval, onEveryInterval: onEveryInterval, onNextBeat: onNextBeat, onEveryBeat: onEveryBeat, onNextBar: onNextBar, onEveryBar: onEveryBar, parseTimingFile: parseTimingFile, normaliseCueName: normaliseCueName, onCue: onCue, registerAnimationScope: registerAnimationScope, resetRunningAnimations: resetRunningAnimations, discoverAudio: discoverAudio }; window.DanceMoves = api; window.KieranEpkMotion = api; if (document.readyState === "loading") document.addEventListener("DOMContentLoaded",…						Already uses DanceMoves timing; verify animation scope registration and cue reset behavior.
ALL	Shared linked asset	https://kieransimkin.co.uk/wp-content/plugins/kieran-epk-device-orientation/assets/dance-moves-core.js?ver=2.1.0	page-dependent	dance-moves-plugin	https://kieransimkin.co.uk/wp-content/plugins/kieran-epk-device-orientation/assets/dance-moves-core.js?ver=2.1.0	js	onCue		: onNextBeat, onEveryBeat: onEveryBeat, onNextBar: onNextBar, onEveryBar: onEveryBar, parseTimingFile: parseTimingFile, normaliseCueName: normaliseCueName, onCue: onCue, registerAnimationScope: registerAnimationScope, resetRunningAnimations: resetRunningAnimations, discoverAudio: discoverAudio }; window.DanceMoves = api; window.KieranEpkMotion = api; if (document.readyState === "loading") document.addEventListener("DOMContentLoaded", initialise, { once: true }); else initialise(); }(window, document));						Already uses DanceMoves timing; verify animation scope registration and cue reset behavior.
ALL	Shared linked asset	https://kieransimkin.co.uk/wp-content/plugins/kieran-epk-device-orientation/assets/dance-moves-core.js?ver=2.1.0	page-dependent	dance-moves-plugin	https://kieransimkin.co.uk/wp-content/plugins/kieran-epk-device-orientation/assets/dance-moves-core.js?ver=2.1.0	js	onCue		tBeat, onEveryBeat: onEveryBeat, onNextBar: onNextBar, onEveryBar: onEveryBar, parseTimingFile: parseTimingFile, normaliseCueName: normaliseCueName, onCue: onCue, registerAnimationScope: registerAnimationScope, resetRunningAnimations: resetRunningAnimations, discoverAudio: discoverAudio }; window.DanceMoves = api; window.KieranEpkMotion = api; if (document.readyState === "loading") document.addEventListener("DOMContentLoaded", initialise, { once: true }); else initialise(); }(window, document));						Already uses DanceMoves timing; verify animation scope registration and cue reset behavior.
ALL	Shared linked asset	https://kieransimkin.co.uk/wp-content/plugins/kieran-epk-device-orientation/assets/ks-epk-device-orientation.js?ver=2.1.0	page-dependent	dance-moves-plugin	https://kieransimkin.co.uk/wp-content/plugins/kieran-epk-device-orientation/assets/ks-epk-device-orientation.js?ver=2.1.0	js	setTimeout		if (!sampleTimer) { const remaining = Math.max(0, batchMilliseconds - (now - lastFlushTime)); if (remaining === 0) flushBatch(); else sampleTimer = window.setTimeout(flushBatch, remaining); } }; const startListening = () => { if (listening || reducedMotion.matches) return; listening = true; window.addEventListener("deviceorientation", onOrientation, { passive: true }); availabilityTimer = window.setTimeout(() => { if (!active && control) { control.textContent = "Phone motion unavailable"; control.disabl						If visual, replace the delay with DanceMoves.durationMilliseconds(ticks); if it starts a page update, use onNextInterval/onEveryInterval. Keep functional sampling or availability timers time-based.
ALL	Shared linked asset	https://kieransimkin.co.uk/wp-content/plugins/kieran-epk-device-orientation/assets/ks-epk-device-orientation.js?ver=2.1.0	page-dependent	dance-moves-plugin	https://kieransimkin.co.uk/wp-content/plugins/kieran-epk-device-orientation/assets/ks-epk-device-orientation.js?ver=2.1.0	js	addEventListener("deviceorientation		ow.setTimeout(flushBatch, remaining); } }; const startListening = () => { if (listening || reducedMotion.matches) return; listening = true; window.addEventListener("deviceorientation", onOrientation, { passive: true }); availabilityTimer = window.setTimeout(() => { if (!active && control) { control.textContent = "Phone motion unavailable"; control.disabled = true; } }, 3500); }; const stopListening = () => { if (listening) window.removeEventListener("deviceorientation", onOrientation); listeni						Keep the pointer/scroll/sensor/requestAnimationFrame driver event-based; convert only its visual CSS easing or release duration.
ALL	Shared linked asset	https://kieransimkin.co.uk/wp-content/plugins/kieran-epk-device-orientation/assets/ks-epk-device-orientation.js?ver=2.1.0	page-dependent	dance-moves-plugin	https://kieransimkin.co.uk/wp-content/plugins/kieran-epk-device-orientation/assets/ks-epk-device-orientation.js?ver=2.1.0	js	setTimeout		ng || reducedMotion.matches) return; listening = true; window.addEventListener("deviceorientation", onOrientation, { passive: true }); availabilityTimer = window.setTimeout(() => { if (!active && control) { control.textContent = "Phone motion unavailable"; control.disabled = true; } }, 3500); }; const stopListening = () => { if (listening) window.removeEventListener("deviceorientation", onOrientation); listening = false; window.clearTimeout(availabilityTimer); reset(); }; const makePermissionC						If visual, replace the delay with DanceMoves.durationMilliseconds(ticks); if it starts a page update, use onNextInterval/onEveryInterval. Keep functional sampling or availability timers time-based.
ALL	Shared linked asset	https://kieransimkin.co.uk/wp-content/plugins/dying-for-a-diagnosis-epk-motion-runtime/assets/dfad-epk-motion.js?ver=1.0.1	page-dependent	other-plugin	https://kieransimkin.co.uk/wp-content/plugins/dying-for-a-diagnosis-epk-motion-runtime/assets/dfad-epk-motion.js?ver=1.0.1	js	setProperty('--reveal-delay'		...root.querySelectorAll('[data-reveal]')]; root.querySelectorAll('.dfad-grid').forEach(grid=>{ [...grid.querySelectorAll('.dfad-card')].forEach((card,index)=>card.style.setProperty('--reveal-delay',`${Math.min(index*85,255)}ms`)); }); const show=item=>{ item.classList.add('is-visible'); if(item.hasAttribute('data-stamp-zone')){ const stamp=item.querySelector('.dfad-stamp'); window.setTimeout(()=>stamp?.classList.add('is-stamped'),reduced.matches?0:180); } }; if(!('IntersectionObserver' in window)||reduced.matches…						Keep the pointer/scroll/sensor/requestAnimationFrame driver event-based; convert only its visual CSS easing or release duration.
ALL	Shared linked asset	https://kieransimkin.co.uk/wp-content/plugins/dying-for-a-diagnosis-epk-motion-runtime/assets/dfad-epk-motion.js?ver=1.0.1	page-dependent	other-plugin	https://kieransimkin.co.uk/wp-content/plugins/dying-for-a-diagnosis-epk-motion-runtime/assets/dfad-epk-motion.js?ver=1.0.1	js	setTimeout		const show=item=>{ item.classList.add('is-visible'); if(item.hasAttribute('data-stamp-zone')){ const stamp=item.querySelector('.dfad-stamp'); window.setTimeout(()=>stamp?.classList.add('is-stamped'),reduced.matches?0:180); } }; if(!('IntersectionObserver' in window)||reduced.matches){ revealItems.forEach(show); }else{ const observer=new IntersectionObserver(entries=>entries.forEach(entry=>{ if(entry.isIntersecting){show(entry.target);observer.unobserve(entry.target)} }),{threshold:.14,rootMargin:'0px 0px -7% 0px'}…						If visual, replace the delay with DanceMoves.durationMilliseconds(ticks); if it starts a page update, use onNextInterval/onEveryInterval. Keep functional sampling or availability timers time-based.
ALL	Shared linked asset	https://kieransimkin.co.uk/wp-content/plugins/dying-for-a-diagnosis-epk-motion-runtime/assets/dfad-epk-motion.js?ver=1.0.1	page-dependent	other-plugin	https://kieransimkin.co.uk/wp-content/plugins/dying-for-a-diagnosis-epk-motion-runtime/assets/dfad-epk-motion.js?ver=1.0.1	js	requestAnimationFrame		ect.height); art.style.setProperty('--art-y',`${Math.max(-12,Math.min(12,-progress*24)).toFixed(2)}px`); }; const requestArt=()=>{if(!framePending){framePending=true;requestAnimationFrame(updateArt)}}; window.addEventListener('scroll',requestArt,{passive:true}); window.addEventListener('resize',requestArt,{passive:true}); updateArt(); const preview=root.querySelector('.dfad-preview'); const audio=preview?.querySelector('audio'); const state=preview?.querySelector('.dfad-play-state'); const setAudioState=(text,acti…						Keep the audio state driver; move named song moments to DanceMoves.onCue and align optional starts with onNextBeat/onNextBar.
ALL	Shared linked asset	https://kieransimkin.co.uk/wp-content/plugins/dying-for-a-diagnosis-epk-motion-runtime/assets/dfad-epk-motion.js?ver=1.0.1	page-dependent	other-plugin	https://kieransimkin.co.uk/wp-content/plugins/dying-for-a-diagnosis-epk-motion-runtime/assets/dfad-epk-motion.js?ver=1.0.1	js	addEventListener('scroll		-y',`${Math.max(-12,Math.min(12,-progress*24)).toFixed(2)}px`); }; const requestArt=()=>{if(!framePending){framePending=true;requestAnimationFrame(updateArt)}}; window.addEventListener('scroll',requestArt,{passive:true}); window.addEventListener('resize',requestArt,{passive:true}); updateArt(); const preview=root.querySelector('.dfad-preview'); const audio=preview?.querySelector('audio'); const state=preview?.querySelector('.dfad-play-state'); const setAudioState=(text,active)=>{if(state)state.textContent=text;pre…						Keep the audio state driver; move named song moments to DanceMoves.onCue and align optional starts with onNextBeat/onNextBar.
ALL	Shared linked asset	https://kieransimkin.co.uk/wp-content/plugins/dying-for-a-diagnosis-epk-motion-runtime/assets/dfad-epk-motion.js?ver=1.0.1	page-dependent	other-plugin	https://kieransimkin.co.uk/wp-content/plugins/dying-for-a-diagnosis-epk-motion-runtime/assets/dfad-epk-motion.js?ver=1.0.1	js	addEventListener('play		ate=preview?.querySelector('.dfad-play-state'); const setAudioState=(text,active)=>{if(state)state.textContent=text;preview?.classList.toggle('is-playing',active)}; audio?.addEventListener('play',()=>setAudioState('Signal active',true)); audio?.addEventListener('pause',()=>setAudioState(audio.ended?'Signal complete':'Signal paused',false)); audio?.addEventListener('ended',()=>setAudioState('Signal complete',false)); reduced.addEventListener?.('change',()=>{configureCover();updateArt();if(reduced.matches)revealItem…						Keep the audio state driver; move named song moments to DanceMoves.onCue and align optional starts with onNextBeat/onNextBar.
ALL	Shared linked asset	https://kieransimkin.co.uk/wp-content/plugins/dying-for-a-diagnosis-epk-motion-runtime/assets/dfad-epk-motion.js?ver=1.0.1	page-dependent	other-plugin	https://kieransimkin.co.uk/wp-content/plugins/dying-for-a-diagnosis-epk-motion-runtime/assets/dfad-epk-motion.js?ver=1.0.1	js	addEventListener('pause		,active)=>{if(state)state.textContent=text;preview?.classList.toggle('is-playing',active)}; audio?.addEventListener('play',()=>setAudioState('Signal active',true)); audio?.addEventListener('pause',()=>setAudioState(audio.ended?'Signal complete':'Signal paused',false)); audio?.addEventListener('ended',()=>setAudioState('Signal complete',false)); reduced.addEventListener?.('change',()=>{configureCover();updateArt();if(reduced.matches)revealItems.forEach(show)}); finePointer.addEventListener?.('change',configureCover…						Keep the audio state driver; move named song moments to DanceMoves.onCue and align optional starts with onNextBeat/onNextBar.
ALL	Shared linked asset	https://kieransimkin.co.uk/wp-content/plugins/dying-for-a-diagnosis-epk-motion-runtime/assets/dfad-epk-motion.js?ver=1.0.1	page-dependent	other-plugin	https://kieransimkin.co.uk/wp-content/plugins/dying-for-a-diagnosis-epk-motion-runtime/assets/dfad-epk-motion.js?ver=1.0.1	js	addEventListener('ended		ntListener('play',()=>setAudioState('Signal active',true)); audio?.addEventListener('pause',()=>setAudioState(audio.ended?'Signal complete':'Signal paused',false)); audio?.addEventListener('ended',()=>setAudioState('Signal complete',false)); reduced.addEventListener?.('change',()=>{configureCover();updateArt();if(reduced.matches)revealItems.forEach(show)}); finePointer.addEventListener?.('change',configureCover); })();						Keep the audio state driver; move named song moments to DanceMoves.onCue and align optional starts with onNextBeat/onNextBar.
ALL	Shared linked asset	https://kieransimkin.co.uk/wp-content/plugins/kieran-epk-device-orientation/assets/clay-stars-effects.css?ver=2.1.0	page-dependent	dance-moves-plugin	https://kieransimkin.co.uk/wp-content/plugins/kieran-epk-device-orientation/assets/clay-stars-effects.css?ver=2.1.0	css	.ks-clay-stars-v2 .ks-cloud-field::before	animation	ks-cloud-drift-a var(--dance-moves-1584t, 51.206896552s) ease-in-out infinite alternate	51.206896552s	51206.896552000006	1632	51000	var(--dance-moves-1632t)	Already uses DanceMoves timing; verify animation scope registration and cue reset behavior.
ALL	Shared linked asset	https://kieransimkin.co.uk/wp-content/plugins/kieran-epk-device-orientation/assets/clay-stars-effects.css?ver=2.1.0	page-dependent	dance-moves-plugin	https://kieransimkin.co.uk/wp-content/plugins/kieran-epk-device-orientation/assets/clay-stars-effects.css?ver=2.1.0	css	.ks-clay-stars-v2 .ks-cloud-field::after	animation	ks-cloud-drift-b var(--dance-moves-2208t, 71.379310345s) ease-in-out infinite alternate-reverse	71.379310345s	71379.31034499999	2288	71500	var(--dance-moves-2288t)	Already uses DanceMoves timing; verify animation scope registration and cue reset behavior.
ALL	Shared linked asset	https://kieransimkin.co.uk/wp-content/plugins/kieran-epk-device-orientation/assets/clay-stars-effects.css?ver=2.1.0	page-dependent	dance-moves-plugin	https://kieransimkin.co.uk/wp-content/plugins/kieran-epk-device-orientation/assets/clay-stars-effects.css?ver=2.1.0	css	.ks-clay-stars-v2 .epk-atmosphere::after	animation	ks-particle-dance var(--dance-moves-128t, 4.137931034s) linear infinite	4.137931034s	4137.931034	128	4000	var(--dance-moves-128t)	Already uses DanceMoves timing; verify animation scope registration and cue reset behavior.
ALL	Shared linked asset	https://kieransimkin.co.uk/wp-content/plugins/kieran-epk-device-orientation/assets/clay-stars-effects.css?ver=2.1.0	page-dependent	dance-moves-plugin	https://kieransimkin.co.uk/wp-content/plugins/kieran-epk-device-orientation/assets/clay-stars-effects.css?ver=2.1.0	css	.ks-clay-stars-v2 .epk-heading::before, .ks-clay-stars-v2 .ks-clay-stars-player-copy::before, .ks-clay-stars-v2 .epk-cosmology-head::before, .ks-clay-stars-v2 .epk-artwork > div::…	animation	ks-gold-sparkle var(--dance-moves-192t, 6.206896552s) ease-in-out infinite alternate	6.206896552s	6206.896552	192	6000	var(--dance-moves-192t)	Already uses DanceMoves timing; verify animation scope registration and cue reset behavior.
ALL	Shared linked asset	https://kieransimkin.co.uk/wp-content/plugins/kieran-epk-device-orientation/assets/clay-stars-effects.css?ver=2.1.0	page-dependent	dance-moves-plugin	https://kieransimkin.co.uk/wp-content/plugins/kieran-epk-device-orientation/assets/clay-stars-effects.css?ver=2.1.0	css	.ks-clay-stars-v2 .epk-button::before, .ks-clay-stars-v2 .epk-download::before, .ks-clay-stars-v2 .ks-clay-stars-chapters button::before	animation	ks-gold-sparkle var(--dance-moves-192t, 6.206896552s) ease-in-out var(--dance-moves-neg-64t, -2.068965517s) infinite alternate	6.206896552s	6206.896552	192	6000	var(--dance-moves-192t)	Already uses DanceMoves timing; verify animation scope registration and cue reset behavior.
ALL	Shared linked asset	https://kieransimkin.co.uk/wp-content/plugins/kieran-epk-device-orientation/assets/clay-stars-effects.css?ver=2.1.0	page-dependent	dance-moves-plugin	https://kieransimkin.co.uk/wp-content/plugins/kieran-epk-device-orientation/assets/clay-stars-effects.css?ver=2.1.0	css	.ks-clay-stars-v2 .epk-button::before, .ks-clay-stars-v2 .epk-download::before, .ks-clay-stars-v2 .ks-clay-stars-chapters button::before	animation	ks-gold-sparkle var(--dance-moves-192t, 6.206896552s) ease-in-out var(--dance-moves-neg-64t, -2.068965517s) infinite alternate	-2.068965517s	-2068.965517	-64	-2000	var(--dance-moves-neg-64t)	Already uses DanceMoves timing; verify animation scope registration and cue reset behavior.
ALL	Shared linked asset	https://kieransimkin.co.uk/wp-content/plugins/kieran-epk-device-orientation/assets/clay-stars-effects.css?ver=2.1.0	page-dependent	dance-moves-plugin	https://kieransimkin.co.uk/wp-content/plugins/kieran-epk-device-orientation/assets/clay-stars-effects.css?ver=2.1.0	css	.ks-clay-stars-v2 .epk-button::after, .ks-clay-stars-v2 .epk-download::after, .ks-clay-stars-v2 .ks-clay-stars-chapters button::after	transition	opacity var(--dance-moves-32t, 1.034482758s) cubic-bezier(.22, .61, .36, 1), transform var(--dance-moves-32t, 1.034482758s) cubic-bezier(.16, 1, .3, 1), filter var(--dance-moves-32t, 1.034482758s) ease-out	1.034482758s	1034.482758	32	1000	var(--dance-moves-32t)	Already uses DanceMoves timing; verify animation scope registration and cue reset behavior.
ALL	Shared linked asset	https://kieransimkin.co.uk/wp-content/plugins/kieran-epk-device-orientation/assets/clay-stars-effects.css?ver=2.1.0	page-dependent	dance-moves-plugin	https://kieransimkin.co.uk/wp-content/plugins/kieran-epk-device-orientation/assets/clay-stars-effects.css?ver=2.1.0	css	.ks-clay-stars-v2 .epk-button::after, .ks-clay-stars-v2 .epk-download::after, .ks-clay-stars-v2 .ks-clay-stars-chapters button::after	transition	opacity var(--dance-moves-32t, 1.034482758s) cubic-bezier(.22, .61, .36, 1), transform var(--dance-moves-32t, 1.034482758s) cubic-bezier(.16, 1, .3, 1), filter var(--dance-moves-32t, 1.034482758s) ease-out	1.034482758s	1034.482758	32	1000	var(--dance-moves-32t)	Already uses DanceMoves timing; verify animation scope registration and cue reset behavior.
ALL	Shared linked asset	https://kieransimkin.co.uk/wp-content/plugins/kieran-epk-device-orientation/assets/clay-stars-effects.css?ver=2.1.0	page-dependent	dance-moves-plugin	https://kieransimkin.co.uk/wp-content/plugins/kieran-epk-device-orientation/assets/clay-stars-effects.css?ver=2.1.0	css	.ks-clay-stars-v2 .epk-button::after, .ks-clay-stars-v2 .epk-download::after, .ks-clay-stars-v2 .ks-clay-stars-chapters button::after	transition	opacity var(--dance-moves-32t, 1.034482758s) cubic-bezier(.22, .61, .36, 1), transform var(--dance-moves-32t, 1.034482758s) cubic-bezier(.16, 1, .3, 1), filter var(--dance-moves-32t, 1.034482758s) ease-out	1.034482758s	1034.482758	32	1000	var(--dance-moves-32t)	Already uses DanceMoves timing; verify animation scope registration and cue reset behavior.
ALL	Shared linked asset	https://kieransimkin.co.uk/wp-content/plugins/kieran-epk-device-orientation/assets/clay-stars-effects.css?ver=2.1.0	page-dependent	dance-moves-plugin	https://kieransimkin.co.uk/wp-content/plugins/kieran-epk-device-orientation/assets/clay-stars-effects.css?ver=2.1.0	css	.ks-clay-stars-v2 .epk-signal-line	animation-duration	var(--dance-moves-432t, 13.965517241s) !important	13.965517241s	13965.517241000001	448	14000	var(--dance-moves-448t)	Already uses DanceMoves timing; verify animation scope registration and cue reset behavior.
ALL	Shared linked asset	https://kieransimkin.co.uk/wp-content/plugins/kieran-epk-device-orientation/assets/clay-stars-effects.css?ver=2.1.0	page-dependent	dance-moves-plugin	https://kieransimkin.co.uk/wp-content/plugins/kieran-epk-device-orientation/assets/clay-stars-effects.css?ver=2.1.0	css	.ks-clay-stars-v2 .epk-button:hover::before, .ks-clay-stars-v2 .epk-button:focus-visible::before, .ks-clay-stars-v2 .epk-download:hover::before, .ks-clay-stars-v2 .epk-download:fo…	animation	ks-gold-button-wake var(--dance-moves-32t, 1.034482758s) cubic-bezier(.22, .68, .28, 1) 1 both, ks-gold-button-path-wake var(--dance-moves-32t, 1.034482758s) linear 1 both, ks-gold-button-dance var(--dance-moves-32t, 1.034482758s) linear var(--dance-moves-32t…	1.034482758s	1034.482758	32	1000	var(--dance-moves-32t)	Already uses DanceMoves timing; verify animation scope registration and cue reset behavior.
ALL	Shared linked asset	https://kieransimkin.co.uk/wp-content/plugins/kieran-epk-device-orientation/assets/clay-stars-effects.css?ver=2.1.0	page-dependent	dance-moves-plugin	https://kieransimkin.co.uk/wp-content/plugins/kieran-epk-device-orientation/assets/clay-stars-effects.css?ver=2.1.0	css	.ks-clay-stars-v2 .epk-button:hover::before, .ks-clay-stars-v2 .epk-button:focus-visible::before, .ks-clay-stars-v2 .epk-download:hover::before, .ks-clay-stars-v2 .epk-download:fo…	animation	ks-gold-button-wake var(--dance-moves-32t, 1.034482758s) cubic-bezier(.22, .68, .28, 1) 1 both, ks-gold-button-path-wake var(--dance-moves-32t, 1.034482758s) linear 1 both, ks-gold-button-dance var(--dance-moves-32t, 1.034482758s) linear var(--dance-moves-32t…	1.034482758s	1034.482758	32	1000	var(--dance-moves-32t)	Already uses DanceMoves timing; verify animation scope registration and cue reset behavior.
ALL	Shared linked asset	https://kieransimkin.co.uk/wp-content/plugins/kieran-epk-device-orientation/assets/clay-stars-effects.css?ver=2.1.0	page-dependent	dance-moves-plugin	https://kieransimkin.co.uk/wp-content/plugins/kieran-epk-device-orientation/assets/clay-stars-effects.css?ver=2.1.0	css	.ks-clay-stars-v2 .epk-button:hover::before, .ks-clay-stars-v2 .epk-button:focus-visible::before, .ks-clay-stars-v2 .epk-download:hover::before, .ks-clay-stars-v2 .epk-download:fo…	animation	ks-gold-button-wake var(--dance-moves-32t, 1.034482758s) cubic-bezier(.22, .68, .28, 1) 1 both, ks-gold-button-path-wake var(--dance-moves-32t, 1.034482758s) linear 1 both, ks-gold-button-dance var(--dance-moves-32t, 1.034482758s) linear var(--dance-moves-32t…	1.034482758s	1034.482758	32	1000	var(--dance-moves-32t)	Already uses DanceMoves timing; verify animation scope registration and cue reset behavior.
ALL	Shared linked asset	https://kieransimkin.co.uk/wp-content/plugins/kieran-epk-device-orientation/assets/clay-stars-effects.css?ver=2.1.0	page-dependent	dance-moves-plugin	https://kieransimkin.co.uk/wp-content/plugins/kieran-epk-device-orientation/assets/clay-stars-effects.css?ver=2.1.0	css	.ks-clay-stars-v2 .epk-button:hover::after, .ks-clay-stars-v2 .epk-button:focus-visible::after, .ks-clay-stars-v2 .epk-download:hover::after, .ks-clay-stars-v2 .epk-download:focus…	animation	ks-gold-orbit-wake var(--dance-moves-32t, 1.034482758s) cubic-bezier(.333333, 0, .666667, 0) 1 both, ks-gold-orbit-fade-wake var(--dance-moves-32t, 1.034482758s) ease-out 1 both, ks-gold-orbit-radius-wake var(--dance-moves-32t, 1.034482758s) cubic-bezier(.55,…	1.034482758s	1034.482758	32	1000	var(--dance-moves-32t)	Already uses DanceMoves timing; verify animation scope registration and cue reset behavior.
ALL	Shared linked asset	https://kieransimkin.co.uk/wp-content/plugins/kieran-epk-device-orientation/assets/clay-stars-effects.css?ver=2.1.0	page-dependent	dance-moves-plugin	https://kieransimkin.co.uk/wp-content/plugins/kieran-epk-device-orientation/assets/clay-stars-effects.css?ver=2.1.0	css	.ks-clay-stars-v2 .epk-button:hover::after, .ks-clay-stars-v2 .epk-button:focus-visible::after, .ks-clay-stars-v2 .epk-download:hover::after, .ks-clay-stars-v2 .epk-download:focus…	animation	ks-gold-orbit-wake var(--dance-moves-32t, 1.034482758s) cubic-bezier(.333333, 0, .666667, 0) 1 both, ks-gold-orbit-fade-wake var(--dance-moves-32t, 1.034482758s) ease-out 1 both, ks-gold-orbit-radius-wake var(--dance-moves-32t, 1.034482758s) cubic-bezier(.55,…	1.034482758s	1034.482758	32	1000	var(--dance-moves-32t)	Already uses DanceMoves timing; verify animation scope registration and cue reset behavior.
ALL	Shared linked asset	https://kieransimkin.co.uk/wp-content/plugins/kieran-epk-device-orientation/assets/clay-stars-effects.css?ver=2.1.0	page-dependent	dance-moves-plugin	https://kieransimkin.co.uk/wp-content/plugins/kieran-epk-device-orientation/assets/clay-stars-effects.css?ver=2.1.0	css	.ks-clay-stars-v2 .epk-button:hover::after, .ks-clay-stars-v2 .epk-button:focus-visible::after, .ks-clay-stars-v2 .epk-download:hover::after, .ks-clay-stars-v2 .epk-download:focus…	animation	ks-gold-orbit-wake var(--dance-moves-32t, 1.034482758s) cubic-bezier(.333333, 0, .666667, 0) 1 both, ks-gold-orbit-fade-wake var(--dance-moves-32t, 1.034482758s) ease-out 1 both, ks-gold-orbit-radius-wake var(--dance-moves-32t, 1.034482758s) cubic-bezier(.55,…	1.034482758s	1034.482758	32	1000	var(--dance-moves-32t)	Already uses DanceMoves timing; verify animation scope registration and cue reset behavior.
ALL	Shared linked asset	https://kieransimkin.co.uk/wp-content/plugins/kieran-epk-device-orientation/assets/clay-stars-effects.css?ver=2.1.0	page-dependent	dance-moves-plugin	https://kieransimkin.co.uk/wp-content/plugins/kieran-epk-device-orientation/assets/clay-stars-effects.css?ver=2.1.0	css	.ks-clay-stars-v2 .epk-button.ks-particle-release::after, .ks-clay-stars-v2 .epk-download.ks-particle-release::after, .ks-clay-stars-v2 .ks-clay-stars-chapters button.ks-particle-…	animation	ks-gold-orbit-release var(--dance-moves-32t, 1.034482758s) linear 1 both	1.034482758s	1034.482758	32	1000	var(--dance-moves-32t)	Already uses DanceMoves timing; verify animation scope registration and cue reset behavior.
ALL	Shared linked asset	https://kieransimkin.co.uk/wp-content/plugins/kieran-epk-device-orientation/assets/clay-stars-effects.css?ver=2.1.0	page-dependent	dance-moves-plugin	https://kieransimkin.co.uk/wp-content/plugins/kieran-epk-device-orientation/assets/clay-stars-effects.css?ver=2.1.0	css	.ks-clay-stars-v2 .epk-button, .ks-clay-stars-v2 .epk-download, .ks-clay-stars-v2 .ks-clay-stars-chapters button	transition	background-color var(--dance-moves-32t, 1.034482758s) cubic-bezier(.22, .61, .36, 1), color var(--dance-moves-32t, 1.034482758s) cubic-bezier(.22, .61, .36, 1), border-color var(--dance-moves-32t, 1.034482758s) ease, border-radius var(--dance-moves-32t, 1.034…	1.034482758s	1034.482758	32	1000	var(--dance-moves-32t)	Already uses DanceMoves timing; verify animation scope registration and cue reset behavior.
ALL	Shared linked asset	https://kieransimkin.co.uk/wp-content/plugins/kieran-epk-device-orientation/assets/clay-stars-effects.css?ver=2.1.0	page-dependent	dance-moves-plugin	https://kieransimkin.co.uk/wp-content/plugins/kieran-epk-device-orientation/assets/clay-stars-effects.css?ver=2.1.0	css	.ks-clay-stars-v2 .epk-button, .ks-clay-stars-v2 .epk-download, .ks-clay-stars-v2 .ks-clay-stars-chapters button	transition	background-color var(--dance-moves-32t, 1.034482758s) cubic-bezier(.22, .61, .36, 1), color var(--dance-moves-32t, 1.034482758s) cubic-bezier(.22, .61, .36, 1), border-color var(--dance-moves-32t, 1.034482758s) ease, border-radius var(--dance-moves-32t, 1.034…	1.034482758s	1034.482758	32	1000	var(--dance-moves-32t)	Already uses DanceMoves timing; verify animation scope registration and cue reset behavior.
ALL	Shared linked asset	https://kieransimkin.co.uk/wp-content/plugins/kieran-epk-device-orientation/assets/clay-stars-effects.css?ver=2.1.0	page-dependent	dance-moves-plugin	https://kieransimkin.co.uk/wp-content/plugins/kieran-epk-device-orientation/assets/clay-stars-effects.css?ver=2.1.0	css	.ks-clay-stars-v2 .epk-button, .ks-clay-stars-v2 .epk-download, .ks-clay-stars-v2 .ks-clay-stars-chapters button	transition	background-color var(--dance-moves-32t, 1.034482758s) cubic-bezier(.22, .61, .36, 1), color var(--dance-moves-32t, 1.034482758s) cubic-bezier(.22, .61, .36, 1), border-color var(--dance-moves-32t, 1.034482758s) ease, border-radius var(--dance-moves-32t, 1.034…	1.034482758s	1034.482758	32	1000	var(--dance-moves-32t)	Already uses DanceMoves timing; verify animation scope registration and cue reset behavior.
ALL	Shared linked asset	https://kieransimkin.co.uk/wp-content/plugins/kieran-epk-device-orientation/assets/clay-stars-effects.css?ver=2.1.0	page-dependent	dance-moves-plugin	https://kieransimkin.co.uk/wp-content/plugins/kieran-epk-device-orientation/assets/clay-stars-effects.css?ver=2.1.0	css	.ks-clay-stars-v2 .ks-warm-bloom	transition	transform var(--dance-moves-6t, .193965517s) ease-out, opacity var(--dance-moves-6t, .193965517s) ease-out	.193965517s	193.965517	6	187.5	var(--dance-moves-6t)	Already uses DanceMoves timing; verify animation scope registration and cue reset behavior.
ALL	Shared linked asset	https://kieransimkin.co.uk/wp-content/plugins/kieran-epk-device-orientation/assets/clay-stars-effects.css?ver=2.1.0	page-dependent	dance-moves-plugin	https://kieransimkin.co.uk/wp-content/plugins/kieran-epk-device-orientation/assets/clay-stars-effects.css?ver=2.1.0	css	.ks-clay-stars-v2 .ks-warm-bloom	transition	transform var(--dance-moves-6t, .193965517s) ease-out, opacity var(--dance-moves-6t, .193965517s) ease-out	.193965517s	193.965517	6	187.5	var(--dance-moves-6t)	Already uses DanceMoves timing; verify animation scope registration and cue reset behavior.
ALL	Shared linked asset	https://kieransimkin.co.uk/wp-content/plugins/kieran-epk-device-orientation/assets/clay-stars-effects.css?ver=2.1.0	page-dependent	dance-moves-plugin	https://kieransimkin.co.uk/wp-content/plugins/kieran-epk-device-orientation/assets/clay-stars-effects.css?ver=2.1.0	css	.ks-clay-stars-v2 .ks-lens-flare	transition	transform var(--dance-moves-6t, .193965517s) ease-out, opacity var(--dance-moves-6t, .193965517s) ease-out	.193965517s	193.965517	6	187.5	var(--dance-moves-6t)	Already uses DanceMoves timing; verify animation scope registration and cue reset behavior.
ALL	Shared linked asset	https://kieransimkin.co.uk/wp-content/plugins/kieran-epk-device-orientation/assets/clay-stars-effects.css?ver=2.1.0	page-dependent	dance-moves-plugin	https://kieransimkin.co.uk/wp-content/plugins/kieran-epk-device-orientation/assets/clay-stars-effects.css?ver=2.1.0	css	.ks-clay-stars-v2 .ks-lens-flare	transition	transform var(--dance-moves-6t, .193965517s) ease-out, opacity var(--dance-moves-6t, .193965517s) ease-out	.193965517s	193.965517	6	187.5	var(--dance-moves-6t)	Already uses DanceMoves timing; verify animation scope registration and cue reset behavior.
ALL	Shared linked asset	https://kieransimkin.co.uk/wp-content/plugins/kieran-epk-device-orientation/assets/clay-stars-effects.css?ver=2.1.0	page-dependent	dance-moves-plugin	https://kieransimkin.co.uk/wp-content/plugins/kieran-epk-device-orientation/assets/clay-stars-effects.css?ver=2.1.0	css	.ks-clay-stars-v2 .ks-specular-sweep	transition	transform var(--dance-moves-6t, .193965517s) ease-out, opacity var(--dance-moves-6t, .193965517s) ease-out	.193965517s	193.965517	6	187.5	var(--dance-moves-6t)	Already uses DanceMoves timing; verify animation scope registration and cue reset behavior.
ALL	Shared linked asset	https://kieransimkin.co.uk/wp-content/plugins/kieran-epk-device-orientation/assets/clay-stars-effects.css?ver=2.1.0	page-dependent	dance-moves-plugin	https://kieransimkin.co.uk/wp-content/plugins/kieran-epk-device-orientation/assets/clay-stars-effects.css?ver=2.1.0	css	.ks-clay-stars-v2 .ks-specular-sweep	transition	transform var(--dance-moves-6t, .193965517s) ease-out, opacity var(--dance-moves-6t, .193965517s) ease-out	.193965517s	193.965517	6	187.5	var(--dance-moves-6t)	Already uses DanceMoves timing; verify animation scope registration and cue reset behavior.
ALL	Shared linked asset	https://kieransimkin.co.uk/wp-content/plugins/kieran-epk-device-orientation/assets/clay-stars-effects.css?ver=2.1.0	page-dependent	dance-moves-plugin	https://kieransimkin.co.uk/wp-content/plugins/kieran-epk-device-orientation/assets/clay-stars-effects.css?ver=2.1.0	css	@media (prefers-reduced-motion: reduce) { .ks-clay-stars-v2 .epk-cover-wrap, .ks-clay-stars-v2 .ks-warm-bloom, .ks-clay-stars-v2 .ks-lens-flare, .ks-clay-stars-v2 .ks-specular-swe…	transition	none !important						Keep unchanged; reduced-motion/accessibility override is authoritative.
ALL	Shared linked asset	https://kieransimkin.co.uk/wp-content/plugins/kieran-epk-device-orientation/assets/clay-stars-effects.css?ver=2.1.0	page-dependent	dance-moves-plugin	https://kieransimkin.co.uk/wp-content/plugins/kieran-epk-device-orientation/assets/clay-stars-effects.css?ver=2.1.0	css	.ks-clay-stars-v2 .ks-cloud-field::before, .ks-clay-stars-v2 .ks-cloud-field::after	animation	none !important						Keep unchanged; reduced-motion/accessibility override is authoritative.
ALL	Shared linked asset	https://kieransimkin.co.uk/wp-content/plugins/kieran-epk-device-orientation/assets/clay-stars-effects.css?ver=2.1.0	page-dependent	dance-moves-plugin	https://kieransimkin.co.uk/wp-content/plugins/kieran-epk-device-orientation/assets/clay-stars-effects.css?ver=2.1.0	css	.ks-clay-stars-v2 .epk-atmosphere::after	animation	none !important						Keep unchanged; reduced-motion/accessibility override is authoritative.
ALL	Shared linked asset	https://kieransimkin.co.uk/wp-content/plugins/kieran-epk-device-orientation/assets/clay-stars-effects.css?ver=2.1.0	page-dependent	dance-moves-plugin	https://kieransimkin.co.uk/wp-content/plugins/kieran-epk-device-orientation/assets/clay-stars-effects.css?ver=2.1.0	css	.ks-clay-stars-v2 .epk-heading::before, .ks-clay-stars-v2 .ks-clay-stars-player-copy::before, .ks-clay-stars-v2 .epk-cosmology-head::before, .ks-clay-stars-v2 .epk-artwork > div::…	animation	none !important						Keep unchanged; reduced-motion/accessibility override is authoritative.
ALL	Shared linked asset	https://kieransimkin.co.uk/wp-content/plugins/kieran-epk-device-orientation/assets/clay-stars-effects.css?ver=2.1.0	page-dependent	dance-moves-plugin	https://kieransimkin.co.uk/wp-content/plugins/kieran-epk-device-orientation/assets/clay-stars-effects.css?ver=2.1.0	css	.ks-clay-stars-v2 .epk-heading::before, .ks-clay-stars-v2 .ks-clay-stars-player-copy::before, .ks-clay-stars-v2 .epk-cosmology-head::before, .ks-clay-stars-v2 .epk-artwork > div::…	transition	none !important						Keep unchanged; reduced-motion/accessibility override is authoritative.
ALL	Shared linked asset	https://kieransimkin.co.uk/wp-content/plugins/kieran-epk-device-orientation/assets/clay-stars-effects.css?ver=2.1.0	page-dependent	dance-moves-plugin	https://kieransimkin.co.uk/wp-content/plugins/kieran-epk-device-orientation/assets/clay-stars-effects.css?ver=2.1.0	css	.ks-clay-stars-v2 .epk-button.ks-particle-release::after, .ks-clay-stars-v2 .epk-download.ks-particle-release::after, .ks-clay-stars-v2 .ks-clay-stars-chapters button.ks-particle-…	animation	none !important						Keep unchanged; reduced-motion/accessibility override is authoritative.
ALL	Shared linked asset	https://kieransimkin.co.uk/wp-content/plugins/kieran-epk-device-orientation/assets/clay-stars-effects.js?ver=2.1.0	page-dependent	dance-moves-plugin	https://kieransimkin.co.uk/wp-content/plugins/kieran-epk-device-orientation/assets/clay-stars-effects.js?ver=2.1.0	js	cancelAnimationFrame		toFixed(2) + "px"); }; var flush = function () { frame = 0; apply(pendingX, pendingY); }; var reset = function () { pendingX = 0; pendingY = 0; if (frame) window.cancelAnimationFrame(frame); frame = 0; apply(0, 0); }; var move = function (event) { if (reduce.matches || !finePointer.matches) return reset(); var rect = cover.getBoundingClientRect(); if (!rect.width || !rect.height) return reset(); pendingX = clamp(((event.clientX - rect.left) / rect.width) * 2 - 1); pendingY = clamp(((event.clientY - rect.top) / rec…						Keep the pointer/scroll/sensor/requestAnimationFrame driver event-based; convert only its visual CSS easing or release duration.
ALL	Shared linked asset	https://kieransimkin.co.uk/wp-content/plugins/kieran-epk-device-orientation/assets/clay-stars-effects.js?ver=2.1.0	page-dependent	dance-moves-plugin	https://kieransimkin.co.uk/wp-content/plugins/kieran-epk-device-orientation/assets/clay-stars-effects.js?ver=2.1.0	js	requestAnimationFrame		pendingX = clamp(((event.clientX - rect.left) / rect.width) * 2 - 1); pendingY = clamp(((event.clientY - rect.top) / rect.height) * 2 - 1); if (!frame) frame = window.requestAnimationFrame(flush); }; cover.addEventListener("pointermove", move, { passive: true }); cover.addEventListener("pointerleave", reset, { passive: true }); document.addEventListener("visibilitychange", function () { if (document.hidden) reset(); }, { passive: true }); window.addEventListener("orientationchange", reset, { passive: true }); redu…						Keep the pointer/scroll/sensor/requestAnimationFrame driver event-based; convert only its visual CSS easing or release duration.
ALL	Shared linked asset	https://kieransimkin.co.uk/wp-content/plugins/kieran-epk-device-orientation/assets/clay-stars-effects.js?ver=2.1.0	page-dependent	dance-moves-plugin	https://kieransimkin.co.uk/wp-content/plugins/kieran-epk-device-orientation/assets/clay-stars-effects.js?ver=2.1.0	js	addEventListener("pointer		t.left) / rect.width) * 2 - 1); pendingY = clamp(((event.clientY - rect.top) / rect.height) * 2 - 1); if (!frame) frame = window.requestAnimationFrame(flush); }; cover.addEventListener("pointermove", move, { passive: true }); cover.addEventListener("pointerleave", reset, { passive: true }); document.addEventListener("visibilitychange", function () { if (document.hidden) reset(); }, { passive: true }); window.addEventListener("orientationchange", reset, { passive: true }); reduce.addEventListener && reduce.addEvent…						Keep the pointer/scroll/sensor/requestAnimationFrame driver event-based; convert only its visual CSS easing or release duration.
ALL	Shared linked asset	https://kieransimkin.co.uk/wp-content/plugins/kieran-epk-device-orientation/assets/clay-stars-effects.js?ver=2.1.0	page-dependent	dance-moves-plugin	https://kieransimkin.co.uk/wp-content/plugins/kieran-epk-device-orientation/assets/clay-stars-effects.js?ver=2.1.0	js	addEventListener("pointer		tY - rect.top) / rect.height) * 2 - 1); if (!frame) frame = window.requestAnimationFrame(flush); }; cover.addEventListener("pointermove", move, { passive: true }); cover.addEventListener("pointerleave", reset, { passive: true }); document.addEventListener("visibilitychange", function () { if (document.hidden) reset(); }, { passive: true }); window.addEventListener("orientationchange", reset, { passive: true }); reduce.addEventListener && reduce.addEventListener("change", reset); finePointer.addEventListener && fin…						Keep the pointer/scroll/sensor/requestAnimationFrame driver event-based; convert only its visual CSS easing or release duration.
ALL	Shared linked asset	https://kieransimkin.co.uk/wp-content/plugins/kieran-epk-device-orientation/assets/clay-stars-effects.js?ver=2.1.0	page-dependent	dance-moves-plugin	https://kieransimkin.co.uk/wp-content/plugins/kieran-epk-device-orientation/assets/clay-stars-effects.js?ver=2.1.0	js	cancelAnimationFrame		es = new WeakMap(); var releaseSnapshots = new WeakMap(); var stopParticleSampling = function (control) { var frameId = releaseFrames.get(control); if (frameId) window.cancelAnimationFrame(frameId); releaseFrames.delete(control); }; var sampleParticleOrbit = function (control) { var orbit = window.getComputedStyle(control, "::after"); var opacity = Number(orbit.opacity); if (Number.isFinite(opacity) && opacity >= .02) { releaseSnapshots.set(control, { opacity: opacity, transform: orbit.transform === "none" ? "rota…						Keep the pointer/scroll/sensor/requestAnimationFrame driver event-based; convert only its visual CSS easing or release duration.
ALL	Shared linked asset	https://kieransimkin.co.uk/wp-content/plugins/kieran-epk-device-orientation/assets/clay-stars-effects.js?ver=2.1.0	page-dependent	dance-moves-plugin	https://kieransimkin.co.uk/wp-content/plugins/kieran-epk-device-orientation/assets/clay-stars-effects.js?ver=2.1.0	js	requestAnimationFrame		var tick = function () { sampleParticleOrbit(control); if (control.matches(":hover") || document.activeElement === control) { releaseFrames.set(control, window.requestAnimationFrame(tick)); } else { releaseFrames.delete(control); } }; releaseFrames.set(control, window.requestAnimationFrame(tick)); }; var clearParticleRelease = function (control) { var timer = releaseTimers.get(control); if (timer) window.clearTimeout(timer); releaseTimers.delete(control); control.classList.remove("ks-particle-release"); control.st…						Keep the pointer/scroll/sensor/requestAnimationFrame driver event-based; convert only its visual CSS easing or release duration.
ALL	Shared linked asset	https://kieransimkin.co.uk/wp-content/plugins/kieran-epk-device-orientation/assets/clay-stars-effects.js?ver=2.1.0	page-dependent	dance-moves-plugin	https://kieransimkin.co.uk/wp-content/plugins/kieran-epk-device-orientation/assets/clay-stars-effects.js?ver=2.1.0	js	requestAnimationFrame		releaseFrames.set(control, window.requestAnimationFrame(tick)); } else { releaseFrames.delete(control); } }; releaseFrames.set(control, window.requestAnimationFrame(tick)); }; var clearParticleRelease = function (control) { var timer = releaseTimers.get(control); if (timer) window.clearTimeout(timer); releaseTimers.delete(control); control.classList.remove("ks-particle-release"); control.style.removeProperty("--ks-orbit-release-opacity"); control.style.removeProperty("--ks-orbit-release-transform"); control.style.…						Keep the pointer/scroll/sensor/requestAnimationFrame driver event-based; convert only its visual CSS easing or release duration.
ALL	Shared linked asset	https://kieransimkin.co.uk/wp-content/plugins/kieran-epk-device-orientation/assets/clay-stars-effects.js?ver=2.1.0	page-dependent	dance-moves-plugin	https://kieransimkin.co.uk/wp-content/plugins/kieran-epk-device-orientation/assets/clay-stars-effects.js?ver=2.1.0	js	setTimeout		s-particle-release"); releaseSnapshots.delete(control); var releaseDuration = motion ? motion.durationMilliseconds(32) : 1034.482759; releaseTimers.set(control, window.setTimeout(function () { clearParticleRelease(control); }, releaseDuration)); }; particleControls.forEach(function (control) { control.addEventListener("pointerenter", function () { clearParticleRelease(control); releaseSnapshots.delete(control); startParticleSampling(control); }, { passive: true }); control.addEventListener("pointerleave", function…						Already uses DanceMoves timing; verify animation scope registration and cue reset behavior.
ALL	Shared linked asset	https://kieransimkin.co.uk/wp-content/plugins/kieran-epk-device-orientation/assets/clay-stars-effects.js?ver=2.1.0	page-dependent	dance-moves-plugin	https://kieransimkin.co.uk/wp-content/plugins/kieran-epk-device-orientation/assets/clay-stars-effects.js?ver=2.1.0	js	addEventListener("pointer		releaseTimers.set(control, window.setTimeout(function () { clearParticleRelease(control); }, releaseDuration)); }; particleControls.forEach(function (control) { control.addEventListener("pointerenter", function () { clearParticleRelease(control); releaseSnapshots.delete(control); startParticleSampling(control); }, { passive: true }); control.addEventListener("pointerleave", function () { beginParticleRelease(control); }, { passive: true }); control.addEventListener("focus", function () { clearParticleRelease(contr…						Keep the pointer/scroll/sensor/requestAnimationFrame driver event-based; convert only its visual CSS easing or release duration.
ALL	Shared linked asset	https://kieransimkin.co.uk/wp-content/plugins/kieran-epk-device-orientation/assets/clay-stars-effects.js?ver=2.1.0	page-dependent	dance-moves-plugin	https://kieransimkin.co.uk/wp-content/plugins/kieran-epk-device-orientation/assets/clay-stars-effects.js?ver=2.1.0	js	addEventListener("pointer		.addEventListener("pointerenter", function () { clearParticleRelease(control); releaseSnapshots.delete(control); startParticleSampling(control); }, { passive: true }); control.addEventListener("pointerleave", function () { beginParticleRelease(control); }, { passive: true }); control.addEventListener("focus", function () { clearParticleRelease(control); releaseSnapshots.delete(control); startParticleSampling(control); }, { passive: true }); control.addEventListener("blur", function () { if (!control.matches(":hove…						Keep the pointer/scroll/sensor/requestAnimationFrame driver event-based; convert only its visual CSS easing or release duration.
ALL	Shared linked asset	https://kieransimkin.co.uk/wp-content/plugins/kieran-epk-device-orientation/assets/clay-stars-effects.js?ver=2.1.0	page-dependent	dance-moves-plugin	https://kieransimkin.co.uk/wp-content/plugins/kieran-epk-device-orientation/assets/clay-stars-effects.js?ver=2.1.0	js	onCue		, ".ks-warm-bloom", ".ks-lens-flare", ".ks-specular-sweep", ".epk-button", ".epk-download", ".ks-clay-stars-chapters button" ]); motion.onCue("*", function (detail) { root.dataset.danceMovesCue = detail.normalisedName.toLowerCase().replace(/\s+/g, "-"); root.dataset.danceMovesCueType = detail.normalisedType.toLowerCase().replace(/\s+/g, "-"); }); } }());						Already uses DanceMoves timing; verify animation scope registration and cue reset behavior.
